query	reference	jaccard_similarity_ie
fBrain-DS14718.hotspot.twopass.fdr0.05.merge.bed	fBrain-DS14718.hotspot.twopass.fdr0.05.merge.bed	1
fBrain-DS14718.hotspot.twopass.fdr0.05.merge.bed	fBrain-DS16302.hotspot.twopass.fdr0.05.merge.bed	0.35355079397859113
fBrain-DS14718.hotspot.twopass.fdr0.05.merge.bed	fHeart-DS15643.hotspot.twopass.fdr0.05.merge.bed	0.24045505190586478
fBrain-DS14718.hotspot.twopass.fdr0.05.merge.bed	fHeart-DS15839.hotspot.twopass.fdr0.05.merge.bed	0.22166417404705699
fBrain-DS14718.hotspot.twopass.fdr0.05.merge.bed	fHeart-DS16621.hotspot.twopass.fdr0.05.merge.bed	0.22821638350556567
fBrain-DS14718.hotspot.twopass.fdr0.05.merge.bed	fIntestine_Sm-DS16559.hotspot.twopass.fdr0.05.merge.bed	0.21059059777861902
fBrain-DS14718.hotspot.twopass.fdr0.05.merge.bed	fIntestine_Sm-DS16712.hg19.hotspot.twopass.fdr0.05.merge.bed	0.20485946956054432
fBrain-DS14718.hotspot.twopass.fdr0.05.merge.bed	fIntestine_Sm-DS16822.hotspot.twopass.fdr0.05.merge.bed	0.20210952818907851
fBrain-DS14718.hotspot.twopass.fdr0.05.merge.bed	fIntestine_Sm-DS17808.hg19.hotspot.twopass.fdr0.05.merge.bed	0.21403200038409165
fBrain-DS14718.hotspot.twopass.fdr0.05.merge.bed	fIntestine_Sm-DS18495.hg19.hotspot.twopass.fdr0.05.merge.bed	0.19227667099066259
fBrain-DS14718.hotspot.twopass.fdr0.05.merge.bed	fKidney_renal_cortex_L-DS17550.hg19.hotspot.twopass.fdr0.05.merge.bed	0.26271578189411765
fBrain-DS14718.hotspot.twopass.fdr0.05.merge.bed	fLung_L-DS17154.hg19.hotspot.twopass.fdr0.05.merge.bed	0.25383396928291591
fBrain-DS14718.hotspot.twopass.fdr0.05.merge.bed	fLung_L-DS18421.hg19.hotspot.twopass.fdr0.05.merge.bed	0.25491270800113047
fBrain-DS14718.hotspot.twopass.fdr0.05.merge.bed	fLung_R-DS15632.hotspot.twopass.fdr0.05.merge.bed	0.26078947318306589
fBrain-DS14718.hotspot.twopass.fdr0.05.merge.bed	fMuscle_arm-DS19053.hg19.hotspot.twopass.fdr0.05.merge.bed	0.26542350423795036
fBrain-DS14718.hotspot.twopass.fdr0.05.merge.bed	fMuscle_back-DS18454.hg19.hotspot.twopass.fdr0.05.merge.bed	0.266034780452648
fBrain-DS14718.hotspot.twopass.fdr0.05.merge.bed	fMuscle_leg-DS19115.hg19.hotspot.twopass.fdr0.05.merge.bed	0.26834773032681147
fBrain-DS14718.hotspot.twopass.fdr0.05.merge.bed	fMuscle_leg-DS19158.hg19.hotspot.twopass.fdr0.05.merge.bed	0.24422754267011035
fBrain-DS14718.hotspot.twopass.fdr0.05.merge.bed	fSkin_fibro_bicep_R-DS19745.hg19.hotspot.twopass.fdr0.05.merge.bed	0.15647631002704152
fBrain-DS14718.hotspot.twopass.fdr0.05.merge.bed	fStomach-DS17659.hg19.hotspot.twopass.fdr0.05.merge.bed	0.25155431012330953
fBrain-DS16302.hotspot.twopass.fdr0.05.merge.bed	fBrain-DS14718.hotspot.twopass.fdr0.05.merge.bed	0.35355079397859113
fBrain-DS16302.hotspot.twopass.fdr0.05.merge.bed	fBrain-DS16302.hotspot.twopass.fdr0.05.merge.bed	1
fBrain-DS16302.hotspot.twopass.fdr0.05.merge.bed	fHeart-DS15643.hotspot.twopass.fdr0.05.merge.bed	0.23094059746785481
fBrain-DS16302.hotspot.twopass.fdr0.05.merge.bed	fHeart-DS15839.hotspot.twopass.fdr0.05.merge.bed	0.2072870250870546
fBrain-DS16302.hotspot.twopass.fdr0.05.merge.bed	fHeart-DS16621.hotspot.twopass.fdr0.05.merge.bed	0.22689369855783362
fBrain-DS16302.hotspot.twopass.fdr0.05.merge.bed	fIntestine_Sm-DS16559.hotspot.twopass.fdr0.05.merge.bed	0.19533182780328667
fBrain-DS16302.hotspot.twopass.fdr0.05.merge.bed	fIntestine_Sm-DS16712.hg19.hotspot.twopass.fdr0.05.merge.bed	0.17844090839194099
fBrain-DS16302.hotspot.twopass.fdr0.05.merge.bed	fIntestine_Sm-DS16822.hotspot.twopass.fdr0.05.merge.bed	0.18193152428518791
fBrain-DS16302.hotspot.twopass.fdr0.05.merge.bed	fIntestine_Sm-DS17808.hg19.hotspot.twopass.fdr0.05.merge.bed	0.19111886376013704
fBrain-DS16302.hotspot.twopass.fdr0.05.merge.bed	fIntestine_Sm-DS18495.hg19.hotspot.twopass.fdr0.05.merge.bed	0.17403693537368387
fBrain-DS16302.hotspot.twopass.fdr0.05.merge.bed	fKidney_renal_cortex_L-DS17550.hg19.hotspot.twopass.fdr0.05.merge.bed	0.23927635351837712
fBrain-DS16302.hotspot.twopass.fdr0.05.merge.bed	fLung_L-DS17154.hg19.hotspot.twopass.fdr0.05.merge.bed	0.25822796548834731
fBrain-DS16302.hotspot.twopass.fdr0.05.merge.bed	fLung_L-DS18421.hg19.hotspot.twopass.fdr0.05.merge.bed	0.25145287098993702
fBrain-DS16302.hotspot.twopass.fdr0.05.merge.bed	fLung_R-DS15632.hotspot.twopass.fdr0.05.merge.bed	0.25915226317749085
fBrain-DS16302.hotspot.twopass.fdr0.05.merge.bed	fMuscle_arm-DS19053.hg19.hotspot.twopass.fdr0.05.merge.bed	0.25378651565698718
fBrain-DS16302.hotspot.twopass.fdr0.05.merge.bed	fMuscle_back-DS18454.hg19.hotspot.twopass.fdr0.05.merge.bed	0.24705593336466633
fBrain-DS16302.hotspot.twopass.fdr0.05.merge.bed	fMuscle_leg-DS19115.hg19.hotspot.twopass.fdr0.05.merge.bed	0.24861954368290204
fBrain-DS16302.hotspot.twopass.fdr0.05.merge.bed	fMuscle_leg-DS19158.hg19.hotspot.twopass.fdr0.05.merge.bed	0.24340608327586388
fBrain-DS16302.hotspot.twopass.fdr0.05.merge.bed	fSkin_fibro_bicep_R-DS19745.hg19.hotspot.twopass.fdr0.05.merge.bed	0.13659993227569417
fBrain-DS16302.hotspot.twopass.fdr0.05.merge.bed	fStomach-DS17659.hg19.hotspot.twopass.fdr0.05.merge.bed	0.21777949726909371
fHeart-DS15643.hotspot.twopass.fdr0.05.merge.bed	fBrain-DS14718.hotspot.twopass.fdr0.05.merge.bed	0.24045505190586478
fHeart-DS15643.hotspot.twopass.fdr0.05.merge.bed	fBrain-DS16302.hotspot.twopass.fdr0.05.merge.bed	0.23094059746785481
fHeart-DS15643.hotspot.twopass.fdr0.05.merge.bed	fHeart-DS15643.hotspot.twopass.fdr0.05.merge.bed	1
fHeart-DS15643.hotspot.twopass.fdr0.05.merge.bed	fHeart-DS15839.hotspot.twopass.fdr0.05.merge.bed	0.50035828748537714
fHeart-DS15643.hotspot.twopass.fdr0.05.merge.bed	fHeart-DS16621.hotspot.twopass.fdr0.05.merge.bed	0.61199285213775823
fHeart-DS15643.hotspot.twopass.fdr0.05.merge.bed	fIntestine_Sm-DS16559.hotspot.twopass.fdr0.05.merge.bed	0.27713378715489756
fHeart-DS15643.hotspot.twopass.fdr0.05.merge.bed	fIntestine_Sm-DS16712.hg19.hotspot.twopass.fdr0.05.merge.bed	0.25479974848315279
fHeart-DS15643.hotspot.twopass.fdr0.05.merge.bed	fIntestine_Sm-DS16822.hotspot.twopass.fdr0.05.merge.bed	0.26147260850117399
fHeart-DS15643.hotspot.twopass.fdr0.05.merge.bed	fIntestine_Sm-DS17808.hg19.hotspot.twopass.fdr0.05.merge.bed	0.28060147994353007
fHeart-DS15643.hotspot.twopass.fdr0.05.merge.bed	fIntestine_Sm-DS18495.hg19.hotspot.twopass.fdr0.05.merge.bed	0.24779156176105452
fHeart-DS15643.hotspot.twopass.fdr0.05.merge.bed	fKidney_renal_cortex_L-DS17550.hg19.hotspot.twopass.fdr0.05.merge.bed	0.30528921299500178
fHeart-DS15643.hotspot.twopass.fdr0.05.merge.bed	fLung_L-DS17154.hg19.hotspot.twopass.fdr0.05.merge.bed	0.32189393759794571
fHeart-DS15643.hotspot.twopass.fdr0.05.merge.bed	fLung_L-DS18421.hg19.hotspot.twopass.fdr0.05.merge.bed	0.32196342147084528
fHeart-DS15643.hotspot.twopass.fdr0.05.merge.bed	fLung_R-DS15632.hotspot.twopass.fdr0.05.merge.bed	0.32533564945144583
fHeart-DS15643.hotspot.twopass.fdr0.05.merge.bed	fMuscle_arm-DS19053.hg19.hotspot.twopass.fdr0.05.merge.bed	0.32156258140297345
fHeart-DS15643.hotspot.twopass.fdr0.05.merge.bed	fMuscle_back-DS18454.hg19.hotspot.twopass.fdr0.05.merge.bed	0.32860360738646088
fHeart-DS15643.hotspot.twopass.fdr0.05.merge.bed	fMuscle_leg-DS19115.hg19.hotspot.twopass.fdr0.05.merge.bed	0.32163167569901741
fHeart-DS15643.hotspot.twopass.fdr0.05.merge.bed	fMuscle_leg-DS19158.hg19.hotspot.twopass.fdr0.05.merge.bed	0.29739153850338224
fHeart-DS15643.hotspot.twopass.fdr0.05.merge.bed	fSkin_fibro_bicep_R-DS19745.hg19.hotspot.twopass.fdr0.05.merge.bed	0.185402964656564
fHeart-DS15643.hotspot.twopass.fdr0.05.merge.bed	fStomach-DS17659.hg19.hotspot.twopass.fdr0.05.merge.bed	0.29670971969662036
fHeart-DS15839.hotspot.twopass.fdr0.05.merge.bed	fBrain-DS14718.hotspot.twopass.fdr0.05.merge.bed	0.22166417404705699
fHeart-DS15839.hotspot.twopass.fdr0.05.merge.bed	fBrain-DS16302.hotspot.twopass.fdr0.05.merge.bed	0.2072870250870546
fHeart-DS15839.hotspot.twopass.fdr0.05.merge.bed	fHeart-DS15643.hotspot.twopass.fdr0.05.merge.bed	0.50035828748537714
fHeart-DS15839.hotspot.twopass.fdr0.05.merge.bed	fHeart-DS15839.hotspot.twopass.fdr0.05.merge.bed	1
fHeart-DS15839.hotspot.twopass.fdr0.05.merge.bed	fHeart-DS16621.hotspot.twopass.fdr0.05.merge.bed	0.50483293051340816
fHeart-DS15839.hotspot.twopass.fdr0.05.merge.bed	fIntestine_Sm-DS16559.hotspot.twopass.fdr0.05.merge.bed	0.25466955637119959
fHeart-DS15839.hotspot.twopass.fdr0.05.merge.bed	fIntestine_Sm-DS16712.hg19.hotspot.twopass.fdr0.05.merge.bed	0.23439227988821679
fHeart-DS15839.hotspot.twopass.fdr0.05.merge.bed	fIntestine_Sm-DS16822.hotspot.twopass.fdr0.05.merge.bed	0.23814786814860633
fHeart-DS15839.hotspot.twopass.fdr0.05.merge.bed	fIntestine_Sm-DS17808.hg19.hotspot.twopass.fdr0.05.merge.bed	0.26215214910639961
fHeart-DS15839.hotspot.twopass.fdr0.05.merge.bed	fIntestine_Sm-DS18495.hg19.hotspot.twopass.fdr0.05.merge.bed	0.21993102268429565
fHeart-DS15839.hotspot.twopass.fdr0.05.merge.bed	fKidney_renal_cortex_L-DS17550.hg19.hotspot.twopass.fdr0.05.merge.bed	0.27555274800631707
fHeart-DS15839.hotspot.twopass.fdr0.05.merge.bed	fLung_L-DS17154.hg19.hotspot.twopass.fdr0.05.merge.bed	0.28857417271676394
fHeart-DS15839.hotspot.twopass.fdr0.05.merge.bed	fLung_L-DS18421.hg19.hotspot.twopass.fdr0.05.merge.bed	0.28334513642353359
fHeart-DS15839.hotspot.twopass.fdr0.05.merge.bed	fLung_R-DS15632.hotspot.twopass.fdr0.05.merge.bed	0.27914449183193007
fHeart-DS15839.hotspot.twopass.fdr0.05.merge.bed	fMuscle_arm-DS19053.hg19.hotspot.twopass.fdr0.05.merge.bed	0.27280627589069512
fHeart-DS15839.hotspot.twopass.fdr0.05.merge.bed	fMuscle_back-DS18454.hg19.hotspot.twopass.fdr0.05.merge.bed	0.27196706292307249
fHeart-DS15839.hotspot.twopass.fdr0.05.merge.bed	fMuscle_leg-DS19115.hg19.hotspot.twopass.fdr0.05.merge.bed	0.26536827169955413
fHeart-DS15839.hotspot.twopass.fdr0.05.merge.bed	fMuscle_leg-DS19158.hg19.hotspot.twopass.fdr0.05.merge.bed	0.2473120461950285
fHeart-DS15839.hotspot.twopass.fdr0.05.merge.bed	fSkin_fibro_bicep_R-DS19745.hg19.hotspot.twopass.fdr0.05.merge.bed	0.15404082328869478
fHeart-DS15839.hotspot.twopass.fdr0.05.merge.bed	fStomach-DS17659.hg19.hotspot.twopass.fdr0.05.merge.bed	0.24822787462382559
fHeart-DS16621.hotspot.twopass.fdr0.05.merge.bed	fBrain-DS14718.hotspot.twopass.fdr0.05.merge.bed	0.22821638350556567
fHeart-DS16621.hotspot.twopass.fdr0.05.merge.bed	fBrain-DS16302.hotspot.twopass.fdr0.05.merge.bed	0.22689369855783362
fHeart-DS16621.hotspot.twopass.fdr0.05.merge.bed	fHeart-DS15643.hotspot.twopass.fdr0.05.merge.bed	0.61199285213775823
fHeart-DS16621.hotspot.twopass.fdr0.05.merge.bed	fHeart-DS15839.hotspot.twopass.fdr0.05.merge.bed	0.50483293051340816
fHeart-DS16621.hotspot.twopass.fdr0.05.merge.bed	fHeart-DS16621.hotspot.twopass.fdr0.05.merge.bed	1
fHeart-DS16621.hotspot.twopass.fdr0.05.merge.bed	fIntestine_Sm-DS16559.hotspot.twopass.fdr0.05.merge.bed	0.26967208820783534
fHeart-DS16621.hotspot.twopass.fdr0.05.merge.bed	fIntestine_Sm-DS16712.hg19.hotspot.twopass.fdr0.05.merge.bed	0.22848060222638467
fHeart-DS16621.hotspot.twopass.fdr0.05.merge.bed	fIntestine_Sm-DS16822.hotspot.twopass.fdr0.05.merge.bed	0.2495118889311167
fHeart-DS16621.hotspot.twopass.fdr0.05.merge.bed	fIntestine_Sm-DS17808.hg19.hotspot.twopass.fdr0.05.merge.bed	0.26268777952126299
fHeart-DS16621.hotspot.twopass.fdr0.05.merge.bed	fIntestine_Sm-DS18495.hg19.hotspot.twopass.fdr0.05.merge.bed	0.23592971240966984
fHeart-DS16621.hotspot.twopass.fdr0.05.merge.bed	fKidney_renal_cortex_L-DS17550.hg19.hotspot.twopass.fdr0.05.merge.bed	0.29873515431722319
fHeart-DS16621.hotspot.twopass.fdr0.05.merge.bed	fLung_L-DS17154.hg19.hotspot.twopass.fdr0.05.merge.bed	0.3201844943877295
fHeart-DS16621.hotspot.twopass.fdr0.05.merge.bed	fLung_L-DS18421.hg19.hotspot.twopass.fdr0.05.merge.bed	0.31702234603053758
fHeart-DS16621.hotspot.twopass.fdr0.05.merge.bed	fLung_R-DS15632.hotspot.twopass.fdr0.05.merge.bed	0.30851824588907306
fHeart-DS16621.hotspot.twopass.fdr0.05.merge.bed	fMuscle_arm-DS19053.hg19.hotspot.twopass.fdr0.05.merge.bed	0.30531898595874102
fHeart-DS16621.hotspot.twopass.fdr0.05.merge.bed	fMuscle_back-DS18454.hg19.hotspot.twopass.fdr0.05.merge.bed	0.30997474798013974
fHeart-DS16621.hotspot.twopass.fdr0.05.merge.bed	fMuscle_leg-DS19115.hg19.hotspot.twopass.fdr0.05.merge.bed	0.30139371721366293
fHeart-DS16621.hotspot.twopass.fdr0.05.merge.bed	fMuscle_leg-DS19158.hg19.hotspot.twopass.fdr0.05.merge.bed	0.2911673090520891
fHeart-DS16621.hotspot.twopass.fdr0.05.merge.bed	fSkin_fibro_bicep_R-DS19745.hg19.hotspot.twopass.fdr0.05.merge.bed	0.17235492723136381
fHeart-DS16621.hotspot.twopass.fdr0.05.merge.bed	fStomach-DS17659.hg19.hotspot.twopass.fdr0.05.merge.bed	0.26830056463698626
fIntestine_Sm-DS16559.hotspot.twopass.fdr0.05.merge.bed	fBrain-DS14718.hotspot.twopass.fdr0.05.merge.bed	0.21059059777861902
fIntestine_Sm-DS16559.hotspot.twopass.fdr0.05.merge.bed	fBrain-DS16302.hotspot.twopass.fdr0.05.merge.bed	0.19533182780328667
fIntestine_Sm-DS16559.hotspot.twopass.fdr0.05.merge.bed	fHeart-DS15643.hotspot.twopass.fdr0.05.merge.bed	0.27713378715489756
fIntestine_Sm-DS16559.hotspot.twopass.fdr0.05.merge.bed	fHeart-DS15839.hotspot.twopass.fdr0.05.merge.bed	0.25466955637119959
fIntestine_Sm-DS16559.hotspot.twopass.fdr0.05.merge.bed	fHeart-DS16621.hotspot.twopass.fdr0.05.merge.bed	0.26967208820783534
fIntestine_Sm-DS16559.hotspot.twopass.fdr0.05.merge.bed	fIntestine_Sm-DS16559.hotspot.twopass.fdr0.05.merge.bed	1
fIntestine_Sm-DS16559.hotspot.twopass.fdr0.05.merge.bed	fIntestine_Sm-DS16712.hg19.hotspot.twopass.fdr0.05.merge.bed	0.45246522454331672
fIntestine_Sm-DS16559.hotspot.twopass.fdr0.05.merge.bed	fIntestine_Sm-DS16822.hotspot.twopass.fdr0.05.merge.bed	0.60759588211622173
fIntestine_Sm-DS16559.hotspot.twopass.fdr0.05.merge.bed	fIntestine_Sm-DS17808.hg19.hotspot.twopass.fdr0.05.merge.bed	0.57532898437550384
fIntestine_Sm-DS16559.hotspot.twopass.fdr0.05.merge.bed	fIntestine_Sm-DS18495.hg19.hotspot.twopass.fdr0.05.merge.bed	0.55389804107783236
fIntestine_Sm-DS16559.hotspot.twopass.fdr0.05.merge.bed	fKidney_renal_cortex_L-DS17550.hg19.hotspot.twopass.fdr0.05.merge.bed	0.31312782241277282
fIntestine_Sm-DS16559.hotspot.twopass.fdr0.05.merge.bed	fLung_L-DS17154.hg19.hotspot.twopass.fdr0.05.merge.bed	0.31213723264748083
fIntestine_Sm-DS16559.hotspot.twopass.fdr0.05.merge.bed	fLung_L-DS18421.hg19.hotspot.twopass.fdr0.05.merge.bed	0.32577901806152471
fIntestine_Sm-DS16559.hotspot.twopass.fdr0.05.merge.bed	fLung_R-DS15632.hotspot.twopass.fdr0.05.merge.bed	0.30855084648029879
fIntestine_Sm-DS16559.hotspot.twopass.fdr0.05.merge.bed	fMuscle_arm-DS19053.hg19.hotspot.twopass.fdr0.05.merge.bed	0.27807948017667161
fIntestine_Sm-DS16559.hotspot.twopass.fdr0.05.merge.bed	fMuscle_back-DS18454.hg19.hotspot.twopass.fdr0.05.merge.bed	0.27762005726830163
fIntestine_Sm-DS16559.hotspot.twopass.fdr0.05.merge.bed	fMuscle_leg-DS19115.hg19.hotspot.twopass.fdr0.05.merge.bed	0.274517916349027
fIntestine_Sm-DS16559.hotspot.twopass.fdr0.05.merge.bed	fMuscle_leg-DS19158.hg19.hotspot.twopass.fdr0.05.merge.bed	0.26286637732501161
fIntestine_Sm-DS16559.hotspot.twopass.fdr0.05.merge.bed	fSkin_fibro_bicep_R-DS19745.hg19.hotspot.twopass.fdr0.05.merge.bed	0.17633238575622154
fIntestine_Sm-DS16559.hotspot.twopass.fdr0.05.merge.bed	fStomach-DS17659.hg19.hotspot.twopass.fdr0.05.merge.bed	0.34609270478369103
fIntestine_Sm-DS16712.hg19.hotspot.twopass.fdr0.05.merge.bed	fBrain-DS14718.hotspot.twopass.fdr0.05.merge.bed	0.20485946956054432
fIntestine_Sm-DS16712.hg19.hotspot.twopass.fdr0.05.merge.bed	fBrain-DS16302.hotspot.twopass.fdr0.05.merge.bed	0.17844090839194099
fIntestine_Sm-DS16712.hg19.hotspot.twopass.fdr0.05.merge.bed	fHeart-DS15643.hotspot.twopass.fdr0.05.merge.bed	0.25479974848315279
fIntestine_Sm-DS16712.hg19.hotspot.twopass.fdr0.05.merge.bed	fHeart-DS15839.hotspot.twopass.fdr0.05.merge.bed	0.23439227988821679
fIntestine_Sm-DS16712.hg19.hotspot.twopass.fdr0.05.merge.bed	fHeart-DS16621.hotspot.twopass.fdr0.05.merge.bed	0.22848060222638467
fIntestine_Sm-DS16712.hg19.hotspot.twopass.fdr0.05.merge.bed	fIntestine_Sm-DS16559.hotspot.twopass.fdr0.05.merge.bed	0.45246522454331672
fIntestine_Sm-DS16712.hg19.hotspot.twopass.fdr0.05.merge.bed	fIntestine_Sm-DS16712.hg19.hotspot.twopass.fdr0.05.merge.bed	1
fIntestine_Sm-DS16712.hg19.hotspot.twopass.fdr0.05.merge.bed	fIntestine_Sm-DS16822.hotspot.twopass.fdr0.05.merge.bed	0.4823423149889744
fIntestine_Sm-DS16712.hg19.hotspot.twopass.fdr0.05.merge.bed	fIntestine_Sm-DS17808.hg19.hotspot.twopass.fdr0.05.merge.bed	0.52374490333212775
fIntestine_Sm-DS16712.hg19.hotspot.twopass.fdr0.05.merge.bed	fIntestine_Sm-DS18495.hg19.hotspot.twopass.fdr0.05.merge.bed	0.48104839043173658
fIntestine_Sm-DS16712.hg19.hotspot.twopass.fdr0.05.merge.bed	fKidney_renal_cortex_L-DS17550.hg19.hotspot.twopass.fdr0.05.merge.bed	0.2698713913411272
fIntestine_Sm-DS16712.hg19.hotspot.twopass.fdr0.05.merge.bed	fLung_L-DS17154.hg19.hotspot.twopass.fdr0.05.merge.bed	0.24977910758667526
fIntestine_Sm-DS16712.hg19.hotspot.twopass.fdr0.05.merge.bed	fLung_L-DS18421.hg19.hotspot.twopass.fdr0.05.merge.bed	0.26911860578259877
fIntestine_Sm-DS16712.hg19.hotspot.twopass.fdr0.05.merge.bed	fLung_R-DS15632.hotspot.twopass.fdr0.05.merge.bed	0.27288725687231635
fIntestine_Sm-DS16712.hg19.hotspot.twopass.fdr0.05.merge.bed	fMuscle_arm-DS19053.hg19.hotspot.twopass.fdr0.05.merge.bed	0.24278598625954331
fIntestine_Sm-DS16712.hg19.hotspot.twopass.fdr0.05.merge.bed	fMuscle_back-DS18454.hg19.hotspot.twopass.fdr0.05.merge.bed	0.24304924108549794
fIntestine_Sm-DS16712.hg19.hotspot.twopass.fdr0.05.merge.bed	fMuscle_leg-DS19115.hg19.hotspot.twopass.fdr0.05.merge.bed	0.24100547138624093
fIntestine_Sm-DS16712.hg19.hotspot.twopass.fdr0.05.merge.bed	fMuscle_leg-DS19158.hg19.hotspot.twopass.fdr0.05.merge.bed	0.21043233088809893
fIntestine_Sm-DS16712.hg19.hotspot.twopass.fdr0.05.merge.bed	fSkin_fibro_bicep_R-DS19745.hg19.hotspot.twopass.fdr0.05.merge.bed	0.19125226025420383
fIntestine_Sm-DS16712.hg19.hotspot.twopass.fdr0.05.merge.bed	fStomach-DS17659.hg19.hotspot.twopass.fdr0.05.merge.bed	0.34458850469699298
fIntestine_Sm-DS16822.hotspot.twopass.fdr0.05.merge.bed	fBrain-DS14718.hotspot.twopass.fdr0.05.merge.bed	0.20210952818907851
fIntestine_Sm-DS16822.hotspot.twopass.fdr0.05.merge.bed	fBrain-DS16302.hotspot.twopass.fdr0.05.merge.bed	0.18193152428518791
fIntestine_Sm-DS16822.hotspot.twopass.fdr0.05.merge.bed	fHeart-DS15643.hotspot.twopass.fdr0.05.merge.bed	0.26147260850117399
fIntestine_Sm-DS16822.hotspot.twopass.fdr0.05.merge.bed	fHeart-DS15839.hotspot.twopass.fdr0.05.merge.bed	0.23814786814860633
fIntestine_Sm-DS16822.hotspot.twopass.fdr0.05.merge.bed	fHeart-DS16621.hotspot.twopass.fdr0.05.merge.bed	0.2495118889311167
fIntestine_Sm-DS16822.hotspot.twopass.fdr0.05.merge.bed	fIntestine_Sm-DS16559.hotspot.twopass.fdr0.05.merge.bed	0.60759588211622173
fIntestine_Sm-DS16822.hotspot.twopass.fdr0.05.merge.bed	fIntestine_Sm-DS16712.hg19.hotspot.twopass.fdr0.05.merge.bed	0.4823423149889744
fIntestine_Sm-DS16822.hotspot.twopass.fdr0.05.merge.bed	fIntestine_Sm-DS16822.hotspot.twopass.fdr0.05.merge.bed	1
fIntestine_Sm-DS16822.hotspot.twopass.fdr0.05.merge.bed	fIntestine_Sm-DS17808.hg19.hotspot.twopass.fdr0.05.merge.bed	0.59630224043610536
fIntestine_Sm-DS16822.hotspot.twopass.fdr0.05.merge.bed	fIntestine_Sm-DS18495.hg19.hotspot.twopass.fdr0.05.merge.bed	0.57036172728114165
fIntestine_Sm-DS16822.hotspot.twopass.fdr0.05.merge.bed	fKidney_renal_cortex_L-DS17550.hg19.hotspot.twopass.fdr0.05.merge.bed	0.29055678271290092
fIntestine_Sm-DS16822.hotspot.twopass.fdr0.05.merge.bed	fLung_L-DS17154.hg19.hotspot.twopass.fdr0.05.merge.bed	0.28382701251389125
fIntestine_Sm-DS16822.hotspot.twopass.fdr0.05.merge.bed	fLung_L-DS18421.hg19.hotspot.twopass.fdr0.05.merge.bed	0.29960862170994973
fIntestine_Sm-DS16822.hotspot.twopass.fdr0.05.merge.bed	fLung_R-DS15632.hotspot.twopass.fdr0.05.merge.bed	0.28693926892676025
fIntestine_Sm-DS16822.hotspot.twopass.fdr0.05.merge.bed	fMuscle_arm-DS19053.hg19.hotspot.twopass.fdr0.05.merge.bed	0.25573896323304962
fIntestine_Sm-DS16822.hotspot.twopass.fdr0.05.merge.bed	fMuscle_back-DS18454.hg19.hotspot.twopass.fdr0.05.merge.bed	0.25881602385255065
fIntestine_Sm-DS16822.hotspot.twopass.fdr0.05.merge.bed	fMuscle_leg-DS19115.hg19.hotspot.twopass.fdr0.05.merge.bed	0.25626758488749535
fIntestine_Sm-DS16822.hotspot.twopass.fdr0.05.merge.bed	fMuscle_leg-DS19158.hg19.hotspot.twopass.fdr0.05.merge.bed	0.2377056980004929
fIntestine_Sm-DS16822.hotspot.twopass.fdr0.05.merge.bed	fSkin_fibro_bicep_R-DS19745.hg19.hotspot.twopass.fdr0.05.merge.bed	0.18429861398973424
fIntestine_Sm-DS16822.hotspot.twopass.fdr0.05.merge.bed	fStomach-DS17659.hg19.hotspot.twopass.fdr0.05.merge.bed	0.35688361083969034
fIntestine_Sm-DS17808.hg19.hotspot.twopass.fdr0.05.merge.bed	fBrain-DS14718.hotspot.twopass.fdr0.05.merge.bed	0.21403200038409165
fIntestine_Sm-DS17808.hg19.hotspot.twopass.fdr0.05.merge.bed	fBrain-DS16302.hotspot.twopass.fdr0.05.merge.bed	0.19111886376013704
fIntestine_Sm-DS17808.hg19.hotspot.twopass.fdr0.05.merge.bed	fHeart-DS15643.hotspot.twopass.fdr0.05.merge.bed	0.28060147994353007
fIntestine_Sm-DS17808.hg19.hotspot.twopass.fdr0.05.merge.bed	fHeart-DS15839.hotspot.twopass.fdr0.05.merge.bed	0.26215214910639961
fIntestine_Sm-DS17808.hg19.hotspot.twopass.fdr0.05.merge.bed	fHeart-DS16621.hotspot.twopass.fdr0.05.merge.bed	0.26268777952126299
fIntestine_Sm-DS17808.hg19.hotspot.twopass.fdr0.05.merge.bed	fIntestine_Sm-DS16559.hotspot.twopass.fdr0.05.merge.bed	0.57532898437550384
fIntestine_Sm-DS17808.hg19.hotspot.twopass.fdr0.05.merge.bed	fIntestine_Sm-DS16712.hg19.hotspot.twopass.fdr0.05.merge.bed	0.52374490333212775
fIntestine_Sm-DS17808.hg19.hotspot.twopass.fdr0.05.merge.bed	fIntestine_Sm-DS16822.hotspot.twopass.fdr0.05.merge.bed	0.59630224043610536
fIntestine_Sm-DS17808.hg19.hotspot.twopass.fdr0.05.merge.bed	fIntestine_Sm-DS17808.hg19.hotspot.twopass.fdr0.05.merge.bed	1
fIntestine_Sm-DS17808.hg19.hotspot.twopass.fdr0.05.merge.bed	fIntestine_Sm-DS18495.hg19.hotspot.twopass.fdr0.05.merge.bed	0.53867049974397907
fIntestine_Sm-DS17808.hg19.hotspot.twopass.fdr0.05.merge.bed	fKidney_renal_cortex_L-DS17550.hg19.hotspot.twopass.fdr0.05.merge.bed	0.31154886410193777
fIntestine_Sm-DS17808.hg19.hotspot.twopass.fdr0.05.merge.bed	fLung_L-DS17154.hg19.hotspot.twopass.fdr0.05.merge.bed	0.30297339964278558
fIntestine_Sm-DS17808.hg19.hotspot.twopass.fdr0.05.merge.bed	fLung_L-DS18421.hg19.hotspot.twopass.fdr0.05.merge.bed	0.31445141673256299
fIntestine_Sm-DS17808.hg19.hotspot.twopass.fdr0.05.merge.bed	fLung_R-DS15632.hotspot.twopass.fdr0.05.merge.bed	0.30473005317807578
fIntestine_Sm-DS17808.hg19.hotspot.twopass.fdr0.05.merge.bed	fMuscle_arm-DS19053.hg19.hotspot.twopass.fdr0.05.merge.bed	0.27276264490878466
fIntestine_Sm-DS17808.hg19.hotspot.twopass.fdr0.05.merge.bed	fMuscle_back-DS18454.hg19.hotspot.twopass.fdr0.05.merge.bed	0.27467399988604968
fIntestine_Sm-DS17808.hg19.hotspot.twopass.fdr0.05.merge.bed	fMuscle_leg-DS19115.hg19.hotspot.twopass.fdr0.05.merge.bed	0.27166389318299194
fIntestine_Sm-DS17808.hg19.hotspot.twopass.fdr0.05.merge.bed	fMuscle_leg-DS19158.hg19.hotspot.twopass.fdr0.05.merge.bed	0.24714801037438855
fIntestine_Sm-DS17808.hg19.hotspot.twopass.fdr0.05.merge.bed	fSkin_fibro_bicep_R-DS19745.hg19.hotspot.twopass.fdr0.05.merge.bed	0.18586198887126407
fIntestine_Sm-DS17808.hg19.hotspot.twopass.fdr0.05.merge.bed	fStomach-DS17659.hg19.hotspot.twopass.fdr0.05.merge.bed	0.35939405877141206
fIntestine_Sm-DS18495.hg19.hotspot.twopass.fdr0.05.merge.bed	fBrain-DS14718.hotspot.twopass.fdr0.05.merge.bed	0.19227667099066259
fIntestine_Sm-DS18495.hg19.hotspot.twopass.fdr0.05.merge.bed	fBrain-DS16302.hotspot.twopass.fdr0.05.merge.bed	0.17403693537368387
fIntestine_Sm-DS18495.hg19.hotspot.twopass.fdr0.05.merge.bed	fHeart-DS15643.hotspot.twopass.fdr0.05.merge.bed	0.24779156176105452
fIntestine_Sm-DS18495.hg19.hotspot.twopass.fdr0.05.merge.bed	fHeart-DS15839.hotspot.twopass.fdr0.05.merge.bed	0.21993102268429565
fIntestine_Sm-DS18495.hg19.hotspot.twopass.fdr0.05.merge.bed	fHeart-DS16621.hotspot.twopass.fdr0.05.merge.bed	0.23592971240966984
fIntestine_Sm-DS18495.hg19.hotspot.twopass.fdr0.05.merge.bed	fIntestine_Sm-DS16559.hotspot.twopass.fdr0.05.merge.bed	0.55389804107783236
fIntestine_Sm-DS18495.hg19.hotspot.twopass.fdr0.05.merge.bed	fIntestine_Sm-DS16712.hg19.hotspot.twopass.fdr0.05.merge.bed	0.48104839043173658
fIntestine_Sm-DS18495.hg19.hotspot.twopass.fdr0.05.merge.bed	fIntestine_Sm-DS16822.hotspot.twopass.fdr0.05.merge.bed	0.57036172728114165
fIntestine_Sm-DS18495.hg19.hotspot.twopass.fdr0.05.merge.bed	fIntestine_Sm-DS17808.hg19.hotspot.twopass.fdr0.05.merge.bed	0.53867049974397907
fIntestine_Sm-DS18495.hg19.hotspot.twopass.fdr0.05.merge.bed	fIntestine_Sm-DS18495.hg19.hotspot.twopass.fdr0.05.merge.bed	1
fIntestine_Sm-DS18495.hg19.hotspot.twopass.fdr0.05.merge.bed	fKidney_renal_cortex_L-DS17550.hg19.hotspot.twopass.fdr0.05.merge.bed	0.27097345371734971
fIntestine_Sm-DS18495.hg19.hotspot.twopass.fdr0.05.merge.bed	fLung_L-DS17154.hg19.hotspot.twopass.fdr0.05.merge.bed	0.26149003151365396
fIntestine_Sm-DS18495.hg19.hotspot.twopass.fdr0.05.merge.bed	fLung_L-DS18421.hg19.hotspot.twopass.fdr0.05.merge.bed	0.27908972281436301
fIntestine_Sm-DS18495.hg19.hotspot.twopass.fdr0.05.merge.bed	fLung_R-DS15632.hotspot.twopass.fdr0.05.merge.bed	0.27349303970370653
fIntestine_Sm-DS18495.hg19.hotspot.twopass.fdr0.05.merge.bed	fMuscle_arm-DS19053.hg19.hotspot.twopass.fdr0.05.merge.bed	0.24712967802178443
fIntestine_Sm-DS18495.hg19.hotspot.twopass.fdr0.05.merge.bed	fMuscle_back-DS18454.hg19.hotspot.twopass.fdr0.05.merge.bed	0.24896347819982445
fIntestine_Sm-DS18495.hg19.hotspot.twopass.fdr0.05.merge.bed	fMuscle_leg-DS19115.hg19.hotspot.twopass.fdr0.05.merge.bed	0.24644403868811113
fIntestine_Sm-DS18495.hg19.hotspot.twopass.fdr0.05.merge.bed	fMuscle_leg-DS19158.hg19.hotspot.twopass.fdr0.05.merge.bed	0.22924722675085357
fIntestine_Sm-DS18495.hg19.hotspot.twopass.fdr0.05.merge.bed	fSkin_fibro_bicep_R-DS19745.hg19.hotspot.twopass.fdr0.05.merge.bed	0.18504535168663869
fIntestine_Sm-DS18495.hg19.hotspot.twopass.fdr0.05.merge.bed	fStomach-DS17659.hg19.hotspot.twopass.fdr0.05.merge.bed	0.33623245900579124
fKidney_renal_cortex_L-DS17550.hg19.hotspot.twopass.fdr0.05.merge.bed	fBrain-DS14718.hotspot.twopass.fdr0.05.merge.bed	0.26271578189411765
fKidney_renal_cortex_L-DS17550.hg19.hotspot.twopass.fdr0.05.merge.bed	fBrain-DS16302.hotspot.twopass.fdr0.05.merge.bed	0.23927635351837712
fKidney_renal_cortex_L-DS17550.hg19.hotspot.twopass.fdr0.05.merge.bed	fHeart-DS15643.hotspot.twopass.fdr0.05.merge.bed	0.30528921299500178
fKidney_renal_cortex_L-DS17550.hg19.hotspot.twopass.fdr0.05.merge.bed	fHeart-DS15839.hotspot.twopass.fdr0.05.merge.bed	0.27555274800631707
fKidney_renal_cortex_L-DS17550.hg19.hotspot.twopass.fdr0.05.merge.bed	fHeart-DS16621.hotspot.twopass.fdr0.05.merge.bed	0.29873515431722319
fKidney_renal_cortex_L-DS17550.hg19.hotspot.twopass.fdr0.05.merge.bed	fIntestine_Sm-DS16559.hotspot.twopass.fdr0.05.merge.bed	0.31312782241277282
fKidney_renal_cortex_L-DS17550.hg19.hotspot.twopass.fdr0.05.merge.bed	fIntestine_Sm-DS16712.hg19.hotspot.twopass.fdr0.05.merge.bed	0.2698713913411272
fKidney_renal_cortex_L-DS17550.hg19.hotspot.twopass.fdr0.05.merge.bed	fIntestine_Sm-DS16822.hotspot.twopass.fdr0.05.merge.bed	0.29055678271290092
fKidney_renal_cortex_L-DS17550.hg19.hotspot.twopass.fdr0.05.merge.bed	fIntestine_Sm-DS17808.hg19.hotspot.twopass.fdr0.05.merge.bed	0.31154886410193777
fKidney_renal_cortex_L-DS17550.hg19.hotspot.twopass.fdr0.05.merge.bed	fIntestine_Sm-DS18495.hg19.hotspot.twopass.fdr0.05.merge.bed	0.27097345371734971
fKidney_renal_cortex_L-DS17550.hg19.hotspot.twopass.fdr0.05.merge.bed	fKidney_renal_cortex_L-DS17550.hg19.hotspot.twopass.fdr0.05.merge.bed	1
fKidney_renal_cortex_L-DS17550.hg19.hotspot.twopass.fdr0.05.merge.bed	fLung_L-DS17154.hg19.hotspot.twopass.fdr0.05.merge.bed	0.38591823854230667
fKidney_renal_cortex_L-DS17550.hg19.hotspot.twopass.fdr0.05.merge.bed	fLung_L-DS18421.hg19.hotspot.twopass.fdr0.05.merge.bed	0.38252684243944424
fKidney_renal_cortex_L-DS17550.hg19.hotspot.twopass.fdr0.05.merge.bed	fLung_R-DS15632.hotspot.twopass.fdr0.05.merge.bed	0.36476532554900293
fKidney_renal_cortex_L-DS17550.hg19.hotspot.twopass.fdr0.05.merge.bed	fMuscle_arm-DS19053.hg19.hotspot.twopass.fdr0.05.merge.bed	0.33643737428671527
fKidney_renal_cortex_L-DS17550.hg19.hotspot.twopass.fdr0.05.merge.bed	fMuscle_back-DS18454.hg19.hotspot.twopass.fdr0.05.merge.bed	0.33213479478315361
fKidney_renal_cortex_L-DS17550.hg19.hotspot.twopass.fdr0.05.merge.bed	fMuscle_leg-DS19115.hg19.hotspot.twopass.fdr0.05.merge.bed	0.33258081138093637
fKidney_renal_cortex_L-DS17550.hg19.hotspot.twopass.fdr0.05.merge.bed	fMuscle_leg-DS19158.hg19.hotspot.twopass.fdr0.05.merge.bed	0.32195032510079452
fKidney_renal_cortex_L-DS17550.hg19.hotspot.twopass.fdr0.05.merge.bed	fSkin_fibro_bicep_R-DS19745.hg19.hotspot.twopass.fdr0.05.merge.bed	0.18127945214027988
fKidney_renal_cortex_L-DS17550.hg19.hotspot.twopass.fdr0.05.merge.bed	fStomach-DS17659.hg19.hotspot.twopass.fdr0.05.merge.bed	0.31501917215019326
fLung_L-DS17154.hg19.hotspot.twopass.fdr0.05.merge.bed	fBrain-DS14718.hotspot.twopass.fdr0.05.merge.bed	0.25383396928291591
fLung_L-DS17154.hg19.hotspot.twopass.fdr0.05.merge.bed	fBrain-DS16302.hotspot.twopass.fdr0.05.merge.bed	0.25822796548834731
fLung_L-DS17154.hg19.hotspot.twopass.fdr0.05.merge.bed	fHeart-DS15643.hotspot.twopass.fdr0.05.merge.bed	0.32189393759794571
fLung_L-DS17154.hg19.hotspot.twopass.fdr0.05.merge.bed	fHeart-DS15839.hotspot.twopass.fdr0.05.merge.bed	0.28857417271676394
fLung_L-DS17154.hg19.hotspot.twopass.fdr0.05.merge.bed	fHeart-DS16621.hotspot.twopass.fdr0.05.merge.bed	0.3201844943877295
fLung_L-DS17154.hg19.hotspot.twopass.fdr0.05.merge.bed	fIntestine_Sm-DS16559.hotspot.twopass.fdr0.05.merge.bed	0.31213723264748083
fLung_L-DS17154.hg19.hotspot.twopass.fdr0.05.merge.bed	fIntestine_Sm-DS16712.hg19.hotspot.twopass.fdr0.05.merge.bed	0.24977910758667526
fLung_L-DS17154.hg19.hotspot.twopass.fdr0.05.merge.bed	fIntestine_Sm-DS16822.hotspot.twopass.fdr0.05.merge.bed	0.28382701251389125
fLung_L-DS17154.hg19.hotspot.twopass.fdr0.05.merge.bed	fIntestine_Sm-DS17808.hg19.hotspot.twopass.fdr0.05.merge.bed	0.30297339964278558
fLung_L-DS17154.hg19.hotspot.twopass.fdr0.05.merge.bed	fIntestine_Sm-DS18495.hg19.hotspot.twopass.fdr0.05.merge.bed	0.26149003151365396
fLung_L-DS17154.hg19.hotspot.twopass.fdr0.05.merge.bed	fKidney_renal_cortex_L-DS17550.hg19.hotspot.twopass.fdr0.05.merge.bed	0.38591823854230667
fLung_L-DS17154.hg19.hotspot.twopass.fdr0.05.merge.bed	fLung_L-DS17154.hg19.hotspot.twopass.fdr0.05.merge.bed	1
fLung_L-DS17154.hg19.hotspot.twopass.fdr0.05.merge.bed	fLung_L-DS18421.hg19.hotspot.twopass.fdr0.05.merge.bed	0.62657089919236597
fLung_L-DS17154.hg19.hotspot.twopass.fdr0.05.merge.bed	fLung_R-DS15632.hotspot.twopass.fdr0.05.merge.bed	0.59314409428011494
fLung_L-DS17154.hg19.hotspot.twopass.fdr0.05.merge.bed	fMuscle_arm-DS19053.hg19.hotspot.twopass.fdr0.05.merge.bed	0.37714398641634506
fLung_L-DS17154.hg19.hotspot.twopass.fdr0.05.merge.bed	fMuscle_back-DS18454.hg19.hotspot.twopass.fdr0.05.merge.bed	0.36423352892398264
fLung_L-DS17154.hg19.hotspot.twopass.fdr0.05.merge.bed	fMuscle_leg-DS19115.hg19.hotspot.twopass.fdr0.05.merge.bed	0.3676053500557887
fLung_L-DS17154.hg19.hotspot.twopass.fdr0.05.merge.bed	fMuscle_leg-DS19158.hg19.hotspot.twopass.fdr0.05.merge.bed	0.37105804018800759
fLung_L-DS17154.hg19.hotspot.twopass.fdr0.05.merge.bed	fSkin_fibro_bicep_R-DS19745.hg19.hotspot.twopass.fdr0.05.merge.bed	0.18153744890624141
fLung_L-DS17154.hg19.hotspot.twopass.fdr0.05.merge.bed	fStomach-DS17659.hg19.hotspot.twopass.fdr0.05.merge.bed	0.33102829256696387
fLung_L-DS18421.hg19.hotspot.twopass.fdr0.05.merge.bed	fBrain-DS14718.hotspot.twopass.fdr0.05.merge.bed	0.25491270800113047
fLung_L-DS18421.hg19.hotspot.twopass.fdr0.05.merge.bed	fBrain-DS16302.hotspot.twopass.fdr0.05.merge.bed	0.25145287098993702
fLung_L-DS18421.hg19.hotspot.twopass.fdr0.05.merge.bed	fHeart-DS15643.hotspot.twopass.fdr0.05.merge.bed	0.32196342147084528
fLung_L-DS18421.hg19.hotspot.twopass.fdr0.05.merge.bed	fHeart-DS15839.hotspot.twopass.fdr0.05.merge.bed	0.28334513642353359
fLung_L-DS18421.hg19.hotspot.twopass.fdr0.05.merge.bed	fHeart-DS16621.hotspot.twopass.fdr0.05.merge.bed	0.31702234603053758
fLung_L-DS18421.hg19.hotspot.twopass.fdr0.05.merge.bed	fIntestine_Sm-DS16559.hotspot.twopass.fdr0.05.merge.bed	0.32577901806152471
fLung_L-DS18421.hg19.hotspot.twopass.fdr0.05.merge.bed	fIntestine_Sm-DS16712.hg19.hotspot.twopass.fdr0.05.merge.bed	0.26911860578259877
fLung_L-DS18421.hg19.hotspot.twopass.fdr0.05.merge.bed	fIntestine_Sm-DS16822.hotspot.twopass.fdr0.05.merge.bed	0.29960862170994973
fLung_L-DS18421.hg19.hotspot.twopass.fdr0.05.merge.bed	fIntestine_Sm-DS17808.hg19.hotspot.twopass.fdr0.05.merge.bed	0.31445141673256299
fLung_L-DS18421.hg19.hotspot.twopass.fdr0.05.merge.bed	fIntestine_Sm-DS18495.hg19.hotspot.twopass.fdr0.05.merge.bed	0.27908972281436301
fLung_L-DS18421.hg19.hotspot.twopass.fdr0.05.merge.bed	fKidney_renal_cortex_L-DS17550.hg19.hotspot.twopass.fdr0.05.merge.bed	0.38252684243944424
fLung_L-DS18421.hg19.hotspot.twopass.fdr0.05.merge.bed	fLung_L-DS17154.hg19.hotspot.twopass.fdr0.05.merge.bed	0.62657089919236597
fLung_L-DS18421.hg19.hotspot.twopass.fdr0.05.merge.bed	fLung_L-DS18421.hg19.hotspot.twopass.fdr0.05.merge.bed	1
fLung_L-DS18421.hg19.hotspot.twopass.fdr0.05.merge.bed	fLung_R-DS15632.hotspot.twopass.fdr0.05.merge.bed	0.58846575899848941
fLung_L-DS18421.hg19.hotspot.twopass.fdr0.05.merge.bed	fMuscle_arm-DS19053.hg19.hotspot.twopass.fdr0.05.merge.bed	0.36508561460786382
fLung_L-DS18421.hg19.hotspot.twopass.fdr0.05.merge.bed	fMuscle_back-DS18454.hg19.hotspot.twopass.fdr0.05.merge.bed	0.35873055896546729
fLung_L-DS18421.hg19.hotspot.twopass.fdr0.05.merge.bed	fMuscle_leg-DS19115.hg19.hotspot.twopass.fdr0.05.merge.bed	0.36135174705559242
fLung_L-DS18421.hg19.hotspot.twopass.fdr0.05.merge.bed	fMuscle_leg-DS19158.hg19.hotspot.twopass.fdr0.05.merge.bed	0.35457225742553611
fLung_L-DS18421.hg19.hotspot.twopass.fdr0.05.merge.bed	fSkin_fibro_bicep_R-DS19745.hg19.hotspot.twopass.fdr0.05.merge.bed	0.19031581402004133
fLung_L-DS18421.hg19.hotspot.twopass.fdr0.05.merge.bed	fStomach-DS17659.hg19.hotspot.twopass.fdr0.05.merge.bed	0.35423960243802122
fLung_R-DS15632.hotspot.twopass.fdr0.05.merge.bed	fBrain-DS14718.hotspot.twopass.fdr0.05.merge.bed	0.26078947318306589
fLung_R-DS15632.hotspot.twopass.fdr0.05.merge.bed	fBrain-DS16302.hotspot.twopass.fdr0.05.merge.bed	0.25915226317749085
fLung_R-DS15632.hotspot.twopass.fdr0.05.merge.bed	fHeart-DS15643.hotspot.twopass.fdr0.05.merge.bed	0.32533564945144583
fLung_R-DS15632.hotspot.twopass.fdr0.05.merge.bed	fHeart-DS15839.hotspot.twopass.fdr0.05.merge.bed	0.27914449183193007
fLung_R-DS15632.hotspot.twopass.fdr0.05.merge.bed	fHeart-DS16621.hotspot.twopass.fdr0.05.merge.bed	0.30851824588907306
fLung_R-DS15632.hotspot.twopass.fdr0.05.merge.bed	fIntestine_Sm-DS16559.hotspot.twopass.fdr0.05.merge.bed	0.30855084648029879
fLung_R-DS15632.hotspot.twopass.fdr0.05.merge.bed	fIntestine_Sm-DS16712.hg19.hotspot.twopass.fdr0.05.merge.bed	0.27288725687231635
fLung_R-DS15632.hotspot.twopass.fdr0.05.merge.bed	fIntestine_Sm-DS16822.hotspot.twopass.fdr0.05.merge.bed	0.28693926892676025
fLung_R-DS15632.hotspot.twopass.fdr0.05.merge.bed	fIntestine_Sm-DS17808.hg19.hotspot.twopass.fdr0.05.merge.bed	0.30473005317807578
fLung_R-DS15632.hotspot.twopass.fdr0.05.merge.bed	fIntestine_Sm-DS18495.hg19.hotspot.twopass.fdr0.05.merge.bed	0.27349303970370653
fLung_R-DS15632.hotspot.twopass.fdr0.05.merge.bed	fKidney_renal_cortex_L-DS17550.hg19.hotspot.twopass.fdr0.05.merge.bed	0.36476532554900293
fLung_R-DS15632.hotspot.twopass.fdr0.05.merge.bed	fLung_L-DS17154.hg19.hotspot.twopass.fdr0.05.merge.bed	0.59314409428011494
fLung_R-DS15632.hotspot.twopass.fdr0.05.merge.bed	fLung_L-DS18421.hg19.hotspot.twopass.fdr0.05.merge.bed	0.58846575899848941
fLung_R-DS15632.hotspot.twopass.fdr0.05.merge.bed	fLung_R-DS15632.hotspot.twopass.fdr0.05.merge.bed	1
fLung_R-DS15632.hotspot.twopass.fdr0.05.merge.bed	fMuscle_arm-DS19053.hg19.hotspot.twopass.fdr0.05.merge.bed	0.37601319126381672
fLung_R-DS15632.hotspot.twopass.fdr0.05.merge.bed	fMuscle_back-DS18454.hg19.hotspot.twopass.fdr0.05.merge.bed	0.36351242359960634
fLung_R-DS15632.hotspot.twopass.fdr0.05.merge.bed	fMuscle_leg-DS19115.hg19.hotspot.twopass.fdr0.05.merge.bed	0.37418499549621681
fLung_R-DS15632.hotspot.twopass.fdr0.05.merge.bed	fMuscle_leg-DS19158.hg19.hotspot.twopass.fdr0.05.merge.bed	0.358389923791746
fLung_R-DS15632.hotspot.twopass.fdr0.05.merge.bed	fSkin_fibro_bicep_R-DS19745.hg19.hotspot.twopass.fdr0.05.merge.bed	0.19855205555481983
fLung_R-DS15632.hotspot.twopass.fdr0.05.merge.bed	fStomach-DS17659.hg19.hotspot.twopass.fdr0.05.merge.bed	0.35631270908004165
fMuscle_arm-DS19053.hg19.hotspot.twopass.fdr0.05.merge.bed	fBrain-DS14718.hotspot.twopass.fdr0.05.merge.bed	0.26542350423795036
fMuscle_arm-DS19053.hg19.hotspot.twopass.fdr0.05.merge.bed	fBrain-DS16302.hotspot.twopass.fdr0.05.merge.bed	0.25378651565698718
fMuscle_arm-DS19053.hg19.hotspot.twopass.fdr0.05.merge.bed	fHeart-DS15643.hotspot.twopass.fdr0.05.merge.bed	0.32156258140297345
fMuscle_arm-DS19053.hg19.hotspot.twopass.fdr0.05.merge.bed	fHeart-DS15839.hotspot.twopass.fdr0.05.merge.bed	0.27280627589069512
fMuscle_arm-DS19053.hg19.hotspot.twopass.fdr0.05.merge.bed	fHeart-DS16621.hotspot.twopass.fdr0.05.merge.bed	0.30531898595874102
fMuscle_arm-DS19053.hg19.hotspot.twopass.fdr0.05.merge.bed	fIntestine_Sm-DS16559.hotspot.twopass.fdr0.05.merge.bed	0.27807948017667161
fMuscle_arm-DS19053.hg19.hotspot.twopass.fdr0.05.merge.bed	fIntestine_Sm-DS16712.hg19.hotspot.twopass.fdr0.05.merge.bed	0.24278598625954331
fMuscle_arm-DS19053.hg19.hotspot.twopass.fdr0.05.merge.bed	fIntestine_Sm-DS16822.hotspot.twopass.fdr0.05.merge.bed	0.25573896323304962
fMuscle_arm-DS19053.hg19.hotspot.twopass.fdr0.05.merge.bed	fIntestine_Sm-DS17808.hg19.hotspot.twopass.fdr0.05.merge.bed	0.27276264490878466
fMuscle_arm-DS19053.hg19.hotspot.twopass.fdr0.05.merge.bed	fIntestine_Sm-DS18495.hg19.hotspot.twopass.fdr0.05.merge.bed	0.24712967802178443
fMuscle_arm-DS19053.hg19.hotspot.twopass.fdr0.05.merge.bed	fKidney_renal_cortex_L-DS17550.hg19.hotspot.twopass.fdr0.05.merge.bed	0.33643737428671527
fMuscle_arm-DS19053.hg19.hotspot.twopass.fdr0.05.merge.bed	fLung_L-DS17154.hg19.hotspot.twopass.fdr0.05.merge.bed	0.37714398641634506
fMuscle_arm-DS19053.hg19.hotspot.twopass.fdr0.05.merge.bed	fLung_L-DS18421.hg19.hotspot.twopass.fdr0.05.merge.bed	0.36508561460786382
fMuscle_arm-DS19053.hg19.hotspot.twopass.fdr0.05.merge.bed	fLung_R-DS15632.hotspot.twopass.fdr0.05.merge.bed	0.37601319126381672
fMuscle_arm-DS19053.hg19.hotspot.twopass.fdr0.05.merge.bed	fMuscle_arm-DS19053.hg19.hotspot.twopass.fdr0.05.merge.bed	1
fMuscle_arm-DS19053.hg19.hotspot.twopass.fdr0.05.merge.bed	fMuscle_back-DS18454.hg19.hotspot.twopass.fdr0.05.merge.bed	0.58980722958726695
fMuscle_arm-DS19053.hg19.hotspot.twopass.fdr0.05.merge.bed	fMuscle_leg-DS19115.hg19.hotspot.twopass.fdr0.05.merge.bed	0.59869799150828495
fMuscle_arm-DS19053.hg19.hotspot.twopass.fdr0.05.merge.bed	fMuscle_leg-DS19158.hg19.hotspot.twopass.fdr0.05.merge.bed	0.57263792000192892
fMuscle_arm-DS19053.hg19.hotspot.twopass.fdr0.05.merge.bed	fSkin_fibro_bicep_R-DS19745.hg19.hotspot.twopass.fdr0.05.merge.bed	0.21388474914717009
fMuscle_arm-DS19053.hg19.hotspot.twopass.fdr0.05.merge.bed	fStomach-DS17659.hg19.hotspot.twopass.fdr0.05.merge.bed	0.32197184467480655
fMuscle_back-DS18454.hg19.hotspot.twopass.fdr0.05.merge.bed	fBrain-DS14718.hotspot.twopass.fdr0.05.merge.bed	0.266034780452648
fMuscle_back-DS18454.hg19.hotspot.twopass.fdr0.05.merge.bed	fBrain-DS16302.hotspot.twopass.fdr0.05.merge.bed	0.24705593336466633
fMuscle_back-DS18454.hg19.hotspot.twopass.fdr0.05.merge.bed	fHeart-DS15643.hotspot.twopass.fdr0.05.merge.bed	0.32860360738646088
fMuscle_back-DS18454.hg19.hotspot.twopass.fdr0.05.merge.bed	fHeart-DS15839.hotspot.twopass.fdr0.05.merge.bed	0.27196706292307249
fMuscle_back-DS18454.hg19.hotspot.twopass.fdr0.05.merge.bed	fHeart-DS16621.hotspot.twopass.fdr0.05.merge.bed	0.30997474798013974
fMuscle_back-DS18454.hg19.hotspot.twopass.fdr0.05.merge.bed	fIntestine_Sm-DS16559.hotspot.twopass.fdr0.05.merge.bed	0.27762005726830163
fMuscle_back-DS18454.hg19.hotspot.twopass.fdr0.05.merge.bed	fIntestine_Sm-DS16712.hg19.hotspot.twopass.fdr0.05.merge.bed	0.24304924108549794
fMuscle_back-DS18454.hg19.hotspot.twopass.fdr0.05.merge.bed	fIntestine_Sm-DS16822.hotspot.twopass.fdr0.05.merge.bed	0.25881602385255065
fMuscle_back-DS18454.hg19.hotspot.twopass.fdr0.05.merge.bed	fIntestine_Sm-DS17808.hg19.hotspot.twopass.fdr0.05.merge.bed	0.27467399988604968
fMuscle_back-DS18454.hg19.hotspot.twopass.fdr0.05.merge.bed	fIntestine_Sm-DS18495.hg19.hotspot.twopass.fdr0.05.merge.bed	0.24896347819982445
fMuscle_back-DS18454.hg19.hotspot.twopass.fdr0.05.merge.bed	fKidney_renal_cortex_L-DS17550.hg19.hotspot.twopass.fdr0.05.merge.bed	0.33213479478315361
fMuscle_back-DS18454.hg19.hotspot.twopass.fdr0.05.merge.bed	fLung_L-DS17154.hg19.hotspot.twopass.fdr0.05.merge.bed	0.36423352892398264
fMuscle_back-DS18454.hg19.hotspot.twopass.fdr0.05.merge.bed	fLung_L-DS18421.hg19.hotspot.twopass.fdr0.05.merge.bed	0.35873055896546729
fMuscle_back-DS18454.hg19.hotspot.twopass.fdr0.05.merge.bed	fLung_R-DS15632.hotspot.twopass.fdr0.05.merge.bed	0.36351242359960634
fMuscle_back-DS18454.hg19.hotspot.twopass.fdr0.05.merge.bed	fMuscle_arm-DS19053.hg19.hotspot.twopass.fdr0.05.merge.bed	0.58980722958726695
fMuscle_back-DS18454.hg19.hotspot.twopass.fdr0.05.merge.bed	fMuscle_back-DS18454.hg19.hotspot.twopass.fdr0.05.merge.bed	1
fMuscle_back-DS18454.hg19.hotspot.twopass.fdr0.05.merge.bed	fMuscle_leg-DS19115.hg19.hotspot.twopass.fdr0.05.merge.bed	0.60356056656638091
fMuscle_back-DS18454.hg19.hotspot.twopass.fdr0.05.merge.bed	fMuscle_leg-DS19158.hg19.hotspot.twopass.fdr0.05.merge.bed	0.5530891736904392
fMuscle_back-DS18454.hg19.hotspot.twopass.fdr0.05.merge.bed	fSkin_fibro_bicep_R-DS19745.hg19.hotspot.twopass.fdr0.05.merge.bed	0.2238052112337956
fMuscle_back-DS18454.hg19.hotspot.twopass.fdr0.05.merge.bed	fStomach-DS17659.hg19.hotspot.twopass.fdr0.05.merge.bed	0.32627983408705391
fMuscle_leg-DS19115.hg19.hotspot.twopass.fdr0.05.merge.bed	fBrain-DS14718.hotspot.twopass.fdr0.05.merge.bed	0.26834773032681147
fMuscle_leg-DS19115.hg19.hotspot.twopass.fdr0.05.merge.bed	fBrain-DS16302.hotspot.twopass.fdr0.05.merge.bed	0.24861954368290204
fMuscle_leg-DS19115.hg19.hotspot.twopass.fdr0.05.merge.bed	fHeart-DS15643.hotspot.twopass.fdr0.05.merge.bed	0.32163167569901741
fMuscle_leg-DS19115.hg19.hotspot.twopass.fdr0.05.merge.bed	fHeart-DS15839.hotspot.twopass.fdr0.05.merge.bed	0.26536827169955413
fMuscle_leg-DS19115.hg19.hotspot.twopass.fdr0.05.merge.bed	fHeart-DS16621.hotspot.twopass.fdr0.05.merge.bed	0.30139371721366293
fMuscle_leg-DS19115.hg19.hotspot.twopass.fdr0.05.merge.bed	fIntestine_Sm-DS16559.hotspot.twopass.fdr0.05.merge.bed	0.274517916349027
fMuscle_leg-DS19115.hg19.hotspot.twopass.fdr0.05.merge.bed	fIntestine_Sm-DS16712.hg19.hotspot.twopass.fdr0.05.merge.bed	0.24100547138624093
fMuscle_leg-DS19115.hg19.hotspot.twopass.fdr0.05.merge.bed	fIntestine_Sm-DS16822.hotspot.twopass.fdr0.05.merge.bed	0.25626758488749535
fMuscle_leg-DS19115.hg19.hotspot.twopass.fdr0.05.merge.bed	fIntestine_Sm-DS17808.hg19.hotspot.twopass.fdr0.05.merge.bed	0.27166389318299194
fMuscle_leg-DS19115.hg19.hotspot.twopass.fdr0.05.merge.bed	fIntestine_Sm-DS18495.hg19.hotspot.twopass.fdr0.05.merge.bed	0.24644403868811113
fMuscle_leg-DS19115.hg19.hotspot.twopass.fdr0.05.merge.bed	fKidney_renal_cortex_L-DS17550.hg19.hotspot.twopass.fdr0.05.merge.bed	0.33258081138093637
fMuscle_leg-DS19115.hg19.hotspot.twopass.fdr0.05.merge.bed	fLung_L-DS17154.hg19.hotspot.twopass.fdr0.05.merge.bed	0.3676053500557887
fMuscle_leg-DS19115.hg19.hotspot.twopass.fdr0.05.merge.bed	fLung_L-DS18421.hg19.hotspot.twopass.fdr0.05.merge.bed	0.36135174705559242
fMuscle_leg-DS19115.hg19.hotspot.twopass.fdr0.05.merge.bed	fLung_R-DS15632.hotspot.twopass.fdr0.05.merge.bed	0.37418499549621681
fMuscle_leg-DS19115.hg19.hotspot.twopass.fdr0.05.merge.bed	fMuscle_arm-DS19053.hg19.hotspot.twopass.fdr0.05.merge.bed	0.59869799150828495
fMuscle_leg-DS19115.hg19.hotspot.twopass.fdr0.05.merge.bed	fMuscle_back-DS18454.hg19.hotspot.twopass.fdr0.05.merge.bed	0.60356056656638091
fMuscle_leg-DS19115.hg19.hotspot.twopass.fdr0.05.merge.bed	fMuscle_leg-DS19115.hg19.hotspot.twopass.fdr0.05.merge.bed	1
fMuscle_leg-DS19115.hg19.hotspot.twopass.fdr0.05.merge.bed	fMuscle_leg-DS19158.hg19.hotspot.twopass.fdr0.05.merge.bed	0.58187538960173357
fMuscle_leg-DS19115.hg19.hotspot.twopass.fdr0.05.merge.bed	fSkin_fibro_bicep_R-DS19745.hg19.hotspot.twopass.fdr0.05.merge.bed	0.21998423771883571
fMuscle_leg-DS19115.hg19.hotspot.twopass.fdr0.05.merge.bed	fStomach-DS17659.hg19.hotspot.twopass.fdr0.05.merge.bed	0.32953351213642856
fMuscle_leg-DS19158.hg19.hotspot.twopass.fdr0.05.merge.bed	fBrain-DS14718.hotspot.twopass.fdr0.05.merge.bed	0.24422754267011035
fMuscle_leg-DS19158.hg19.hotspot.twopass.fdr0.05.merge.bed	fBrain-DS16302.hotspot.twopass.fdr0.05.merge.bed	0.24340608327586388
fMuscle_leg-DS19158.hg19.hotspot.twopass.fdr0.05.merge.bed	fHeart-DS15643.hotspot.twopass.fdr0.05.merge.bed	0.29739153850338224
fMuscle_leg-DS19158.hg19.hotspot.twopass.fdr0.05.merge.bed	fHeart-DS15839.hotspot.twopass.fdr0.05.merge.bed	0.2473120461950285
fMuscle_leg-DS19158.hg19.hotspot.twopass.fdr0.05.merge.bed	fHeart-DS16621.hotspot.twopass.fdr0.05.merge.bed	0.2911673090520891
fMuscle_leg-DS19158.hg19.hotspot.twopass.fdr0.05.merge.bed	fIntestine_Sm-DS16559.hotspot.twopass.fdr0.05.merge.bed	0.26286637732501161
fMuscle_leg-DS19158.hg19.hotspot.twopass.fdr0.05.merge.bed	fIntestine_Sm-DS16712.hg19.hotspot.twopass.fdr0.05.merge.bed	0.21043233088809893
fMuscle_leg-DS19158.hg19.hotspot.twopass.fdr0.05.merge.bed	fIntestine_Sm-DS16822.hotspot.twopass.fdr0.05.merge.bed	0.2377056980004929
fMuscle_leg-DS19158.hg19.hotspot.twopass.fdr0.05.merge.bed	fIntestine_Sm-DS17808.hg19.hotspot.twopass.fdr0.05.merge.bed	0.24714801037438855
fMuscle_leg-DS19158.hg19.hotspot.twopass.fdr0.05.merge.bed	fIntestine_Sm-DS18495.hg19.hotspot.twopass.fdr0.05.merge.bed	0.22924722675085357
fMuscle_leg-DS19158.hg19.hotspot.twopass.fdr0.05.merge.bed	fKidney_renal_cortex_L-DS17550.hg19.hotspot.twopass.fdr0.05.merge.bed	0.32195032510079452
fMuscle_leg-DS19158.hg19.hotspot.twopass.fdr0.05.merge.bed	fLung_L-DS17154.hg19.hotspot.twopass.fdr0.05.merge.bed	0.37105804018800759
fMuscle_leg-DS19158.hg19.hotspot.twopass.fdr0.05.merge.bed	fLung_L-DS18421.hg19.hotspot.twopass.fdr0.05.merge.bed	0.35457225742553611
fMuscle_leg-DS19158.hg19.hotspot.twopass.fdr0.05.merge.bed	fLung_R-DS15632.hotspot.twopass.fdr0.05.merge.bed	0.358389923791746
fMuscle_leg-DS19158.hg19.hotspot.twopass.fdr0.05.merge.bed	fMuscle_arm-DS19053.hg19.hotspot.twopass.fdr0.05.merge.bed	0.57263792000192892
fMuscle_leg-DS19158.hg19.hotspot.twopass.fdr0.05.merge.bed	fMuscle_back-DS18454.hg19.hotspot.twopass.fdr0.05.merge.bed	0.5530891736904392
fMuscle_leg-DS19158.hg19.hotspot.twopass.fdr0.05.merge.bed	fMuscle_leg-DS19115.hg19.hotspot.twopass.fdr0.05.merge.bed	0.58187538960173357
fMuscle_leg-DS19158.hg19.hotspot.twopass.fdr0.05.merge.bed	fMuscle_leg-DS19158.hg19.hotspot.twopass.fdr0.05.merge.bed	1
fMuscle_leg-DS19158.hg19.hotspot.twopass.fdr0.05.merge.bed	fSkin_fibro_bicep_R-DS19745.hg19.hotspot.twopass.fdr0.05.merge.bed	0.19738224685749223
fMuscle_leg-DS19158.hg19.hotspot.twopass.fdr0.05.merge.bed	fStomach-DS17659.hg19.hotspot.twopass.fdr0.05.merge.bed	0.29071649003520073
fSkin_fibro_bicep_R-DS19745.hg19.hotspot.twopass.fdr0.05.merge.bed	fBrain-DS14718.hotspot.twopass.fdr0.05.merge.bed	0.15647631002704152
fSkin_fibro_bicep_R-DS19745.hg19.hotspot.twopass.fdr0.05.merge.bed	fBrain-DS16302.hotspot.twopass.fdr0.05.merge.bed	0.13659993227569417
fSkin_fibro_bicep_R-DS19745.hg19.hotspot.twopass.fdr0.05.merge.bed	fHeart-DS15643.hotspot.twopass.fdr0.05.merge.bed	0.185402964656564
fSkin_fibro_bicep_R-DS19745.hg19.hotspot.twopass.fdr0.05.merge.bed	fHeart-DS15839.hotspot.twopass.fdr0.05.merge.bed	0.15404082328869478
fSkin_fibro_bicep_R-DS19745.hg19.hotspot.twopass.fdr0.05.merge.bed	fHeart-DS16621.hotspot.twopass.fdr0.05.merge.bed	0.17235492723136381
fSkin_fibro_bicep_R-DS19745.hg19.hotspot.twopass.fdr0.05.merge.bed	fIntestine_Sm-DS16559.hotspot.twopass.fdr0.05.merge.bed	0.17633238575622154
fSkin_fibro_bicep_R-DS19745.hg19.hotspot.twopass.fdr0.05.merge.bed	fIntestine_Sm-DS16712.hg19.hotspot.twopass.fdr0.05.merge.bed	0.19125226025420383
fSkin_fibro_bicep_R-DS19745.hg19.hotspot.twopass.fdr0.05.merge.bed	fIntestine_Sm-DS16822.hotspot.twopass.fdr0.05.merge.bed	0.18429861398973424
fSkin_fibro_bicep_R-DS19745.hg19.hotspot.twopass.fdr0.05.merge.bed	fIntestine_Sm-DS17808.hg19.hotspot.twopass.fdr0.05.merge.bed	0.18586198887126407
fSkin_fibro_bicep_R-DS19745.hg19.hotspot.twopass.fdr0.05.merge.bed	fIntestine_Sm-DS18495.hg19.hotspot.twopass.fdr0.05.merge.bed	0.18504535168663869
fSkin_fibro_bicep_R-DS19745.hg19.hotspot.twopass.fdr0.05.merge.bed	fKidney_renal_cortex_L-DS17550.hg19.hotspot.twopass.fdr0.05.merge.bed	0.18127945214027988
fSkin_fibro_bicep_R-DS19745.hg19.hotspot.twopass.fdr0.05.merge.bed	fLung_L-DS17154.hg19.hotspot.twopass.fdr0.05.merge.bed	0.18153744890624141
fSkin_fibro_bicep_R-DS19745.hg19.hotspot.twopass.fdr0.05.merge.bed	fLung_L-DS18421.hg19.hotspot.twopass.fdr0.05.merge.bed	0.19031581402004133
fSkin_fibro_bicep_R-DS19745.hg19.hotspot.twopass.fdr0.05.merge.bed	fLung_R-DS15632.hotspot.twopass.fdr0.05.merge.bed	0.19855205555481983
fSkin_fibro_bicep_R-DS19745.hg19.hotspot.twopass.fdr0.05.merge.bed	fMuscle_arm-DS19053.hg19.hotspot.twopass.fdr0.05.merge.bed	0.21388474914717009
fSkin_fibro_bicep_R-DS19745.hg19.hotspot.twopass.fdr0.05.merge.bed	fMuscle_back-DS18454.hg19.hotspot.twopass.fdr0.05.merge.bed	0.2238052112337956
fSkin_fibro_bicep_R-DS19745.hg19.hotspot.twopass.fdr0.05.merge.bed	fMuscle_leg-DS19115.hg19.hotspot.twopass.fdr0.05.merge.bed	0.21998423771883571
fSkin_fibro_bicep_R-DS19745.hg19.hotspot.twopass.fdr0.05.merge.bed	fMuscle_leg-DS19158.hg19.hotspot.twopass.fdr0.05.merge.bed	0.19738224685749223
fSkin_fibro_bicep_R-DS19745.hg19.hotspot.twopass.fdr0.05.merge.bed	fSkin_fibro_bicep_R-DS19745.hg19.hotspot.twopass.fdr0.05.merge.bed	1
fSkin_fibro_bicep_R-DS19745.hg19.hotspot.twopass.fdr0.05.merge.bed	fStomach-DS17659.hg19.hotspot.twopass.fdr0.05.merge.bed	0.22920252883723005
fStomach-DS17659.hg19.hotspot.twopass.fdr0.05.merge.bed	fBrain-DS14718.hotspot.twopass.fdr0.05.merge.bed	0.25155431012330953
fStomach-DS17659.hg19.hotspot.twopass.fdr0.05.merge.bed	fBrain-DS16302.hotspot.twopass.fdr0.05.merge.bed	0.21777949726909371
fStomach-DS17659.hg19.hotspot.twopass.fdr0.05.merge.bed	fHeart-DS15643.hotspot.twopass.fdr0.05.merge.bed	0.29670971969662036
fStomach-DS17659.hg19.hotspot.twopass.fdr0.05.merge.bed	fHeart-DS15839.hotspot.twopass.fdr0.05.merge.bed	0.24822787462382559
fStomach-DS17659.hg19.hotspot.twopass.fdr0.05.merge.bed	fHeart-DS16621.hotspot.twopass.fdr0.05.merge.bed	0.26830056463698626
fStomach-DS17659.hg19.hotspot.twopass.fdr0.05.merge.bed	fIntestine_Sm-DS16559.hotspot.twopass.fdr0.05.merge.bed	0.34609270478369103
fStomach-DS17659.hg19.hotspot.twopass.fdr0.05.merge.bed	fIntestine_Sm-DS16712.hg19.hotspot.twopass.fdr0.05.merge.bed	0.34458850469699298
fStomach-DS17659.hg19.hotspot.twopass.fdr0.05.merge.bed	fIntestine_Sm-DS16822.hotspot.twopass.fdr0.05.merge.bed	0.35688361083969034
fStomach-DS17659.hg19.hotspot.twopass.fdr0.05.merge.bed	fIntestine_Sm-DS17808.hg19.hotspot.twopass.fdr0.05.merge.bed	0.35939405877141206
fStomach-DS17659.hg19.hotspot.twopass.fdr0.05.merge.bed	fIntestine_Sm-DS18495.hg19.hotspot.twopass.fdr0.05.merge.bed	0.33623245900579124
fStomach-DS17659.hg19.hotspot.twopass.fdr0.05.merge.bed	fKidney_renal_cortex_L-DS17550.hg19.hotspot.twopass.fdr0.05.merge.bed	0.31501917215019326
fStomach-DS17659.hg19.hotspot.twopass.fdr0.05.merge.bed	fLung_L-DS17154.hg19.hotspot.twopass.fdr0.05.merge.bed	0.33102829256696387
fStomach-DS17659.hg19.hotspot.twopass.fdr0.05.merge.bed	fLung_L-DS18421.hg19.hotspot.twopass.fdr0.05.merge.bed	0.35423960243802122
fStomach-DS17659.hg19.hotspot.twopass.fdr0.05.merge.bed	fLung_R-DS15632.hotspot.twopass.fdr0.05.merge.bed	0.35631270908004165
fStomach-DS17659.hg19.hotspot.twopass.fdr0.05.merge.bed	fMuscle_arm-DS19053.hg19.hotspot.twopass.fdr0.05.merge.bed	0.32197184467480655
fStomach-DS17659.hg19.hotspot.twopass.fdr0.05.merge.bed	fMuscle_back-DS18454.hg19.hotspot.twopass.fdr0.05.merge.bed	0.32627983408705391
fStomach-DS17659.hg19.hotspot.twopass.fdr0.05.merge.bed	fMuscle_leg-DS19115.hg19.hotspot.twopass.fdr0.05.merge.bed	0.32953351213642856
fStomach-DS17659.hg19.hotspot.twopass.fdr0.05.merge.bed	fMuscle_leg-DS19158.hg19.hotspot.twopass.fdr0.05.merge.bed	0.29071649003520073
fStomach-DS17659.hg19.hotspot.twopass.fdr0.05.merge.bed	fSkin_fibro_bicep_R-DS19745.hg19.hotspot.twopass.fdr0.05.merge.bed	0.22920252883723005
fStomach-DS17659.hg19.hotspot.twopass.fdr0.05.merge.bed	fStomach-DS17659.hg19.hotspot.twopass.fdr0.05.merge.bed	1
