num_files,rep,tool,similarity,subB,num_pairs,num_intervals_per_file,precision,threads,corpus_seed,wall_time,cpu_time,max_rss_mb,sort_time,sketch_creation_time,comparison_time,pair_time,write_time,bedtools_serial_ms,bedtools_parallel_eff,mae_vs_bedtools,max_err_vs_bedtools,hostname,cpu_model,git_sha,slurm_job_id
4,7,bedtools,exact,,16,10000,18,16,20260810,0.16025590896606445,0.39271800000002965,19.00390625,0.10990095138549805,,,,,11.005640029907227,0.0686754086068537,0.0,0.0,c573,Intel(R) Xeon(R) Gold 6248R CPU @ 3.00GHz,ec2d14a-dirty,30328362
4,7,hammock,register-equality,1.0,16,10000,18,16,20260810,0.4650859832763672,6.813664000000026,10.11328125,0.10990095138549805,0.456533,0.000335,0.000308,2.7e-05,,,0.16427328707885744,0.16583681494140623,c573,Intel(R) Xeon(R) Gold 6248R CPU @ 3.00GHz,ec2d14a-dirty,30328362
4,7,hammock,register-equality,0.1,16,10000,18,16,20260810,0.1774003505706787,2.5752759999999695,10.13671875,0.10990095138549805,0.168362,0.00033,0.000309,2.1e-05,,,0.16427972438049318,0.16559202001953124,c573,Intel(R) Xeon(R) Gold 6248R CPU @ 3.00GHz,ec2d14a-dirty,30328362
4,7,hammock,register-equality,0.01,16,10000,18,16,20260810,0.08841609954833984,1.2177400000000471,10.12109375,0.10990095138549805,0.080441,0.00043,0.000406,2.3e-05,,,0.14371382224520213,0.14500284807046376,c573,Intel(R) Xeon(R) Gold 6248R CPU @ 3.00GHz,ec2d14a-dirty,30328362
4,7,hammock,register-equality,0.001,16,10000,18,16,20260810,0.06569528579711914,0.8670639999999761,10.14453125,0.10990095138549805,0.057171,0.000866,0.000845,2.1e-05,,,0.024606873771938924,0.025563769872527856,c573,Intel(R) Xeon(R) Gold 6248R CPU @ 3.00GHz,ec2d14a-dirty,30328362
4,7,hammock,inclusion-exclusion,1.0,16,10000,18,16,20260810,0.4651474952697754,6.819321000000032,10.13671875,0.10990095138549805,0.456425,0.000973,0.000947,2.6e-05,,,0.0007512617995239449,0.0019257325543206166,c573,Intel(R) Xeon(R) Gold 6248R CPU @ 3.00GHz,ec2d14a-dirty,30328362
4,7,hammock,inclusion-exclusion,0.1,16,10000,18,16,20260810,0.17660212516784668,2.583568999999952,10.15234375,0.10990095138549805,0.168282,0.000973,0.000953,1.9e-05,,,0.0015125593174742415,0.0039041431526173204,c573,Intel(R) Xeon(R) Gold 6248R CPU @ 3.00GHz,ec2d14a-dirty,30328362
4,7,hammock,inclusion-exclusion,0.01,16,10000,18,16,20260810,0.09005260467529297,1.2333549999999915,10.10546875,0.10990095138549805,0.08061,0.001128,0.001106,2.1e-05,,,0.0011784673537857558,0.0027136708889323735,c573,Intel(R) Xeon(R) Gold 6248R CPU @ 3.00GHz,ec2d14a-dirty,30328362
4,7,hammock,inclusion-exclusion,0.001,16,10000,18,16,20260810,0.0681159496307373,0.8813259999999818,10.11328125,0.10990095138549805,0.057203,0.001742,0.001719,2.2e-05,,,0.0007008114693858626,0.0020651402555746656,c573,Intel(R) Xeon(R) Gold 6248R CPU @ 3.00GHz,ec2d14a-dirty,30328362
