"Supplementary Table S1: The collocation measurements between CTCF’s binding sites (CBF) and those binding sites of 1207 TFs curated in the ReMap database (https://remap.univ-amu.fr/). C, collocation coefficient;  J, the Jaccard coefficient; SD, the Sørensen-Dice coefficient; SS, the Szymkiewicz-Simpson coefficient; PMI, pointwise mutual information; NPMI, normalized pointwise mutual information. Zscore is the combinatorial score of J, SD, SS, PMI, and NPMI, measuring the overall cobindabilities between CTCF and other transcription factors. ",,,,,,,
TF_name,C,J,SD,SS,PMI,NPMI,Zscore
STAG1,0.1368,0.0191,0.0375,0.9787,2.0556,0.3407,7.147600028
SMC3,0.143,0.0214,0.042,0.9525,2.0285,0.3428,7.546200138
ZBTB2,0.1081,0.0123,0.0243,0.9504,2.0262,0.3129,5.294376543
STAG2,0.1319,0.0183,0.036,0.9498,2.0256,0.3333,6.784246679
SMC1A,0.1413,0.0211,0.0413,0.9462,2.0219,0.3407,7.428643629
RAD21,0.1446,0.0224,0.0438,0.9326,2.0074,0.3417,7.652111218
TRIM22,0.14,0.0214,0.0419,0.9127,1.9858,0.3355,7.303212376
CTCFL,0.1153,0.0154,0.0303,0.8626,1.9293,0.3087,5.56746257
SNAI1,0.0069,0.0001,0.0001,0.7808,1.8298,0.1555,0.119100671
JMJD6,0.0727,0.0068,0.0136,0.7712,1.8174,0.2574,2.811373124
ZNF654,0.1084,0.0155,0.0306,0.7538,1.7945,0.2877,4.934697422
SMAD1,0.0931,0.012,0.0237,0.7185,1.7465,0.2689,3.854372737
CRX,0.1006,0.0143,0.0282,0.7037,1.7257,0.2731,4.322883159
MEF2D,0.1047,0.0159,0.0312,0.6864,1.7009,0.2737,4.583930671
ZNF784,0.0213,0.0007,0.0013,0.6818,1.6942,0.1804,0.177816212
KDM5B,0.0994,0.0148,0.0291,0.6641,1.6678,0.2654,4.178410157
PRKDC,0.0753,0.0085,0.0169,0.6599,1.6615,0.2431,2.601596496
MBD1,0.074,0.0083,0.0164,0.6586,1.6595,0.2417,2.529726147
TAF2,0.023,0.0008,0.0016,0.6582,1.6589,0.1802,0.125135042
ZNF222,0.0337,0.0017,0.0035,0.656,1.6555,0.1963,0.528149833
ZHX1,0.0798,0.0097,0.0192,0.6534,1.6516,0.2462,2.862317329
ZNF143,0.0924,0.0132,0.0261,0.6408,1.6321,0.2552,3.649427409
RBM34,0.017,0.0005,0.0009,0.6393,1.6298,0.1667,-0.177913196
RB1,0.0998,0.0155,0.0306,0.6362,1.6249,0.2607,4.16507401
NRL,0.0904,0.0129,0.0254,0.6313,1.6171,0.2518,3.503445026
DRAP1,0.0831,0.0109,0.0216,0.6272,1.6106,0.2446,2.998745685
KAT2A,0.0637,0.0064,0.0128,0.627,1.6103,0.2263,1.834063827
CDKN1B,0.1011,0.0162,0.0318,0.6265,1.6095,0.2599,4.250822277
RCOR1,0.0817,0.0106,0.021,0.6258,1.6084,0.2431,2.911429822
ELL2,0.0917,0.0134,0.0264,0.6231,1.6041,0.2514,3.572061848
RBP2,0.0319,0.0016,0.0033,0.6165,1.5935,0.1878,0.267652397
SIN3B,0.0794,0.0102,0.0201,0.6163,1.5932,0.2392,2.740657679
STAT1,0.0898,0.013,0.0257,0.6139,1.5892,0.2479,3.419402425
EZH1,0.0728,0.0086,0.017,0.6131,1.5879,0.2325,2.317649868
CBX1,0.0805,0.0105,0.0208,0.6128,1.5874,0.2396,2.80046536
EP300,0.085,0.0117,0.0231,0.6122,1.5865,0.2434,3.090003633
ELF5,0.0104,0.0002,0.0004,0.6108,1.5841,0.1478,-0.554158961
RORB,0.09,0.0132,0.026,0.6094,1.5819,0.2472,3.429273326
SMARCA5,0.0891,0.0129,0.0255,0.6088,1.5809,0.2463,3.360590441
GTF2F1,0.0932,0.0141,0.0279,0.6086,1.5806,0.2499,3.648994668
TBL1XR1,0.0755,0.0093,0.0185,0.607,1.5778,0.2339,2.465010488
MAZ,0.0985,0.0159,0.0313,0.6039,1.5729,0.2533,4.029747855
TCF12,0.0913,0.0137,0.027,0.6033,1.5718,0.2472,3.508745044
CBFB,0.0969,0.0154,0.0303,0.6028,1.5709,0.2517,3.905382507
MYC,0.0869,0.0125,0.0247,0.5994,1.5654,0.2427,3.197407905
ZBTB18,0.0283,0.0013,0.0027,0.5993,1.5652,0.18,0.043133042
ZFP41,0.0111,0.0002,0.0004,0.5991,1.5649,0.1481,-0.592325524
MECOM,0.0793,0.0104,0.0206,0.5986,1.564,0.2358,2.682249326
BRCA1,0.0816,0.0111,0.022,0.594,1.5562,0.237,2.824431776
SMARCC1,0.0973,0.0158,0.0311,0.5928,1.5543,0.2501,3.928058306
ELF2,0.0113,0.0002,0.0004,0.5904,1.5502,0.1473,-0.631722285
JDP2,0.0271,0.0012,0.0025,0.5901,1.5497,0.1768,-0.050387098
RBPJ,0.0928,0.0145,0.0286,0.5887,1.5472,0.2455,3.596208775
CREB1,0.0895,0.0135,0.0266,0.5882,1.5465,0.2427,3.356018667
TARDBP,0.09,0.0136,0.0269,0.5879,1.5459,0.243,3.38546342
HIF1A,0.0849,0.0122,0.024,0.5878,1.5458,0.2386,3.037392235
ELF1,0.0923,0.0144,0.0283,0.5872,1.5448,0.2448,3.556689903
ZSCAN31,0.0277,0.0013,0.0026,0.5868,1.5441,0.1771,-0.041120689
KLF1,0.0817,0.0113,0.0224,0.5851,1.5412,0.2353,2.812076072
BHLHE40,0.0898,0.0137,0.027,0.5845,1.5401,0.2422,3.375968929
PREB,0.0378,0.0024,0.0049,0.5837,1.5387,0.1903,0.366524901
CDK8,0.0737,0.0093,0.0183,0.5833,1.5381,0.2278,2.291688257
HMGXB4,0.0942,0.015,0.0296,0.5832,1.5379,0.2455,3.679609343
CHD2,0.0856,0.0125,0.0246,0.5831,1.5378,0.2383,3.0774806
ETS2,0.0141,0.0003,0.0007,0.5825,1.5367,0.1528,-0.571162663
CREBBP,0.0833,0.0118,0.0234,0.5816,1.5352,0.236,2.911105254
FOXP2,0.0594,0.0061,0.012,0.5804,1.5331,0.2135,1.434610278
MYNN,0.083,0.0118,0.0233,0.5796,1.5318,0.2353,2.889540698
CDK9,0.0885,0.0134,0.0264,0.5791,1.5309,0.2399,3.267988523
BRD9,0.0964,0.0159,0.0313,0.5785,1.5298,0.2464,3.848196116
CXXC5,0.0681,0.008,0.0159,0.5768,1.527,0.2213,1.926422566
ARRB1,0.059,0.006,0.012,0.5763,1.5261,0.2123,1.395294466
ZNF846,0.0207,0.0007,0.0015,0.5759,1.5254,0.1644,-0.365614454
XRCC5,0.0752,0.0098,0.0193,0.5754,1.5244,0.2275,2.364144855
CERS6,0.0306,0.0016,0.0032,0.5752,1.5241,0.1793,0.015988749
ZNF256,0.0552,0.0053,0.0105,0.5746,1.5231,0.2082,1.182143111
MAX,0.0959,0.0158,0.0312,0.5745,1.5229,0.2452,3.803406151
MYCN,0.0975,0.0164,0.0322,0.5738,1.5216,0.2464,3.926002389
ZNF622,0.0099,0.0002,0.0003,0.5735,1.5212,0.1415,-0.764077116
SP4,0.0843,0.0123,0.0242,0.5734,1.521,0.2351,2.962632732
E2F4,0.0864,0.0129,0.0255,0.5733,1.5208,0.237,3.112459468
RUNX1,0.0901,0.014,0.0276,0.5729,1.5202,0.24,3.368989861
ZNF574,0.0701,0.0085,0.0169,0.5728,1.52,0.2223,2.030867274
WDHD1,0.053,0.0049,0.0097,0.5728,1.52,0.2056,1.057338534
BCL11B,0.0854,0.0126,0.025,0.5719,1.5184,0.2358,3.037041316
CEBPZ,0.0349,0.0021,0.0042,0.5716,1.5179,0.1844,0.180234611
TCF25,0.0569,0.0056,0.0112,0.5713,1.5173,0.2093,1.255540681
FANCL,0.0507,0.0045,0.0089,0.5712,1.5171,0.2029,0.931211168
KLF12,0.0664,0.0077,0.0153,0.5711,1.5169,0.2186,1.808503174
AFF4,0.0907,0.0143,0.0281,0.5709,1.5166,0.2401,3.417113399
GTF2B,0.0831,0.012,0.0237,0.5706,1.5162,0.2335,2.87580769
TGIF2,0.0612,0.0065,0.013,0.5699,1.5149,0.2133,1.492181636
RBM39,0.0869,0.0131,0.0259,0.5697,1.5145,0.2366,3.136362371
ICE2,0.0354,0.0022,0.0044,0.5696,1.5143,0.1848,0.198398478
BICRA,0.0723,0.0091,0.0181,0.569,1.5134,0.2236,2.158208922
MXI1,0.0867,0.0131,0.0258,0.5688,1.5129,0.2363,3.123315742
PRMT5,0.0166,0.0005,0.001,0.5686,1.5126,0.1558,-0.547298703
IRF3,0.0491,0.0042,0.0084,0.5685,1.5124,0.2006,0.834756942
ERG,0.0802,0.0113,0.0223,0.5664,1.5087,0.2302,2.673982033
GMEB2,0.075,0.0099,0.0196,0.5661,1.5081,0.2255,2.330379164
FUS,0.0772,0.0104,0.0207,0.5659,1.5078,0.2274,2.464077999
JMJD1C,0.082,0.0118,0.0233,0.5658,1.5076,0.2316,2.792623194
BCL11A,0.0561,0.0055,0.011,0.5653,1.5067,0.2073,1.188357017
NFYA,0.0821,0.0118,0.0233,0.5651,1.5064,0.2315,2.790496969
UBTF,0.0745,0.0098,0.0193,0.5651,1.5065,0.2249,2.293566531
SP1,0.0879,0.0135,0.0267,0.565,1.5062,0.2365,3.199098549
DR1,0.0677,0.0081,0.016,0.5646,1.5055,0.2185,1.863523797
ELK1,0.0721,0.0091,0.0181,0.5642,1.5048,0.2225,2.127629184
ETS1,0.0908,0.0144,0.0285,0.5641,1.5047,0.2387,3.406651179
SKI,0.0837,0.0123,0.0243,0.5632,1.503,0.2325,2.898106659
SPI1,0.0689,0.0084,0.0166,0.5631,1.5029,0.2193,1.931314052
HCFC1,0.0916,0.0147,0.0291,0.5629,1.5024,0.2392,3.467843217
YY1,0.0922,0.0149,0.0294,0.5625,1.5017,0.2395,3.506980265
GABPA,0.0813,0.0117,0.0231,0.5611,1.4993,0.23,2.734967406
TFAP4,0.0768,0.0104,0.0206,0.5605,1.4982,0.2259,2.421266967
NRF1,0.0826,0.0121,0.0239,0.558,1.4937,0.2304,2.81202131
HDAC2,0.0816,0.0118,0.0234,0.558,1.4938,0.2296,2.74508923
MTA1,0.0945,0.0158,0.0311,0.5576,1.4931,0.2404,3.676060683
ZBTB7A,0.0938,0.0156,0.0308,0.5566,1.4912,0.2396,3.626277566
SMARCA4,0.0898,0.0143,0.0282,0.5563,1.4908,0.2362,3.321211086
EGR1,0.0806,0.0116,0.0229,0.556,1.4902,0.2283,2.674894428
MED1,0.0928,0.0153,0.0301,0.5554,1.4891,0.2385,3.543574699
TBP,0.0863,0.0133,0.0262,0.5544,1.4872,0.2329,3.068612204
TFDP1,0.0766,0.0105,0.0208,0.554,1.4866,0.2244,2.398158234
GTF3A,0.0057,0.0001,0.0001,0.554,1.4866,0.1259,-1.019657871
MBD2,0.0731,0.0096,0.019,0.5538,1.4862,0.2212,2.171063141
BCOR,0.0981,0.0172,0.0337,0.5526,1.4841,0.2422,3.951117986
E2F6,0.0873,0.0136,0.0269,0.5525,1.4838,0.2333,3.13361396
ZHX2,0.069,0.0085,0.017,0.5524,1.4837,0.2172,1.899283665
STAT3,0.0889,0.0141,0.0279,0.5523,1.4835,0.2345,3.249955025
ETV1,0.0658,0.0078,0.0154,0.5522,1.4833,0.2141,1.703089582
KDM4B,0.0703,0.0089,0.0176,0.552,1.483,0.2184,1.984242337
RUNX1T1,0.0857,0.0132,0.026,0.5511,1.4813,0.2316,3.02028968
ZNF224,0.0469,0.004,0.0079,0.5507,1.4806,0.1949,0.651411431
ZBTB14,0.077,0.0107,0.0211,0.5506,1.4804,0.224,2.416876033
SIN3A,0.0915,0.015,0.0296,0.5499,1.4791,0.2362,3.43896026
CREM,0.0828,0.0123,0.0244,0.5498,1.4789,0.2288,2.808281293
ZNF774,0.0069,0.0001,0.0002,0.5493,1.478,0.1294,-0.998330771
ATF3,0.0732,0.0097,0.0192,0.5492,1.4779,0.2203,2.164227534
INTS13,0.089,0.0142,0.0281,0.5491,1.4777,0.2339,3.251035458
FIP1L1,0.0843,0.0128,0.0253,0.5491,1.4776,0.23,2.916463839
DEK,0.0613,0.0068,0.0135,0.5489,1.4773,0.2092,1.424560645
LIN9,0.0451,0.0037,0.0074,0.5465,1.473,0.192,0.54168935
MGA,0.0853,0.0132,0.026,0.546,1.4719,0.2301,2.982864514
E2F1,0.0953,0.0164,0.0323,0.5449,1.47,0.2382,3.722424425
KLF5,0.0847,0.013,0.0257,0.5447,1.4697,0.2294,2.934028766
CXXC4,0.0862,0.0135,0.0266,0.5445,1.4693,0.2306,3.044433889
ARNT,0.0967,0.0169,0.0333,0.5444,1.4691,0.2392,3.833232869
DDX21,0.0684,0.0086,0.017,0.542,1.4646,0.2145,1.83687753
NONO,0.087,0.0138,0.0273,0.5419,1.4645,0.2307,3.101485833
TAF1,0.0891,0.0145,0.0287,0.5396,1.4603,0.232,3.250988584
JUN,0.0788,0.0114,0.0225,0.5396,1.4603,0.2232,2.511017187
RNF2,0.0887,0.0144,0.0284,0.5394,1.4598,0.2315,3.219512042
ASXL1,0.0496,0.0046,0.0091,0.5387,1.4585,0.1954,0.744621384
RFXAP,0.0739,0.0101,0.0199,0.5381,1.4574,0.2186,2.179950126
GMEB1,0.0926,0.0157,0.031,0.5372,1.4558,0.2342,3.508058185
JUND,0.0703,0.0091,0.0181,0.5362,1.4539,0.2149,1.932345846
SOX6,0.0882,0.0143,0.0283,0.536,1.4535,0.2304,3.177544625
ZIC2,0.0721,0.0096,0.019,0.536,1.4535,0.2165,2.049541881
HBP1,0.063,0.0074,0.0146,0.5358,1.4532,0.2082,1.484931248
ZBTB33,0.0749,0.0104,0.0206,0.5352,1.4521,0.2188,2.239280293
ARID3A,0.0689,0.0088,0.0175,0.5352,1.452,0.2135,1.847015322
KLF4,0.0782,0.0113,0.0224,0.535,1.4516,0.2216,2.45915454
RUVBL1,0.0517,0.005,0.0099,0.5335,1.4488,0.1965,0.828083058
CDK7,0.0841,0.0131,0.0259,0.5331,1.4481,0.2263,2.872406613
ZNF444,0.0816,0.0124,0.0244,0.5328,1.4476,0.2241,2.69583854
SMAD1-5,0.0271,0.0014,0.0028,0.5328,1.4476,0.1671,-0.329323173
RELA,0.0809,0.0122,0.024,0.5321,1.4462,0.2233,2.643008443
KMT2B,0.0956,0.0169,0.0333,0.5319,1.4459,0.2355,3.73943311
IKZF3,0.0829,0.0128,0.0253,0.5316,1.4454,0.225,2.788517103
PTBP1,0.0726,0.0098,0.0195,0.5316,1.4454,0.216,2.073353673
NR0B1,0.0235,0.001,0.0021,0.5314,1.4449,0.1615,-0.486431387
SMAD3,0.0888,0.0147,0.0289,0.5312,1.4446,0.2298,3.221917038
ZNF764,0.0525,0.0052,0.0103,0.5312,1.4445,0.1968,0.865972012
SIX5,0.0663,0.0082,0.0163,0.5308,1.4438,0.2101,1.665203801
TCF3,0.0849,0.0134,0.0265,0.5301,1.4424,0.2263,2.922609019
SAFB,0.0602,0.0068,0.0135,0.5295,1.4413,0.2041,1.291780659
CHAF1B,0.0336,0.0021,0.0042,0.5294,1.4411,0.1752,-0.080066127
KLF16,0.0708,0.0094,0.0186,0.5293,1.441,0.2139,1.950499598
RFX5,0.0667,0.0084,0.0166,0.5291,1.4406,0.2102,1.694276702
ZNF284,0.0121,0.0003,0.0006,0.5291,1.4405,0.1403,-0.914274926
U2AF1,0.0757,0.0108,0.0213,0.5278,1.4382,0.2179,2.277461988
PPARGC1A,0.0075,0.0001,0.0002,0.5276,1.4377,0.1281,-1.094250471
INTS11,0.0897,0.0151,0.0297,0.5269,1.4364,0.2295,3.283252123
GTF3C5,0.0299,0.0017,0.0034,0.5269,1.4365,0.1698,-0.246704422
CDK6,0.0512,0.005,0.0099,0.5263,1.4352,0.1945,0.776606556
PML,0.0743,0.0104,0.0206,0.5259,1.4345,0.2162,2.173355163
BRD3,0.0841,0.0133,0.0263,0.5244,1.4317,0.2243,2.856206131
ZNF800,0.0727,0.01,0.0198,0.524,1.4308,0.2144,2.06132514
RUNX1-RUNX1T1,0.0604,0.0069,0.0138,0.5234,1.4297,0.203,1.282468606
CTBP1,0.0908,0.0155,0.0306,0.5232,1.4293,0.2295,3.356334838
SRF,0.0609,0.0071,0.014,0.5227,1.4285,0.2033,1.314457083
NCOR2,0.0611,0.0071,0.0141,0.5224,1.4279,0.2034,1.320994914
ELK4,0.0705,0.0095,0.0187,0.5217,1.4264,0.2119,1.912920484
SP2,0.0868,0.0143,0.0281,0.5215,1.4261,0.2259,3.056573338
MTA2,0.0848,0.0136,0.0269,0.5213,1.4257,0.2242,2.903786751
HMGN3,0.0727,0.0101,0.0199,0.5208,1.4248,0.2137,2.055813228
POU2F1,0.0885,0.0148,0.0292,0.5203,1.4239,0.227,3.173662418
FOXP1,0.0714,0.0097,0.0192,0.5201,1.4234,0.2124,1.960945231
MNT,0.092,0.016,0.0316,0.52,1.4231,0.2297,3.447193887
ZBTB26,0.0922,0.0161,0.0317,0.5199,1.4231,0.2299,3.463962189
KLF15,0.0551,0.0058,0.0116,0.5198,1.4229,0.1971,0.963050429
ZNF232,0.0664,0.0084,0.0167,0.5195,1.4223,0.2078,1.636876659
KDM5A,0.0789,0.0118,0.0234,0.5191,1.4215,0.2186,2.466902867
HNRNPL,0.079,0.0119,0.0235,0.519,1.4213,0.2188,2.481994834
SUPT5H,0.0876,0.0146,0.0287,0.5188,1.4209,0.2258,3.107504709
KDM4A,0.0939,0.0167,0.0329,0.5185,1.4203,0.2309,3.592295015
NIPBL,0.0836,0.0133,0.0263,0.518,1.4193,0.2223,2.808078464
RLF,0.0476,0.0044,0.0087,0.5173,1.4181,0.1889,0.546235173
CEBPD,0.0637,0.0078,0.0155,0.5168,1.417,0.2046,1.462120179
ZNF543,0.0199,0.0008,0.0015,0.5168,1.4171,0.1531,-0.697859693
NELFE,0.0938,0.0168,0.033,0.5166,1.4166,0.2304,3.592163726
ZNF142,0.0734,0.0103,0.0204,0.5162,1.4158,0.2132,2.081276777
HNRNPLL,0.0991,0.0187,0.0367,0.5157,1.4149,0.2343,4.013535205
WRNIP1,0.0047,0,0.0001,0.5147,1.4131,0.1164,-1.274489406
VDR,0.0751,0.0109,0.0215,0.5139,1.4115,0.2142,2.20136663
BRD4,0.0926,0.0165,0.0324,0.5134,1.4105,0.2287,3.498143665
ZSCAN5A,0.064,0.0079,0.0157,0.5131,1.41,0.2041,1.464296144
TAF15,0.0739,0.0106,0.0209,0.5126,1.409,0.2129,2.118227958
HDAC1,0.0913,0.016,0.0315,0.5124,1.4085,0.2273,3.384064191
NCBP1,0.0807,0.0126,0.0248,0.5121,1.4078,0.2186,2.591258056
OLIG2,0.0911,0.016,0.0314,0.5118,1.4073,0.227,3.37223019
RBM14,0.0613,0.0073,0.0145,0.5117,1.4072,0.2013,1.297736687
RXR,0.0653,0.0083,0.0164,0.5116,1.4068,0.205,1.546551901
NAB2,0.0362,0.0026,0.0051,0.5108,1.4053,0.1747,-0.046572105
SALL4,0.022,0.001,0.0019,0.5103,1.4043,0.1555,-0.647934863
ZEB1,0.0806,0.0126,0.0249,0.51,1.4038,0.218,2.581155407
SMARCB1,0.0944,0.0172,0.0338,0.5098,1.4035,0.2292,3.632399369
ARID2,0.0953,0.0176,0.0345,0.5091,1.402,0.2297,3.710141307
ZSCAN30,0.0708,0.0097,0.0193,0.5091,1.402,0.2093,1.888320014
ZNF3,0.0679,0.009,0.0178,0.5088,1.4014,0.2067,1.703371065
KLF14,0.0774,0.0116,0.023,0.5086,1.4011,0.2149,2.340775927
ZNF343,0.0422,0.0035,0.007,0.5085,1.4009,0.1812,0.229897893
GLIS2,0.0974,0.0183,0.036,0.5083,1.4004,0.2312,3.871711462
TFAP2C,0.0825,0.0132,0.0261,0.508,1.3998,0.2191,2.710294716
ZNF524,0.0785,0.012,0.0237,0.5079,1.3997,0.2157,2.42332152
ZNF337,0.067,0.0088,0.0174,0.5079,1.3997,0.2056,1.644986474
ZNF267,0.0127,0.0003,0.0006,0.5072,1.3983,0.138,-1.018114084
ZNF501,0.0925,0.0166,0.0327,0.5062,1.3964,0.2268,3.474421774
ATXN7L3,0.0875,0.0149,0.0294,0.5062,1.3963,0.2227,3.086777058
CHD8,0.0581,0.0066,0.0132,0.506,1.3959,0.197,1.082428096
KLF10,0.0753,0.0111,0.0219,0.5056,1.3951,0.2124,2.190469597
HNRNPC,0.0819,0.0131,0.0259,0.5051,1.3942,0.2179,2.663957531
ZNF527,0.0067,0.0001,0.0002,0.5051,1.3942,0.1224,-1.241378158
ZFP37,0.0692,0.0094,0.0186,0.5046,1.3932,0.2069,1.773859737
ZSCAN18,0.0339,0.0023,0.0045,0.5042,1.3924,0.1706,-0.186513324
ZIC5,0.0627,0.0077,0.0154,0.504,1.392,0.2008,1.353922072
ZNF221,0.0148,0.0004,0.0009,0.5038,1.3916,0.1418,-0.958889792
PAX5,0.0757,0.0112,0.0222,0.5036,1.3912,0.2123,2.208366575
ZKSCAN1,0.0654,0.0084,0.0167,0.5035,1.391,0.2032,1.522337496
PBX3,0.0555,0.0061,0.0121,0.5034,1.3909,0.1939,0.9232035
CC2D1A,0.0701,0.0097,0.0191,0.5032,1.3904,0.2073,1.83062941
NCOA6,0.03,0.0018,0.0036,0.503,1.3901,0.1654,-0.362184687
ZNF660,0.0721,0.0102,0.0203,0.5027,1.3894,0.209,1.963055231
RREB1,0.0679,0.0091,0.018,0.5026,1.3893,0.2053,1.684274848
MNX1,0.0778,0.0119,0.0235,0.5022,1.3884,0.2137,2.357904005
ZNF785,0.061,0.0074,0.0146,0.5022,1.3885,0.1989,1.248844331
PHF20,0.074,0.0108,0.0214,0.5021,1.3881,0.2105,2.096507375
TBL1X,0.0633,0.0079,0.0158,0.5016,1.3871,0.2009,1.386856502
ZNF76,0.0771,0.0117,0.0232,0.5012,1.3863,0.2129,2.307948148
NFAT5,0.0679,0.0091,0.0181,0.5007,1.3853,0.2048,1.676823922
TRIM24,0.0875,0.0151,0.0297,0.5006,1.3853,0.2214,3.083845338
MEF2A,0.0643,0.0082,0.0163,0.5006,1.3851,0.2016,1.448687025
TFIIIC,0.0926,0.0169,0.0332,0.5001,1.3841,0.2253,3.4865416
AGO1,0.0831,0.0136,0.0269,0.4996,1.3832,0.2175,2.740602486
SMAD4,0.063,0.0079,0.0156,0.4995,1.383,0.2001,1.359482295
SETX,0.0477,0.0045,0.009,0.499,1.382,0.185,0.463033928
SFMBT1,0.0703,0.0098,0.0194,0.4989,1.3817,0.2065,1.830735074
ZNF75A,0.0413,0.0034,0.0068,0.4984,1.3807,0.178,0.134227692
MYC-DAXX,0.089,0.0157,0.0308,0.4982,1.3803,0.222,3.197754232
HEY2,0.0141,0.0004,0.0008,0.4979,1.3799,0.1394,-1.014600919
PCBP1,0.0729,0.0106,0.0209,0.4976,1.3791,0.2084,2.008358501
E2F3,0.0731,0.0106,0.021,0.4975,1.3791,0.2086,2.016562684
ZNF670,0.0143,0.0004,0.0008,0.4974,1.3787,0.1397,-1.012365321
KMT2A,0.0936,0.0173,0.034,0.4972,1.3783,0.2254,3.557779981
TET2,0.0576,0.0066,0.0132,0.4972,1.3784,0.1945,1.020108208
NEUROD1,0.0795,0.0126,0.0248,0.4964,1.3767,0.2137,2.473041495
KLF9,0.0811,0.0131,0.0258,0.4961,1.3761,0.215,2.589404433
L3MBTL4,0.0571,0.0065,0.013,0.496,1.3761,0.1938,0.985888831
ZNF639,0.0765,0.0117,0.023,0.4959,1.3759,0.2111,2.25567194
FOXM1,0.0642,0.0083,0.0164,0.4959,1.3758,0.2004,1.431635402
THAP1,0.0483,0.0047,0.0093,0.4953,1.3746,0.1849,0.484565422
LMO2,0.0637,0.0081,0.0162,0.4949,1.3737,0.1997,1.389602744
RFX3,0.0609,0.0074,0.0148,0.4948,1.3735,0.197,1.210856913
ZNF324,0.0699,0.0098,0.0194,0.4943,1.3725,0.205,1.794927893
SP140L,0.0639,0.0082,0.0163,0.4943,1.3725,0.1997,1.402749293
NOTCH1,0.0753,0.0113,0.0224,0.4941,1.3721,0.2097,2.160831058
ZBTB7B,0.0791,0.0125,0.0247,0.4937,1.3712,0.2128,2.436432042
BCL6,0.0773,0.012,0.0236,0.4936,1.3712,0.2112,2.309331423
DPF2,0.081,0.0131,0.0259,0.4933,1.3706,0.2143,2.575412854
SUZ12,0.0843,0.0142,0.028,0.4932,1.3703,0.2169,2.824774999
SRSF1,0.0723,0.0105,0.0208,0.4927,1.3694,0.2068,1.954765004
FLI1,0.0736,0.0109,0.0215,0.4926,1.3691,0.2078,2.044142218
GATAD2A,0.0434,0.0038,0.0076,0.4926,1.369,0.1791,0.214227667
GFI1B,0.0654,0.0086,0.0171,0.4925,1.3688,0.2006,1.491059218
ZNF2,0.0802,0.0129,0.0255,0.4921,1.368,0.2133,2.517457411
NELFCD,0.0911,0.0166,0.0327,0.4918,1.3674,0.222,3.359339469
NELFA,0.0861,0.0149,0.0293,0.4914,1.3666,0.218,2.966158021
ZNF704,0.0168,0.0006,0.0011,0.4912,1.3662,0.1432,-0.953375477
BRD2,0.0985,0.0194,0.038,0.4911,1.3661,0.2276,3.969513281
ZNF783,0.0476,0.0046,0.0091,0.4909,1.3657,0.1832,0.426688527
ZNF430,0.0071,0.0001,0.0002,0.4905,1.3648,0.1212,-1.309798178
KDM3A,0.0656,0.0087,0.0172,0.4903,1.3643,0.2003,1.495020667
ARID3B,0.0292,0.0017,0.0035,0.4899,1.3637,0.1618,-0.468311872
KLF6,0.0892,0.016,0.0315,0.4896,1.363,0.22,3.205674709
USF1,0.0591,0.0071,0.0141,0.4895,1.3628,0.1941,1.086585858
ZNF276,0.0732,0.0108,0.0214,0.4893,1.3625,0.2067,2.003708333
MORC2,0.0746,0.0112,0.0222,0.4892,1.3622,0.2079,2.100075183
ZNF263,0.0754,0.0115,0.0227,0.4889,1.3615,0.2085,2.161474641
ZSCAN22,0.0634,0.0082,0.0162,0.4889,1.3615,0.198,1.356085419
ZNF30,0.0549,0.0061,0.0122,0.4889,1.3615,0.19,0.828991688
ASH2L,0.0901,0.0163,0.0321,0.4888,1.3614,0.2204,3.269561097
KDM6B,0.0676,0.0093,0.0184,0.4886,1.361,0.2017,1.628845407
RBM15,0.0074,0.0001,0.0002,0.4879,1.3596,0.1216,-1.315013793
ZNF48,0.0093,0.0002,0.0004,0.4878,1.3592,0.1267,-1.240752303
ZNF280C,0.016,0.0005,0.0011,0.4877,1.3592,0.1412,-1.001531632
TFDP2,0.0707,0.0102,0.0201,0.4876,1.3589,0.2042,1.835962074
ZNF519,0.0586,0.007,0.0139,0.4874,1.3585,0.1932,1.04689757
ZNF860,0.012,0.0003,0.0006,0.4874,1.3585,0.1331,-1.148177895
SMAD2-3,0.0779,0.0123,0.0243,0.4871,1.3579,0.2101,2.337921408
RBBP5,0.0876,0.0155,0.0305,0.4868,1.3571,0.2179,3.070176926
ZC3H8,0.0689,0.0097,0.0191,0.4868,1.3572,0.2024,1.708575731
ATRX,0.0833,0.0141,0.0277,0.4864,1.3563,0.2144,2.742139025
ZNF837,0.0208,0.0009,0.0018,0.4861,1.3557,0.149,-0.827865999
SOX9,0.0584,0.007,0.0139,0.4859,1.3555,0.1927,1.034113377
ZNF431,0.0094,0.0002,0.0004,0.4854,1.3544,0.1267,-1.250331656
GATAD1,0.0675,0.0093,0.0184,0.4851,1.3538,0.2007,1.605306115
ZNF44,0.0703,0.0101,0.02,0.485,1.3536,0.2032,1.799244378
ZBTB21,0.074,0.0112,0.0221,0.4844,1.3524,0.2062,2.054678452
KLF7,0.0722,0.0107,0.0211,0.484,1.3515,0.2046,1.930279332
SOX4,0.0665,0.0091,0.0179,0.484,1.3515,0.1996,1.539975633
ZBED4,0.0661,0.0089,0.0177,0.4837,1.3509,0.1991,1.50390553
WDR5,0.075,0.0115,0.0227,0.4835,1.3505,0.2068,2.120660339
GLI4,0.0518,0.0055,0.011,0.4834,1.3502,0.1857,0.628674887
TCF7L2,0.0736,0.0111,0.0219,0.4825,1.3484,0.2054,2.017900999
ZNF883,0.075,0.0115,0.0228,0.4823,1.348,0.2065,2.117668375
GSPT2,0.0586,0.0071,0.0141,0.4823,1.348,0.192,1.033502881
TFAP2A,0.0593,0.0072,0.0144,0.4821,1.3475,0.1926,1.068040339
ZNF423,0.0699,0.01,0.0199,0.4817,1.3467,0.202,1.75798135
MED26,0.0985,0.0197,0.0387,0.4816,1.3465,0.2251,3.96698845
ZNF611,0.0233,0.0011,0.0023,0.481,1.3452,0.1518,-0.759267483
MRTFA,0.0678,0.0094,0.0187,0.4808,1.3449,0.1999,1.606742632
SNAI2,0.0684,0.0096,0.0191,0.4806,1.3445,0.2003,1.651632899
ICE1,0.0172,0.0006,0.0012,0.4806,1.3444,0.142,-0.999323421
PHF5A,0.0619,0.0079,0.0157,0.4803,1.3437,0.1945,1.225926003
EVI1,0.0647,0.0086,0.0171,0.4802,1.3436,0.197,1.40269456
TAF9B,0.0564,0.0066,0.0131,0.4801,1.3434,0.1893,0.888420446
NBN,0.0865,0.0153,0.0302,0.4798,1.3428,0.2153,2.976065997
ZNF217,0.0763,0.012,0.0237,0.4795,1.3421,0.2069,2.208240412
HSF1,0.0629,0.0082,0.0162,0.4791,1.3413,0.1951,1.286262914
GATAD2B,0.0766,0.0121,0.0239,0.4789,1.3408,0.2069,2.227150163
RXRA,0.0635,0.0083,0.0165,0.4787,1.3405,0.1956,1.317889537
ZNF658,0.0158,0.0005,0.001,0.4781,1.3393,0.1391,-1.065791864
NFKB1,0.0659,0.009,0.0178,0.4777,1.3384,0.1974,1.475978666
PRDM15,0.0606,0.0076,0.0151,0.4776,1.3381,0.1927,1.131709411
ZNF282,0.0747,0.0115,0.0228,0.4772,1.3372,0.2049,2.079967587
KLF13,0.075,0.0116,0.023,0.4771,1.337,0.2051,2.102412721
ZNF384,0.0607,0.0077,0.0152,0.4766,1.336,0.1925,1.140278773
ATF1,0.0815,0.0137,0.0271,0.4764,1.3357,0.2103,2.584673482
NR2C2,0.0786,0.0128,0.0253,0.4762,1.3353,0.2079,2.371160213
NR3C1,0.0711,0.0105,0.0208,0.4761,1.3349,0.2016,1.829300316
ZNF786,0.0695,0.01,0.0199,0.4759,1.3345,0.2001,1.713834344
ZNF441,0.0483,0.0049,0.0097,0.475,1.3326,0.1803,0.397903628
HEXIM1,0.067,0.0093,0.0185,0.4749,1.3324,0.1977,1.537066917
ZNF155,0.0138,0.0004,0.0008,0.4747,1.3321,0.1346,-1.154817607
SRSF7,0.071,0.0105,0.0208,0.474,1.3307,0.201,1.814678948
NR2F2,0.0673,0.0094,0.0187,0.474,1.3305,0.1977,1.554591299
ARID4A,0.0757,0.0119,0.0236,0.4731,1.3288,0.2047,2.143781656
HDAC6,0.0759,0.012,0.0237,0.473,1.3285,0.2048,2.159720815
FOXK1,0.0652,0.0089,0.0176,0.4728,1.3281,0.1956,1.414877311
CCAR2,0.0599,0.0075,0.015,0.4727,1.3279,0.1909,1.075040403
ZNF891,0.0672,0.0095,0.0187,0.4725,1.3274,0.1973,1.552358482
FOS,0.06,0.0076,0.015,0.4723,1.3271,0.1909,1.083260959
MXD4,0.0685,0.0098,0.0194,0.4721,1.3266,0.1983,1.631872577
YY2,0.0636,0.0085,0.0168,0.4721,1.3265,0.194,1.309269715
MYB,0.0754,0.0119,0.0235,0.4718,1.3258,0.2041,2.125155957
NCAPH2,0.0765,0.0123,0.0242,0.4714,1.3251,0.205,2.209743321
PHF8,0.0904,0.017,0.0335,0.4709,1.3241,0.216,3.285827106
ZFX,0.0915,0.0174,0.0343,0.4707,1.3236,0.2168,3.374941254
ETV4,0.0741,0.0115,0.0228,0.4705,1.3233,0.2027,2.027033561
MTA3,0.0823,0.0142,0.0279,0.4702,1.3226,0.2093,2.639354791
HMGB1,0.0667,0.0094,0.0186,0.4701,1.3223,0.1963,1.51488803
MLLT3,0.0646,0.0088,0.0174,0.4701,1.3224,0.1944,1.369031853
NFYC,0.0652,0.009,0.0178,0.4698,1.3217,0.1949,1.413943993
SMAD5,0.0672,0.0095,0.0189,0.4696,1.3212,0.1966,1.543322834
ARID5B,0.0671,0.0095,0.0188,0.4696,1.3213,0.1965,1.5369896
PRDM10,0.0757,0.012,0.0238,0.4694,1.3208,0.2037,2.137732974
U2AF2,0.0571,0.0069,0.0137,0.4691,1.3202,0.1874,0.888049926
ILF3,0.0765,0.0123,0.0243,0.469,1.32,0.2043,2.198757013
ZNF341,0.0704,0.0104,0.0206,0.469,1.3199,0.1991,1.753790253
ZFP64,0.0702,0.0104,0.0206,0.4686,1.3192,0.1989,1.747882213
SALL1,0.0151,0.0005,0.001,0.4686,1.319,0.136,-1.138980845
CD74,0.0657,0.0091,0.0181,0.4685,1.319,0.195,1.437544416
FOXO3,0.0532,0.006,0.0119,0.4679,1.3177,0.1834,0.645675932
L3MBTL2,0.0866,0.0157,0.031,0.4677,1.3172,0.2121,2.971267142
POU5F1,0.0735,0.0114,0.0226,0.4675,1.3167,0.2014,1.978973591
ZNF391,0.0728,0.0112,0.0221,0.4674,1.3165,0.2008,1.925708319
XRN2,0.0717,0.0109,0.0215,0.4673,1.3164,0.1998,1.851324813
FOXO1,0.0614,0.008,0.0158,0.4673,1.3164,0.1908,1.14907148
MYOD1,0.0683,0.0099,0.0196,0.4666,1.3149,0.1968,1.611567963
TEAD4,0.0676,0.0097,0.0192,0.4664,1.3144,0.1961,1.561530477
HOXA3,0.0655,0.0091,0.0181,0.4661,1.3138,0.1942,1.418548539
PHF21A,0.0652,0.009,0.0179,0.466,1.3137,0.1939,1.394696164
REPIN1,0.0494,0.0052,0.0104,0.4659,1.3133,0.1792,0.421314093
ZNF777,0.0711,0.0107,0.0212,0.4647,1.3108,0.1986,1.792944677
VEZF1,0.0723,0.0111,0.022,0.4646,1.3106,0.1997,1.885820677
SNAPC1,0.0414,0.0037,0.0073,0.4645,1.3104,0.1706,-0.017734765
ZFP42,0.0304,0.002,0.004,0.4644,1.3101,0.1579,-0.545079709
NFATC1,0.0845,0.0151,0.0298,0.4641,1.3094,0.2095,2.804191724
KDM4C,0.0782,0.013,0.0256,0.4641,1.3096,0.2044,2.31818879
DLX6,0.0546,0.0064,0.0127,0.4635,1.3081,0.1836,0.715880917
ZNF460,0.0153,0.0005,0.001,0.4635,1.3083,0.1353,-1.163947
CEBPA,0.0632,0.0085,0.0169,0.4634,1.3081,0.1915,1.252311116
CCNT2,0.0653,0.0091,0.0181,0.4633,1.3079,0.1933,1.397221842
ZFY,0.0934,0.0184,0.0362,0.4631,1.3074,0.2161,3.531774389
NFKBIZ,0.0633,0.0086,0.017,0.4629,1.3069,0.1914,1.263673087
ZBTB48,0.0839,0.015,0.0295,0.4624,1.3059,0.2085,2.759930989
SREBF1,0.0605,0.0078,0.0155,0.4624,1.3058,0.1888,1.070653663
ZBTB11,0.07,0.0105,0.0208,0.4617,1.3043,0.197,1.718486935
PRDM2,0.0188,0.0008,0.0015,0.4615,1.3038,0.141,-1.041074747
IRF2,0.0664,0.0095,0.0187,0.4614,1.3036,0.1938,1.467738034
SNIP1,0.0364,0.0029,0.0057,0.4611,1.3031,0.1643,-0.283007816
TAF3,0.0837,0.0149,0.0294,0.461,1.3027,0.208,2.734353007
HOXC5,0.0295,0.0019,0.0038,0.461,1.3029,0.1561,-0.60217504
SIRT6,0.0632,0.0086,0.017,0.4608,1.3024,0.1908,1.248792608
TAF7,0.0609,0.008,0.0158,0.4604,1.3015,0.1887,1.096769279
ZNF124,0.0086,0.0002,0.0003,0.4599,1.3004,0.1203,-1.423535896
ZBTB10,0.0774,0.0128,0.0253,0.4598,1.3002,0.2026,2.245185369
NUFIP1,0.0104,0.0002,0.0005,0.4593,1.2991,0.1245,-1.366694989
DLX4,0.0078,0.0001,0.0003,0.4591,1.2986,0.1181,-1.46053654
RFX2,0.0203,0.0009,0.0018,0.4586,1.2975,0.1428,-1.000481944
SNAPC4,0.0227,0.0011,0.0023,0.4583,1.2968,0.1463,-0.907058158
HIVEP1,0.0677,0.0099,0.0196,0.4576,1.2954,0.1939,1.543158848
INO80,0.0909,0.0177,0.0347,0.4573,1.2947,0.2125,3.320790996
FOXK2,0.0719,0.0112,0.0221,0.4571,1.2942,0.1973,1.843192223
CREB3L1,0.0839,0.0151,0.0298,0.4569,1.2939,0.207,2.74672043
PATZ1,0.0767,0.0127,0.025,0.4568,1.2937,0.2012,2.190792165
CTNNB1,0.0571,0.0071,0.0141,0.4566,1.2932,0.1843,0.845439978
MLX,0.0579,0.0073,0.0145,0.4559,1.2917,0.1848,0.891512148
EPAS1,0.0578,0.0073,0.0144,0.4557,1.2911,0.1846,0.883426192
ZNF12,0.0577,0.0073,0.0144,0.4549,1.2895,0.1844,0.877088217
ZNF598,0.0751,0.0122,0.0241,0.4545,1.2887,0.1993,2.063003003
TRIM25,0.0644,0.009,0.0179,0.4545,1.2887,0.1902,1.306743012
ZBTB6,0.0616,0.0083,0.0164,0.4543,1.2882,0.1877,1.124243108
NFATC3,0.0719,0.0112,0.0222,0.4539,1.2873,0.1965,1.827768825
KMT2D,0.078,0.0132,0.0261,0.4534,1.2862,0.2013,2.285229843
CHD1,0.0744,0.012,0.0238,0.4533,1.2859,0.1984,2.011294423
ZNF18,0.063,0.0087,0.0172,0.4532,1.2857,0.1887,1.214679258
ZBED2,0.0445,0.0043,0.0086,0.453,1.2854,0.1711,0.08477605
ZNF695,0.05,0.0055,0.0109,0.4518,1.2827,0.1763,0.39404176
ZNF561,0.0729,0.0116,0.023,0.4515,1.282,0.1967,1.901454335
ASCL1,0.0488,0.0053,0.0104,0.4514,1.2818,0.1751,0.328366583
ARNTL,0.0724,0.0115,0.0227,0.4506,1.2799,0.196,1.863928867
ZNF572,0.0582,0.0074,0.0148,0.4503,1.2794,0.1836,0.88397431
EZH2,0.0786,0.0135,0.0267,0.4497,1.2779,0.2008,2.325305928
SS18,0.0772,0.0131,0.0258,0.4494,1.2772,0.1996,2.222573201
ZNF503,0.058,0.0074,0.0148,0.4486,1.2756,0.183,0.869351024
SREBP2,0.0823,0.0149,0.0293,0.4479,1.274,0.2033,2.619511504
ZNF629,0.0702,0.0109,0.0215,0.4476,1.2732,0.1933,1.697464189
E4F1,0.0755,0.0125,0.0248,0.4475,1.273,0.1977,2.082217505
ZNF550,0.0611,0.0083,0.0164,0.4474,1.2728,0.1854,1.070368991
MCRS1,0.0863,0.0163,0.0321,0.4473,1.2727,0.2062,2.934914162
IKZF1,0.0726,0.0116,0.0229,0.4472,1.2723,0.1952,1.863240066
ZNF610,0.0674,0.01,0.0199,0.4467,1.2714,0.1907,1.489773879
BMPR1A,0.0617,0.0085,0.0168,0.4459,1.2695,0.1856,1.107856819
ZNF207,0.0721,0.0115,0.0227,0.4455,1.2686,0.1943,1.825226195
ZNF407,0.07,0.0109,0.0215,0.445,1.2674,0.1924,1.67680196
SP3,0.0786,0.0137,0.027,0.4446,1.2665,0.1994,2.322903939
NR2F1,0.0773,0.0132,0.0261,0.4443,1.266,0.1982,2.213283427
TBX21,0.0649,0.0094,0.0186,0.444,1.2652,0.1879,1.315181406
ZNF669,0.011,0.0003,0.0005,0.444,1.2652,0.1229,-1.431733836
OGG1,0.0758,0.0127,0.0252,0.4437,1.2645,0.1968,2.097784813
ZNF687,0.0712,0.0113,0.0223,0.4436,1.2642,0.1931,1.761049085
RUVBL2,0.0821,0.0149,0.0294,0.4434,1.2638,0.2018,2.590482836
RYBP,0.079,0.0138,0.0273,0.4433,1.2637,0.1993,2.343774333
XBP1,0.0684,0.0104,0.0206,0.4433,1.2637,0.1906,1.552439937
TFE3,0.0603,0.0081,0.0161,0.4433,1.2637,0.1837,0.998772811
USF2,0.0562,0.0071,0.014,0.4433,1.2636,0.1799,0.738471113
CBX4,0.0628,0.0088,0.0175,0.4425,1.2618,0.1856,1.164032383
MED12,0.0414,0.0039,0.0077,0.4425,1.2619,0.1654,-0.118344654
PARP1,0.0661,0.0098,0.0193,0.4423,1.2613,0.1884,1.39247075
SAFB2,0.0423,0.004,0.008,0.4423,1.2614,0.1662,-0.079659942
NFE2L2,0.0594,0.0079,0.0157,0.4417,1.2599,0.1824,0.935411037
NR4A1,0.0592,0.0079,0.0156,0.4411,1.2587,0.1821,0.923577036
BATF,0.0477,0.0051,0.0102,0.4408,1.258,0.1713,0.213150304
AHRR,0.0281,0.0018,0.0036,0.4404,1.2572,0.1496,-0.776548843
MYOCD,0.0646,0.0094,0.0186,0.4402,1.2567,0.1866,1.284934868
CHD4,0.064,0.0092,0.0182,0.44,1.2562,0.186,1.236971008
LDB1,0.0633,0.009,0.0179,0.4398,1.2556,0.1853,1.191193129
ZMYM2,0.0171,0.0007,0.0013,0.4392,1.2543,0.1336,-1.233285527
MYF5,0.0608,0.0084,0.0166,0.4382,1.2521,0.1828,1.02382229
ZNF609,0.06,0.0081,0.0161,0.4381,1.2517,0.182,0.959176498
BACH1,0.0574,0.0075,0.0148,0.4381,1.2517,0.1797,0.799089872
PCGF1,0.0815,0.0149,0.0293,0.438,1.2517,0.1998,2.539655197
SKIL,0.0701,0.0111,0.0219,0.438,1.2516,0.1906,1.668677191
ZNF491,0.0086,0.0002,0.0003,0.438,1.2516,0.1163,-1.551787608
KAT2B,0.039,0.0035,0.0069,0.4373,1.25,0.1616,-0.270425057
ZNF93,0.0203,0.0009,0.0019,0.4364,1.2481,0.138,-1.130333307
ZSCAN26,0.0166,0.0006,0.0013,0.4362,1.2474,0.1321,-1.272549122
MAF,0.072,0.0117,0.0231,0.4361,1.2473,0.1916,1.797276406
CBX3,0.0451,0.0046,0.0092,0.4356,1.2461,0.1674,0.040236605
CARM1,0.0492,0.0055,0.011,0.4354,1.2456,0.1714,0.278979994
CEBPB,0.0569,0.0074,0.0146,0.4352,1.2451,0.1784,0.752822546
CLOCK,0.056,0.0071,0.0142,0.4351,1.2449,0.1776,0.691191879
JARID2,0.0781,0.0138,0.0272,0.4344,1.2434,0.196,2.263826414
MYOG,0.0585,0.0078,0.0155,0.4344,1.2433,0.1796,0.853223666
ZNF554,0.0469,0.005,0.01,0.4343,1.2431,0.1688,0.137957312
ZNF714,0.0191,0.0008,0.0017,0.4343,1.2432,0.1358,-1.188475398
ARID4B,0.0756,0.0129,0.0256,0.434,1.2425,0.1939,2.065719626
KDM1A,0.0624,0.0089,0.0176,0.4339,1.2422,0.1829,1.113750444
ELL,0.0153,0.0005,0.0011,0.4338,1.242,0.1294,-1.336343967
ZNF202,0.067,0.0102,0.0203,0.4316,1.2368,0.1861,1.418519654
ZNF35,0.0495,0.0056,0.0112,0.4313,1.2362,0.1705,0.275646747
ZNF579,0.0668,0.0102,0.0202,0.4311,1.2357,0.1859,1.407631105
LYL1,0.0522,0.0063,0.0125,0.4307,1.2348,0.173,0.443997674
SALL3,0.0608,0.0085,0.0168,0.4306,1.2345,0.1806,0.991368763
DIDO1,0.0666,0.0102,0.0202,0.4298,1.2327,0.1854,1.39542501
DMAP1,0.0682,0.0107,0.0211,0.4295,1.2321,0.1866,1.506871937
NCOA2,0.0493,0.0056,0.0112,0.4295,1.232,0.1699,0.260388931
ZBTB12,0.0594,0.0081,0.0161,0.4284,1.2295,0.1788,0.884701945
IRF4,0.0605,0.0085,0.0168,0.4281,1.2287,0.1797,0.969491988
BCL3,0.0572,0.0076,0.015,0.4279,1.2284,0.1767,0.746630519
ZNF645,0.0318,0.0024,0.0047,0.4278,1.228,0.1512,-0.674245153
TCF7,0.0569,0.0075,0.0149,0.4273,1.2268,0.1763,0.723813291
TEAD2,0.0206,0.001,0.002,0.4269,1.226,0.1363,-1.16915046
FOSL1,0.0603,0.0084,0.0167,0.4268,1.2256,0.1791,0.943719393
ZNF274,0.0673,0.0105,0.0207,0.4267,1.2255,0.185,1.43591311
TCF4,0.0521,0.0063,0.0126,0.4267,1.2254,0.1718,0.420318905
ASH1L,0.0422,0.0042,0.0083,0.4267,1.2256,0.1622,-0.149810856
MYBL2,0.0709,0.0116,0.0229,0.4266,1.2252,0.1879,1.695842113
MLLT1,0.0764,0.0135,0.0265,0.4264,1.2248,0.1924,2.122441153
SMAD3-EPAS1,0.0358,0.003,0.006,0.4263,1.2244,0.1553,-0.490292689
ZNF333,0.0185,0.0008,0.0016,0.4262,1.2242,0.133,-1.257627167
ZNF765,0.0181,0.0008,0.0015,0.426,1.2238,0.1323,-1.272901327
ERF,0.0523,0.0064,0.0126,0.4258,1.2234,0.1717,0.426991334
HNF4A,0.0601,0.0084,0.0166,0.4257,1.223,0.1786,0.928090899
PKNOX1,0.0685,0.0109,0.0215,0.4254,1.2224,0.1856,1.519965623
SIX1,0.0555,0.0072,0.0143,0.4252,1.222,0.1745,0.630518361
AHR,0.0564,0.0074,0.0147,0.425,1.2216,0.1752,0.681629507
FOSL2,0.0597,0.0083,0.0165,0.4241,1.2195,0.1778,0.896958422
LIN54,0.0705,0.0115,0.0228,0.424,1.2192,0.1869,1.658519825
E2F7,0.0473,0.0052,0.0104,0.4238,1.2187,0.1664,0.113378573
BPTF,0.0081,0.0002,0.0003,0.4237,1.2183,0.1123,-1.652202179
BRD7,0.0561,0.0074,0.0146,0.4235,1.2178,0.1745,0.661164715
HSF2,0.0357,0.003,0.006,0.4233,1.2175,0.1544,-0.511557593
ZSCAN23,0.0557,0.0072,0.0144,0.4231,1.2171,0.174,0.624719193
KLF17,0.0695,0.0112,0.0222,0.423,1.2168,0.1858,1.580481923
SS18-SSX,0.0554,0.0072,0.0143,0.4223,1.2151,0.1736,0.609542506
NCOA1,0.0611,0.0087,0.0173,0.4222,1.2149,0.1785,0.981558307
ZNF273,0.0477,0.0054,0.0107,0.4217,1.2136,0.1663,0.138514179
BRF2,0.0231,0.0013,0.0025,0.4217,1.2138,0.1388,-1.095455265
ZNF132,0.0096,0.0002,0.0004,0.42,1.2096,0.1151,-1.627550405
PRPF4,0.0572,0.0077,0.0153,0.4195,1.2084,0.1743,0.712997627
SAP30,0.0657,0.0101,0.0201,0.4191,1.2076,0.1815,1.294144122
CSNK2A1,0.0612,0.0088,0.0175,0.419,1.2074,0.1777,0.98003038
CUX1,0.0549,0.0071,0.0142,0.4188,1.2067,0.1721,0.563192134
KLF8,0.0677,0.0108,0.0214,0.4179,1.2046,0.1828,1.442013283
ZEB2,0.0719,0.0122,0.024,0.4173,1.2031,0.186,1.75326853
NFYB,0.0613,0.0089,0.0176,0.4173,1.2031,0.1772,0.982966155
NFE2,0.0487,0.0057,0.0112,0.4169,1.2022,0.1659,0.174971678
ZNF747,0.0164,0.0006,0.0013,0.4168,1.202,0.1276,-1.396495372
ZNF566,0.0091,0.0002,0.0004,0.4167,1.2017,0.1134,-1.661120794
BHLHE22,0.0475,0.0054,0.0107,0.4155,1.199,0.1644,0.094145279
NFKBIA,0.024,0.0014,0.0028,0.4155,1.1988,0.1384,-1.09347757
REST,0.0616,0.009,0.0179,0.4151,1.1979,0.1769,0.996518563
ZMIZ1,0.0667,0.0106,0.0209,0.4149,1.1974,0.1811,1.363538532
T,0.0616,0.009,0.0179,0.4149,1.1974,0.1768,0.994938581
POU2F2,0.046,0.0051,0.0101,0.4147,1.1971,0.1628,0.006749194
THRB,0.0554,0.0073,0.0146,0.4144,1.1962,0.1713,0.578874964
ZNF454,0.0073,0.0001,0.0003,0.4141,1.1955,0.1083,-1.743037472
KLF3,0.0725,0.0125,0.0246,0.414,1.1952,0.1855,1.794846293
JUNB,0.0628,0.0094,0.0186,0.4139,1.195,0.1775,1.076686886
ZBED1,0.05,0.006,0.0119,0.4137,1.1946,0.1662,0.236528997
ZBTB42,0.0466,0.0052,0.0104,0.4136,1.1944,0.163,0.033001341
ZNF397,0.0269,0.0017,0.0035,0.4135,1.194,0.1417,-0.984874816
INSM2,0.0598,0.0086,0.017,0.4134,1.1937,0.1749,0.876141555
ZNF281,0.0529,0.0067,0.0133,0.4125,1.1916,0.1685,0.407976807
TERT,0.0107,0.0003,0.0006,0.4124,1.1914,0.116,-1.626311611
ZNF737,0.0501,0.006,0.012,0.4122,1.1909,0.1659,0.233137037
ZNF583,0.059,0.0083,0.0166,0.412,1.1905,0.1738,0.80795564
OTX2,0.0545,0.0071,0.0142,0.412,1.1905,0.1699,0.51098973
ISL2,0.0579,0.0081,0.016,0.4113,1.1887,0.1726,0.7377936
SRSF3,0.0603,0.0087,0.0173,0.4111,1.1883,0.1746,0.892239361
TBX3,0.0574,0.0079,0.0157,0.4111,1.1883,0.1722,0.696905747
SPDEF,0.0623,0.0093,0.0185,0.4104,1.1865,0.176,1.030250145
EED,0.045,0.0049,0.0098,0.4099,1.1853,0.1605,-0.07562971
SPIN1,0.0335,0.0027,0.0055,0.4097,1.1847,0.1486,-0.692760903
E2F5,0.0321,0.0025,0.005,0.4095,1.1843,0.1469,-0.763283481
ZNF468,0.0461,0.0052,0.0103,0.4091,1.1833,0.1613,-0.011147463
MRTFB,0.0689,0.0114,0.0226,0.4083,1.1814,0.1809,1.504975646
AFF1,0.0694,0.0116,0.023,0.4078,1.1801,0.1811,1.545577775
ZNF557,0.0182,0.0008,0.0016,0.4074,1.1791,0.1283,-1.382223671
STAT5B,0.0606,0.0089,0.0177,0.4073,1.1789,0.1737,0.907029337
PPARG,0.0596,0.0086,0.0171,0.4072,1.1788,0.1729,0.83528949
ZNF674,0.0349,0.003,0.0059,0.4068,1.1778,0.1493,-0.638986056
E2F8,0.0657,0.0104,0.0207,0.4066,1.1773,0.1777,1.261949804
EBF1,0.0584,0.0083,0.0165,0.4065,1.1769,0.1716,0.754403333
SOX8,0.0543,0.0072,0.0142,0.4064,1.1767,0.168,0.477610206
MSX2,0.0522,0.0066,0.0132,0.4063,1.1764,0.1661,0.339811455
ASXL3,0.0705,0.012,0.0238,0.4057,1.1751,0.1814,1.622463169
SOX2,0.0574,0.008,0.0159,0.4056,1.1749,0.1705,0.676999962
CBX7,0.05,0.0061,0.0122,0.4051,1.1736,0.1638,0.201454304
ZNF395,0.0341,0.0029,0.0057,0.4049,1.173,0.148,-0.685319009
TBX18,0.0521,0.0066,0.0132,0.4048,1.1727,0.1655,0.327356231
SP5,0.0523,0.0067,0.0133,0.4043,1.1717,0.1656,0.341534602
ZNF711,0.0859,0.0178,0.035,0.404,1.1707,0.1926,2.892614652
MCM2,0.0186,0.0009,0.0017,0.4031,1.1686,0.1279,-1.387077311
RORC,0.0725,0.0128,0.0253,0.4024,1.1667,0.1819,1.772294122
HIF3A,0.0697,0.0118,0.0234,0.4024,1.1669,0.1797,1.549610735
HEY1,0.0186,0.0009,0.0017,0.4023,1.1666,0.1277,-1.392257173
EP400,0.0667,0.0109,0.0216,0.4018,1.1653,0.1771,1.331261168
HNRNPH1,0.0494,0.006,0.012,0.4015,1.1647,0.1622,0.147963428
ELF4,0.0606,0.009,0.0179,0.4009,1.1631,0.1718,0.881309159
NCOR1,0.057,0.008,0.0159,0.3992,1.1588,0.1682,0.625470092
CTBP2,0.0497,0.0061,0.0122,0.3991,1.1586,0.1618,0.155244394
TBX2,0.0601,0.0089,0.0177,0.3987,1.1577,0.1708,0.839811717
ZBTB16,0.0495,0.0061,0.0121,0.3987,1.1577,0.1615,0.144247602
ATM,0.0248,0.0015,0.0031,0.3986,1.1574,0.1354,-1.161554303
ZNF223,0.0347,0.003,0.006,0.3976,1.1549,0.1467,-0.698839406
YBX3,0.0259,0.0017,0.0034,0.3975,1.1546,0.1365,-1.114176144
ZNF189,0.0613,0.0093,0.0185,0.3969,1.153,0.1711,0.919326962
RUNX2,0.0609,0.0092,0.0183,0.3966,1.1522,0.1707,0.892218271
ZNF766,0.0454,0.0052,0.0103,0.3966,1.1524,0.1571,-0.108433519
ZNF175,0.0513,0.0066,0.0131,0.3962,1.1514,0.1624,0.250055416
RBBP4,0.061,0.0093,0.0183,0.3961,1.1512,0.1707,0.899977038
ZNF641,0.0088,0.0002,0.0004,0.3961,1.1509,0.1085,-1.796983351
HDAC3,0.0504,0.0063,0.0126,0.3959,1.1504,0.1614,0.181669645
HOXB5,0.0485,0.0059,0.0117,0.3958,1.1502,0.1597,0.069578735
ZNF697,0.0509,0.0065,0.0129,0.3951,1.1484,0.1617,0.21702409
ATOH8,0.0406,0.0042,0.0083,0.3945,1.147,0.1518,-0.394112537
ZNF488,0.0238,0.0014,0.0029,0.3941,1.146,0.1329,-1.230950546
ZMYND8,0.0542,0.0074,0.0147,0.3936,1.1447,0.1641,0.428096721
ZNF260,0.0253,0.0016,0.0032,0.3936,1.1446,0.1347,-1.170624305
ZNF652,0.0477,0.0057,0.0114,0.3933,1.144,0.1582,0.006252141
ZNF692,0.065,0.0106,0.0209,0.3932,1.1437,0.173,1.182700343
FOXP4,0.0549,0.0076,0.015,0.393,1.1431,0.1645,0.467951965
ZNF467,0.0461,0.0054,0.0107,0.3928,1.1426,0.1566,-0.085694518
ZSCAN21,0.0598,0.009,0.0178,0.3924,1.1418,0.1685,0.803157328
ZNF398,0.0575,0.0083,0.0165,0.3921,1.141,0.1665,0.639169353
OVOL1,0.0511,0.0066,0.0131,0.3921,1.1409,0.161,0.218147887
HDAC8,0.0643,0.0104,0.0205,0.3919,1.1404,0.172,1.125354852
POU4F2,0.0392,0.0039,0.0078,0.3917,1.1399,0.1496,-0.489351478
SRC,0.0398,0.004,0.008,0.3916,1.1395,0.1502,-0.460288172
PHC1,0.0124,0.0004,0.0008,0.3914,1.1391,0.1148,-1.696206758
AATF,0.049,0.0061,0.0121,0.3912,1.1385,0.1588,0.083076991
ZNF114,0.0184,0.0009,0.0017,0.3908,1.1376,0.1246,-1.471223376
ZMYND11,0.0456,0.0053,0.0105,0.3907,1.1373,0.1556,-0.126816541
APC,0.0587,0.0087,0.0173,0.3906,1.1371,0.167,0.721382773
MAF1,0.0448,0.0051,0.0101,0.3905,1.1368,0.1547,-0.179497687
SMC4,0.0051,0.0001,0.0001,0.3905,1.1367,0.0972,-1.967083377
ZFP69B,0.0538,0.0073,0.0146,0.3903,1.1362,0.1628,0.384881737
NR5A2,0.0588,0.0088,0.0174,0.3893,1.1339,0.1667,0.727564882
NR1H2,0.0554,0.0078,0.0155,0.3886,1.132,0.1636,0.486892519
GABPB1,0.0655,0.0108,0.0215,0.3883,1.1313,0.1718,1.201708718
ZNF264,0.0427,0.0047,0.0093,0.3879,1.13,0.1519,-0.309446827
PAX3-FOXO1,0.0471,0.0057,0.0113,0.3875,1.1291,0.156,-0.049290126
PROX1,0.0383,0.0038,0.0075,0.3873,1.1286,0.1475,-0.558934555
SMAD1-5-8,0.0118,0.0004,0.0007,0.3869,1.1275,0.1126,-1.74514117
ZNF148,0.06,0.0092,0.0182,0.3862,1.1258,0.1667,0.798675804
PRDM14,0.0539,0.0074,0.0148,0.3855,1.1239,0.1614,0.371163058
ZNF165,0.0311,0.0025,0.005,0.3855,1.1239,0.1394,-0.942611251
TCOF1,0.0092,0.0002,0.0004,0.3854,1.1236,0.1071,-1.853456751
BRD1,0.0615,0.0097,0.0192,0.3852,1.1231,0.1676,0.9074179
FOXJ2,0.0191,0.0009,0.0019,0.3847,1.1219,0.1241,-1.486048543
NKX2-1,0.0555,0.0079,0.0157,0.3843,1.1207,0.1623,0.476052821
ZNF57,0.0076,0.0001,0.0003,0.3837,1.1191,0.1028,-1.923736246
DPF1,0.0382,0.0038,0.0075,0.3834,1.1186,0.1463,-0.587188475
YY1AP1,0.0635,0.0104,0.0205,0.3831,1.1178,0.1686,1.048989006
ZSCAN2,0.0249,0.0016,0.0032,0.383,1.1174,0.1314,-1.249581656
PALB2,0.0275,0.002,0.0039,0.3826,1.1163,0.1345,-1.130245147
TRIP13,0.019,0.0009,0.0019,0.3824,1.1158,0.1234,-1.503459077
NR2C1,0.0577,0.0086,0.017,0.3822,1.1152,0.1635,0.62159844
IRF5,0.0347,0.0031,0.0063,0.3819,1.1147,0.1422,-0.782990349
IRF1,0.0554,0.0079,0.0158,0.3818,1.1143,0.1615,0.461581024
ETV6,0.0524,0.0071,0.0141,0.3815,1.1134,0.1588,0.257043261
ZFP36,0.0471,0.0058,0.0115,0.3811,1.1125,0.154,-0.076271298
KMT2B-D,0.0603,0.0094,0.0186,0.3806,1.1111,0.1651,0.799695047
EHF,0.0597,0.0092,0.0183,0.3806,1.1111,0.1647,0.758227179
HIC1,0.058,0.0087,0.0173,0.3803,1.1105,0.1632,0.636449845
NCOA4,0.0246,0.0016,0.0032,0.3803,1.1103,0.1303,-1.274299407
ZNF329,0.0201,0.0011,0.0021,0.3802,1.1101,0.1244,-1.466681204
GATA2,0.0532,0.0074,0.0146,0.3801,1.1097,0.1591,0.310961975
ARID1A,0.0709,0.013,0.0256,0.38,1.1096,0.1733,1.615315606
HOMEZ,0.0164,0.0007,0.0014,0.3797,1.1089,0.1188,-1.621396017
PLAG1,0.0565,0.0083,0.0165,0.3792,1.1074,0.1616,0.529894094
ZBTB8A,0.0644,0.0108,0.0213,0.3789,1.1066,0.1679,1.105741902
ZSCAN29,0.0551,0.0079,0.0157,0.3787,1.106,0.1602,0.429184591
TEAD1,0.0536,0.0075,0.0149,0.3785,1.1056,0.1589,0.329272375
NFIC,0.0559,0.0082,0.0162,0.3784,1.1053,0.1608,0.490584049
FOXS1,0.0173,0.0008,0.0016,0.3781,1.1046,0.1199,-1.592675942
PBX1-2-3,0.0425,0.0047,0.0094,0.3779,1.1041,0.1488,-0.377053839
SREBF2,0.0613,0.0098,0.0194,0.3777,1.1035,0.165,0.868238698
ZNF597,0.0381,0.0038,0.0076,0.3772,1.1021,0.1443,-0.627918871
THAP11,0.0384,0.0039,0.0077,0.377,1.1017,0.1446,-0.609711472
ZGPAT,0.0621,0.0101,0.02,0.3768,1.1012,0.1654,0.929727851
ZBTB20,0.0667,0.0116,0.0229,0.3767,1.1008,0.169,1.273274976
YAP1,0.0463,0.0056,0.0112,0.3767,1.1008,0.1519,-0.153260382
SOX13,0.0439,0.0051,0.0101,0.3759,1.0988,0.1495,-0.297693573
TSHZ1,0.0501,0.0066,0.0131,0.375,1.0963,0.1547,0.079251388
OGT,0.0606,0.0097,0.0192,0.3736,1.0924,0.1631,0.808188739
GTF3C2,0.0502,0.0067,0.0132,0.3735,1.0924,0.1544,0.084250807
HHEX,0.0305,0.0025,0.0049,0.3734,1.092,0.1352,-1.042447198
TSC22D4,0.0503,0.0067,0.0133,0.3732,1.0915,0.1544,0.0884559
ZNF816,0.0218,0.0013,0.0025,0.3731,1.0913,0.1248,-1.441087909
IFNA1,0.0612,0.0099,0.0196,0.373,1.091,0.1634,0.850489075
ZKSCAN5,0.0337,0.003,0.006,0.3725,1.0896,0.1384,-0.890139118
NEUROG2,0.0536,0.0076,0.0151,0.3724,1.0894,0.157,0.304073864
ZNF37A,0.0159,0.0007,0.0014,0.3721,1.0884,0.1162,-1.683408458
ZNF213,0.0542,0.0078,0.0155,0.3715,1.0869,0.1572,0.343986947
CIITA,0.0179,0.0009,0.0017,0.3715,1.0871,0.119,-1.610066601
ZNF253,0.0109,0.0003,0.0006,0.3714,1.0868,0.1073,-1.881750624
BDP1,0.01,0.0003,0.0005,0.371,1.0855,0.1054,-1.912738575
NR2F6,0.0528,0.0074,0.0147,0.3707,1.0847,0.1557,0.241149302
MED,0.0669,0.0118,0.0234,0.3706,1.0846,0.167,1.272115674
ARID1B,0.0596,0.0095,0.0188,0.3694,1.0812,0.1609,0.724286406
TRIM28,0.055,0.0081,0.016,0.3693,1.081,0.1571,0.391412994
SFPQ,0.0464,0.0058,0.0115,0.3687,1.0794,0.1495,-0.176878548
SMARCD3,0.054,0.0078,0.0155,0.3685,1.0787,0.156,0.318385538
ZNF512B,0.0532,0.0076,0.0151,0.3679,1.0772,0.1551,0.263684494
ZNF571,0.021,0.0012,0.0024,0.3679,1.0771,0.1224,-1.507002664
ZNF449,0.0514,0.0071,0.0141,0.3674,1.0759,0.1534,0.138080811
HNRNPUL1,0.0491,0.0065,0.0129,0.3674,1.0759,0.1515,-0.010868924
EHMT2,0.0535,0.0077,0.0153,0.3671,1.075,0.1551,0.281238815
CASZ1,0.052,0.0073,0.0145,0.3671,1.0749,0.1538,0.182163808
UTX,0.0109,0.0003,0.0006,0.366,1.0721,0.106,-1.91746612
LMO1,0.05,0.0068,0.0134,0.3658,1.0714,0.1517,0.042714291
STAT2,0.0385,0.004,0.008,0.3651,1.0697,0.1411,-0.668592274
ZNF778,0.0383,0.004,0.008,0.3639,1.0664,0.1405,-0.681338463
ZXDC,0.0438,0.0052,0.0104,0.3636,1.0655,0.1456,-0.364140702
NFIL3,0.0289,0.0023,0.0046,0.3636,1.0655,0.1307,-1.173537258
ZNF169,0.0266,0.0019,0.0039,0.3636,1.0655,0.1281,-1.287619091
SPIB,0.0479,0.0062,0.0124,0.3633,1.0647,0.1491,-0.111539559
NRIP1,0.0433,0.0051,0.0102,0.3626,1.0626,0.1447,-0.399440268
HES1,0.0507,0.007,0.0139,0.3622,1.0616,0.1511,0.069807336
ZNF302,0.0149,0.0006,0.0012,0.3622,1.0615,0.112,-1.791491289
SUPT6H,0.0598,0.0097,0.0193,0.3611,1.0586,0.1582,0.707250102
TFEB,0.041,0.0046,0.0092,0.3611,1.0585,0.1421,-0.543001071
SIX4,0.01,0.0003,0.0006,0.36,1.0555,0.1028,-1.980919908
KAT8,0.013,0.0005,0.0009,0.3595,1.054,0.1082,-1.877604957
GLIS1,0.0577,0.0091,0.018,0.3594,1.0539,0.1559,0.545708212
ZNF792,0.0437,0.0053,0.0105,0.3594,1.0539,0.1441,-0.383443693
KMT2C,0.0565,0.0087,0.0173,0.3592,1.0534,0.1549,0.456276484
DNMT1,0.0198,0.0011,0.0022,0.3591,1.053,0.1184,-1.611354711
GFI1,0.0468,0.006,0.012,0.359,1.0528,0.1467,-0.198979193
ZNF239,0.0496,0.0068,0.0135,0.3585,1.0514,0.1489,-0.013289644
FOXJ3,0.0483,0.0064,0.0128,0.3584,1.0512,0.1478,-0.104246839
ZNF83,0.0252,0.0018,0.0035,0.3574,1.0484,0.1246,-1.387258929
ZNF547,0.038,0.004,0.008,0.3573,1.048,0.1381,-0.734499386
ZNF740,0.0356,0.0035,0.007,0.3573,1.0479,0.1358,-0.87006314
HOXB7,0.0052,0.0001,0.0002,0.3572,1.0477,0.0906,-2.171978791
TASOR,0.012,0.0004,0.0008,0.3571,1.0475,0.1059,-1.931212985
BAP1,0.0611,0.0103,0.0204,0.3564,1.0454,0.1576,0.79758093
ZBTB49,0.0074,0.0002,0.0003,0.3564,1.0456,0.0963,-2.097623939
MECP2,0.0109,0.0003,0.0007,0.3563,1.0451,0.1036,-1.978158643
ZNF24,0.0584,0.0094,0.0187,0.3558,1.0436,0.1552,0.589055448
PGR,0.0556,0.0086,0.017,0.355,1.0416,0.1527,0.38626962
TWIST1,0.054,0.0081,0.0161,0.3549,1.0411,0.1514,0.272146392
BACH2,0.051,0.0072,0.0144,0.3547,1.0407,0.1489,0.060905474
STAT5A,0.04,0.0045,0.0089,0.3545,1.0402,0.1391,-0.631623031
SALL2,0.0455,0.0058,0.0115,0.3543,1.0395,0.1439,-0.298417502
SMARCE1,0.0519,0.0075,0.0149,0.3541,1.039,0.1493,0.120937612
SNRNP70,0.0331,0.0031,0.0061,0.3541,1.0389,0.1323,-1.017997301
PHIP,0.0667,0.0123,0.0243,0.354,1.0386,0.1609,1.228558454
ZXDB,0.0594,0.0098,0.0194,0.3535,1.0373,0.1552,0.65668026
ZNF197,0.017,0.0008,0.0016,0.3535,1.0372,0.1128,-1.766978636
TP53,0.0516,0.0074,0.0148,0.3533,1.0366,0.1489,0.096851324
CDC5L,0.0378,0.004,0.008,0.3531,1.0361,0.1366,-0.76847518
POU2AF1,0.0337,0.0032,0.0064,0.3528,1.0352,0.1324,-0.993756987
FOXO1-PAX3,0.0478,0.0064,0.0127,0.3525,1.0346,0.1454,-0.161182921
RAD51,0.0516,0.0075,0.0148,0.3511,1.0304,0.148,0.088571117
ZFP14,0.0117,0.0004,0.0008,0.3509,1.0299,0.1037,-1.981386685
ZNF180,0.0161,0.0007,0.0015,0.3503,1.0281,0.1107,-1.822501024
ZNF708,0.0145,0.0006,0.0012,0.3503,1.0283,0.1082,-1.882238655
OVOL3,0.0417,0.0049,0.0098,0.3495,1.026,0.139,-0.559978709
THRA,0.0141,0.0006,0.0011,0.3495,1.0258,0.1074,-1.901630918
NOTCH3,0.0386,0.0042,0.0084,0.3487,1.0236,0.1359,-0.749438941
SSRP1,0.0481,0.0066,0.013,0.3486,1.0234,0.1443,-0.153722702
ZNF614,0.0046,0.0001,0.0001,0.3481,1.0218,0.0866,-2.256820988
HMGB2,0.0561,0.0089,0.0176,0.3479,1.0212,0.1506,0.395443125
BCLAF1,0.0483,0.0066,0.0132,0.3469,1.0184,0.1439,-0.153536033
ZBTB44,0.0466,0.0062,0.0123,0.3467,1.018,0.1424,-0.26194148
USP7,0.0339,0.0033,0.0066,0.346,1.0158,0.1305,-1.020735502
ETV2,0.039,0.0044,0.0087,0.3458,1.0153,0.1353,-0.732229738
PBX1,0.0541,0.0084,0.0166,0.3447,1.0122,0.1478,0.246107064
ZNF425,0.0307,0.0027,0.0055,0.3427,1.0063,0.1262,-1.210296177
SP7,0.0546,0.0086,0.017,0.3424,1.0055,0.1474,0.273422122
TERF1,0.0361,0.0038,0.0076,0.3421,1.0045,0.1314,-0.91727851
ESRRB,0.0108,0.0003,0.0007,0.3419,1.004,0.0998,-2.078444702
ZNF225,0.0043,0.0001,0.0001,0.3417,1.0033,0.0844,-2.308350118
ZNF502,0.0069,0.0001,0.0003,0.3413,1.002,0.0914,-2.222941451
CHD7,0.0501,0.0073,0.0144,0.3405,0.9999,0.1431,-0.053408659
ZNF85,0.0142,0.0006,0.0012,0.3405,0.9997,0.1051,-1.957449139
HNF1B,0.0601,0.0104,0.0206,0.3404,0.9996,0.1509,0.675803471
PLRG1,0.0246,0.0018,0.0035,0.3403,0.9993,0.1188,-1.521177552
GLIS3,0.0568,0.0093,0.0185,0.34,0.9983,0.1482,0.423044125
LCORL,0.0438,0.0056,0.0111,0.3398,0.9979,0.1375,-0.472814963
IRF8,0.0432,0.0054,0.0108,0.3397,0.9974,0.1369,-0.516143796
ZNF141,0.0247,0.0018,0.0036,0.3397,0.9974,0.1187,-1.519273341
SMARCC2,0.0495,0.0071,0.0142,0.3388,0.9949,0.142,-0.103753122
NFIA,0.044,0.0056,0.0112,0.3385,0.994,0.1372,-0.474297971
LEF1,0.0482,0.0068,0.0135,0.3383,0.9934,0.1408,-0.188995239
ZNF134,0.0419,0.0051,0.0102,0.3379,0.9922,0.1352,-0.606843434
ZNF257,0.0387,0.0044,0.0087,0.3379,0.992,0.1323,-0.796800635
OSR2,0.0472,0.0065,0.013,0.3377,0.9917,0.1397,-0.260926375
ZNF195,0.0103,0.0003,0.0006,0.3376,0.9913,0.0977,-2.125677462
NCOA3,0.0405,0.0048,0.0096,0.3375,0.991,0.1339,-0.68926504
GATA1,0.0442,0.0057,0.0114,0.3373,0.9903,0.137,-0.46183906
ARHGAP35,0.0343,0.0035,0.0069,0.337,0.9893,0.128,-1.047708292
ESR1,0.0523,0.008,0.0159,0.3367,0.9886,0.1435,0.086345348
ZNF596,0.0435,0.0056,0.0111,0.3362,0.987,0.136,-0.505696354
ZNF7,0.0067,0.0001,0.0003,0.3358,0.986,0.0898,-2.264786095
ZNF318,0.046,0.0062,0.0124,0.3357,0.9855,0.138,-0.351564219
BMI1,0.0456,0.0061,0.0122,0.3355,0.9849,0.1376,-0.37821112
MTF2,0.0519,0.0079,0.0157,0.3352,0.9841,0.1426,0.049722207
FOXF2,0.0276,0.0023,0.0045,0.3351,0.9837,0.1205,-1.408603106
ZNF675,0.0244,0.0018,0.0035,0.335,0.9836,0.1169,-1.563895084
CDX2,0.0424,0.0053,0.0106,0.3348,0.9831,0.1346,-0.585053719
ZNF521,0.0162,0.0008,0.0016,0.3347,0.9828,0.1066,-1.915676034
MBD3,0.0434,0.0056,0.0111,0.3342,0.9812,0.1352,-0.522550663
ZNF33A,0.0065,0.0001,0.0003,0.3336,0.9793,0.0887,-2.286209526
UBN1,0.0474,0.0067,0.0133,0.3322,0.9752,0.1379,-0.268162385
ZNF184,0.0472,0.0066,0.0132,0.3318,0.9738,0.1375,-0.28872518
MEN1,0.0555,0.0091,0.018,0.3316,0.9735,0.144,0.294997969
ZNF304,0.0094,0.0003,0.0005,0.3312,0.9721,0.0944,-2.197449084
ESR2,0.0449,0.006,0.012,0.3308,0.971,0.1353,-0.444693871
ZNF77,0.0116,0.0004,0.0008,0.3303,0.9693,0.0981,-2.126696567
ZNF589,0.0412,0.0051,0.0101,0.3299,0.9683,0.1318,-0.684862086
ZNF174,0.0102,0.0003,0.0006,0.3295,0.967,0.0955,-2.184122712
HDGF,0.0567,0.0096,0.0189,0.3294,0.9667,0.1441,0.383313275
ZNF592,0.0531,0.0084,0.0167,0.3294,0.9666,0.1414,0.115325688
ZNF595,0.0072,0.0002,0.0003,0.329,0.9654,0.0892,-2.289571804
PRDM4,0.0471,0.0066,0.0132,0.3289,0.9652,0.1364,-0.312309395
ZNF696,0.0112,0.0004,0.0008,0.3288,0.965,0.097,-2.147030956
PHB2,0.0383,0.0044,0.0088,0.3284,0.9635,0.1287,-0.871065381
DAXX,0.0409,0.0051,0.0101,0.3283,0.9632,0.131,-0.702962795
TCFL5,0.0191,0.0011,0.0022,0.3283,0.9635,0.1085,-1.844641556
ZNF671,0.0241,0.0018,0.0035,0.3278,0.9618,0.1144,-1.622296922
ZNF580,0.0477,0.0068,0.0136,0.3276,0.9612,0.1364,-0.275988126
TCF21,0.0395,0.0047,0.0094,0.3276,0.9611,0.1295,-0.801079043
ZNF514,0.0089,0.0002,0.0005,0.3276,0.9613,0.0924,-2.244665576
MEF2C,0.0376,0.0043,0.0085,0.3274,0.9606,0.1277,-0.914288146
NSD2,0.0333,0.0034,0.0067,0.3274,0.9605,0.1237,-1.157135043
ZNF320,0.0362,0.004,0.0079,0.3273,0.9602,0.1263,-0.995721675
SMAD3-HIF1A,0.0408,0.005,0.01,0.3272,0.9599,0.1305,-0.726256407
ZNF613,0.0101,0.0003,0.0006,0.3271,0.9595,0.0945,-2.204741576
ZNF843,0.051,0.0078,0.0155,0.327,0.9594,0.1388,-0.047762921
CSDC2,0.0472,0.0067,0.0134,0.3263,0.9573,0.1355,-0.313018542
SOX21,0.0358,0.0039,0.0078,0.3251,0.9536,0.1253,-1.032405989
ZNF462,0.0395,0.0048,0.0095,0.3249,0.9529,0.1285,-0.808755954
DDX20,0.0498,0.0075,0.0149,0.3247,0.9523,0.137,-0.140615277
GRHL2,0.0482,0.0071,0.014,0.3247,0.9523,0.1357,-0.245453486
SHOX2,0.0479,0.007,0.0138,0.3247,0.9522,0.1355,-0.268446779
DEAF1,0.0289,0.0026,0.0051,0.3247,0.9522,0.1185,-1.405956532
MED25,0.0459,0.0064,0.0127,0.3246,0.9519,0.1338,-0.407947849
MZF1,0.049,0.0073,0.0144,0.3245,0.9516,0.1362,-0.197245109
BRF1,0.0324,0.0032,0.0064,0.3244,0.9513,0.1218,-1.228281714
ZNF749,0.0052,0.0001,0.0002,0.3242,0.9506,0.083,-2.394552948
PAXIP1,0.0511,0.0079,0.0158,0.3236,0.949,0.1376,-0.050307836
RUNX1-3,0.0154,0.0007,0.0015,0.3232,0.9476,0.102,-2.030479344
NFRKB,0.0565,0.0097,0.0192,0.3231,0.9472,0.1415,0.352035009
SND1,0.0381,0.0045,0.0089,0.3226,0.9459,0.1264,-0.906239226
ZNF41,0.0401,0.0049,0.0098,0.3223,0.9448,0.1281,-0.794923731
ZNF750,0.0422,0.0055,0.0109,0.3212,0.9415,0.1294,-0.662777114
ZNF394,0.0507,0.0079,0.0156,0.3208,0.9403,0.1362,-0.088602207
ID3,0.0566,0.0098,0.0194,0.3207,0.94,0.1406,0.352508552
NR5A1,0.0395,0.0048,0.0096,0.3202,0.9384,0.1268,-0.840209519
ZNF101,0.0487,0.0073,0.0145,0.3198,0.9371,0.1343,-0.234349521
SMAD2,0.0426,0.0056,0.0111,0.3196,0.9366,0.1292,-0.649503653
REL,0.0451,0.0063,0.0125,0.3191,0.9347,0.1311,-0.483376934
FOXA2,0.049,0.0075,0.0148,0.3177,0.9304,0.1337,-0.214949596
ZIK1,0.016,0.0008,0.0016,0.3177,0.9305,0.1012,-2.04377495
KAT7,0.0562,0.0097,0.0193,0.3176,0.9301,0.139,0.306952384
NR1H3,0.0166,0.0009,0.0017,0.3175,0.9299,0.1019,-2.01894938
ZNF410,0.0296,0.0027,0.0055,0.3173,0.9292,0.1166,-1.421568744
ZNF662,0.0166,0.0009,0.0017,0.317,0.9282,0.1017,-2.023002984
HKR1,0.005,0.0001,0.0002,0.3166,0.9271,0.0805,-2.454075682
ZNF701,0.0168,0.0009,0.0018,0.3164,0.9264,0.1018,-2.018368744
CHAMP1,0.0425,0.0056,0.0112,0.316,0.9251,0.1277,-0.6755501
PAX6,0.0389,0.0047,0.0094,0.3159,0.9248,0.1247,-0.902633303
WT1,0.0497,0.0077,0.0152,0.3157,0.9242,0.1334,-0.182758319
ZNF322,0.0194,0.0012,0.0024,0.3155,0.9237,0.1048,-1.915339534
PAX8,0.0323,0.0033,0.0065,0.3148,0.9214,0.1183,-1.290399758
TERF2,0.033,0.0034,0.0068,0.3147,0.9209,0.1189,-1.255573251
ZNF544,0.0148,0.0007,0.0014,0.314,0.9187,0.0983,-2.1164916
ZNF16,0.0171,0.0009,0.0018,0.3137,0.9178,0.1013,-2.031940289
ZNF624,0.031,0.003,0.0061,0.313,0.9155,0.1164,-1.374152096
ZNF84,0.0151,0.0007,0.0015,0.3125,0.9139,0.0983,-2.116116347
ZNF649,0.0145,0.0007,0.0013,0.312,0.9122,0.0973,-2.142443732
HINFP,0.025,0.002,0.004,0.3119,0.912,0.11,-1.683959054
SRSF4,0.0423,0.0057,0.0113,0.3117,0.9113,0.126,-0.699685945
ZNF507,0.0414,0.0054,0.0108,0.3117,0.9115,0.1252,-0.76502806
RBAK,0.0228,0.0017,0.0033,0.311,0.9093,0.1074,-1.792906612
ZNF10,0.0438,0.0061,0.0121,0.3109,0.9089,0.1268,-0.607932749
ZNF780A,0.0131,0.0006,0.0011,0.3106,0.908,0.0948,-2.202675174
ZNF700,0.0267,0.0023,0.0046,0.31,0.906,0.1112,-1.610463484
PYGO2,0.0371,0.0044,0.0088,0.3099,0.9055,0.1209,-1.037139858
NKX3-1,0.0377,0.0045,0.0091,0.3098,0.9052,0.1213,-1.004784269
ZNF493,0.0097,0.0003,0.0006,0.3097,0.905,0.0889,-2.340044088
ZNF416,0.011,0.0004,0.0008,0.309,0.9028,0.091,-2.295194095
ZNF319,0.0308,0.003,0.0061,0.3089,0.9025,0.1148,-1.409358947
ZNF621,0.0194,0.0012,0.0024,0.3085,0.9012,0.1026,-1.967546986
CBFA2T2,0.0412,0.0055,0.0109,0.307,0.8962,0.1232,-0.793325753
ZNF586,0.0142,0.0007,0.0013,0.307,0.8964,0.0953,-2.186454115
ZNF280D,0.0424,0.0058,0.0115,0.3069,0.8958,0.1241,-0.719018634
ZNF23,0.0218,0.0015,0.0031,0.3064,0.8942,0.1046,-1.87606182
ZFP91,0.0461,0.0068,0.0136,0.306,0.893,0.1267,-0.476677881
GATA4,0.0462,0.0069,0.0136,0.3058,0.8924,0.1267,-0.467706487
MAFB,0.0359,0.0042,0.0083,0.3058,0.8922,0.1182,-1.132770247
PBX2,0.0422,0.0057,0.0114,0.3056,0.8917,0.1235,-0.745654933
COBLL1,0.0163,0.0009,0.0017,0.3052,0.8903,0.0975,-2.11829724
ZNF335,0.0566,0.0103,0.0203,0.3046,0.8884,0.1339,0.305146835
ZNF563,0.0213,0.0015,0.003,0.3045,0.888,0.1034,-1.905613046
ZNF667,0.0213,0.0015,0.003,0.3045,0.888,0.1034,-1.905613046
ZNF473,0.0193,0.0012,0.0024,0.304,0.8865,0.101,-2.003874733
MEF2B,0.0487,0.0077,0.0152,0.3038,0.8857,0.1278,-0.297365459
ZNF540,0.0038,0,0.0001,0.3033,0.884,0.0735,-2.600600281
DNMT3B,0.0479,0.0075,0.0148,0.3028,0.8826,0.1268,-0.355174656
MAML1,0.0443,0.0064,0.0127,0.3019,0.8794,0.1237,-0.617811194
SOX3,0.0227,0.0017,0.0034,0.3014,0.8779,0.1039,-1.864884329
TAL1,0.0398,0.0052,0.0103,0.3013,0.8776,0.1198,-0.918066063
PITX3,0.054,0.0095,0.0188,0.3009,0.8761,0.1305,0.091651302
IRF9,0.0367,0.0044,0.0088,0.3008,0.8759,0.117,-1.117254556
CBFA2T3,0.0458,0.0069,0.0136,0.3007,0.8756,0.1243,-0.516653345
RFX1,0.0482,0.0076,0.0151,0.3005,0.8748,0.126,-0.347007087
ZNF445,0.0324,0.0035,0.0069,0.3,0.8731,0.1129,-1.369661852
RARA,0.0442,0.0064,0.0128,0.2996,0.8718,0.1227,-0.633881402
ZNF528,0.0381,0.0048,0.0096,0.2996,0.8719,0.1177,-1.030113107
ZNF644,0.0375,0.0047,0.0093,0.2983,0.8675,0.1167,-1.073994978
ZNF549,0.0354,0.0042,0.0083,0.2981,0.8667,0.1148,-1.20395051
FOXL2,0.046,0.007,0.0139,0.2977,0.8653,0.1232,-0.515882067
ZNF8,0.033,0.0036,0.0072,0.2977,0.8654,0.1125,-1.354617001
ZNF768,0.0285,0.0027,0.0054,0.2975,0.8648,0.1083,-1.6026211
CRY2,0.0404,0.0054,0.0108,0.2972,0.8639,0.1186,-0.900710493
RBFOX2,0.0506,0.0084,0.0168,0.2966,0.8617,0.1262,-0.189973595
FEZF1,0.042,0.0059,0.0117,0.2964,0.861,0.1195,-0.794405424
IKZF2,0.0479,0.0076,0.0151,0.2961,0.8602,0.124,-0.388246733
ZFP3,0.0438,0.0064,0.0127,0.2958,0.859,0.1207,-0.677681661
ZBTB5,0.0381,0.0049,0.0097,0.2956,0.8583,0.1161,-1.049631844
PAF1,0.046,0.007,0.014,0.2953,0.8574,0.1222,-0.53099684
ZNF432,0.0051,0.0001,0.0002,0.2953,0.8575,0.0751,-2.605034978
ESRRA,0.0527,0.0092,0.0183,0.2948,0.8558,0.127,-0.030433959
ZNF770,0.0424,0.006,0.012,0.2947,0.8554,0.1192,-0.778249659
EBF3,0.0387,0.0051,0.0101,0.2934,0.8508,0.1157,-1.021215105
TP63,0.0412,0.0057,0.0114,0.293,0.8495,0.1176,-0.867191213
MEIS1,0.0353,0.0042,0.0084,0.2926,0.8483,0.1126,-1.245438663
GTF2A2,0.0216,0.0016,0.0032,0.2926,0.8483,0.0996,-1.974193245
ZNF584,0.0229,0.0018,0.0036,0.2924,0.8476,0.1009,-1.913906638
NFATC2,0.0497,0.0083,0.0165,0.292,0.8462,0.1235,-0.267182516
TRPS1,0.0379,0.0049,0.0097,0.2898,0.8387,0.1135,-1.101153289
HCFC1R1,0.0427,0.0062,0.0123,0.2895,0.8375,0.1173,-0.784894144
ZBTB40,0.0484,0.008,0.0158,0.2881,0.8328,0.1209,-0.380510815
ZNF518A,0.0422,0.0061,0.0121,0.2881,0.8328,0.1162,-0.824044636
BAF155,0.0453,0.007,0.0139,0.2874,0.8303,0.1183,-0.614340455
ZNF79,0.0307,0.0033,0.0065,0.2861,0.8259,0.106,-1.550011917
GPS2,0.0345,0.0041,0.0083,0.2847,0.8207,0.1087,-1.339281843
ZNF776,0.0216,0.0016,0.0033,0.2844,0.8199,0.0966,-2.035179413
ZNF483,0.0095,0.0003,0.0006,0.2838,0.8178,0.0808,-2.539402462
NKX2-5,0.0375,0.0049,0.0098,0.2834,0.8164,0.1106,-1.157112333
AEBP2,0.0089,0.0003,0.0006,0.2832,0.8157,0.0795,-2.559382519
RPA2,0.0434,0.0066,0.013,0.283,0.815,0.115,-0.761022901
ZKSCAN8,0.0302,0.0032,0.0064,0.283,0.815,0.1043,-1.598505415
DACH1,0.0374,0.0049,0.0097,0.2823,0.8124,0.11,-1.173016449
PCGF2,0.044,0.0067,0.0134,0.2815,0.8095,0.1147,-0.736849501
ZNF677,0.0214,0.0016,0.0032,0.281,0.8079,0.0951,-2.071275163
CREB3,0.0482,0.0081,0.0161,0.2809,0.8075,0.1175,-0.423960257
ZNF681,0.0064,0.0001,0.0003,0.2804,0.8055,0.0739,-2.675963502
HNRNPK,0.0391,0.0054,0.0107,0.2788,0.7998,0.1098,-1.083314404
ZNF880,0.0039,0.0001,0.0001,0.2785,0.7987,0.0672,-2.771802595
ZNF383,0.0141,0.0007,0.0014,0.2783,0.7979,0.0855,-2.407506681
ZNF534,0.0302,0.0033,0.0065,0.2775,0.7953,0.102,-1.6316187
RELB,0.0451,0.0072,0.0143,0.277,0.7933,0.1135,-0.672215142
MIER1,0.0458,0.0074,0.0148,0.2767,0.7922,0.1138,-0.622938977
ZNF830,0.0253,0.0023,0.0046,0.2765,0.7918,0.0972,-1.906784598
GATA6,0.0441,0.0069,0.0137,0.2764,0.7911,0.1125,-0.748354075
ZMYM3,0.0372,0.0049,0.0099,0.2764,0.7913,0.1073,-1.218000574
TSHZ2,0.0402,0.0058,0.0114,0.2763,0.7909,0.1095,-1.018719819
ZNF250,0.0054,0.0001,0.0002,0.2758,0.7892,0.0702,-2.743811229
NANOG,0.0429,0.0065,0.013,0.2757,0.7887,0.1113,-0.842012148
TOP1,0.0405,0.0059,0.0117,0.2752,0.7868,0.1093,-1.000467768
ZNF28,0.0327,0.0039,0.0077,0.275,0.7861,0.1031,-1.499394325
PDX1,0.0379,0.0052,0.0103,0.2742,0.7834,0.1069,-1.179861603
GRHL1,0.0388,0.0054,0.0108,0.2732,0.7796,0.1071,-1.132503621
ZNF417,0.0103,0.0004,0.0008,0.2728,0.7783,0.0783,-2.590280088
ZBTB1,0.035,0.0044,0.0089,0.2721,0.7755,0.1037,-1.3839568
PPARA,0.0162,0.001,0.0019,0.2721,0.7755,0.0859,-2.363496802
FOXA1,0.041,0.0061,0.0121,0.2719,0.7749,0.1082,-0.984524681
ZNF331,0.0219,0.0018,0.0035,0.2717,0.7742,0.092,-2.10725036
ELF3,0.0526,0.0099,0.0197,0.2712,0.7722,0.1159,-0.114839728
ATF7,0.0423,0.0065,0.0129,0.2712,0.7723,0.1088,-0.89680243
ZNF730,0.0112,0.0005,0.0009,0.2704,0.7694,0.0789,-2.575041578
FOSB,0.0192,0.0014,0.0027,0.2703,0.7688,0.0887,-2.244393456
HMBOX1,0.0375,0.0051,0.0102,0.27,0.7679,0.1047,-1.236854239
ZNF157,0.0263,0.0026,0.0051,0.2696,0.7663,0.0953,-1.897125822
MEIS2,0.0373,0.0051,0.0102,0.269,0.764,0.1041,-1.249540553
ZNF354B,0.0148,0.0008,0.0016,0.269,0.7642,0.0831,-2.44939456
PRDM1,0.031,0.0035,0.0071,0.2689,0.7638,0.0991,-1.644981628
ZNF627,0.0032,0,0.0001,0.2685,0.7623,0.0621,-2.880307204
NFIB,0.04,0.0059,0.0118,0.266,0.7528,0.1047,-1.085819651
ZNF311,0.0419,0.0065,0.0129,0.2656,0.7513,0.1059,-0.953672247
ZNF513,0.0389,0.0056,0.0112,0.2654,0.7506,0.1036,-1.16403221
ZNF354C,0.0066,0.0002,0.0003,0.2647,0.7479,0.0693,-2.78574365
ZNF480,0.0065,0.0002,0.0003,0.2645,0.7472,0.0691,-2.789569999
MCM7,0.0136,0.0007,0.0014,0.2629,0.7413,0.0795,-2.542625713
TBX5,0.0425,0.0068,0.0135,0.2613,0.7351,0.1043,-0.928424064
ZNF707,0.0187,0.0013,0.0027,0.2609,0.7336,0.0843,-2.343129912
ZBTB24,0.0345,0.0045,0.009,0.2606,0.7324,0.0981,-1.480952708
ZNF280A,0.0311,0.0037,0.0074,0.2601,0.7306,0.0953,-1.689084332
TCF3-PBX1,0.0279,0.003,0.0059,0.2587,0.7251,0.0919,-1.890516006
HNF4G,0.0331,0.0042,0.0083,0.258,0.7225,0.0958,-1.587293908
ZNF530,0.0129,0.0006,0.0013,0.2577,0.7214,0.0766,-2.614810141
GATA3,0.0359,0.0049,0.0098,0.2572,0.7194,0.0976,-1.41478405
RBM22,0.0382,0.0056,0.0112,0.2552,0.7114,0.0982,-1.268679262
ZNF479,0.0259,0.0026,0.0053,0.2531,0.7033,0.0878,-2.039307027
ZNF626,0.0226,0.002,0.004,0.2526,0.7011,0.0846,-2.218394495
TFCP2,0.0048,0.0001,0.0002,0.2524,0.7006,0.0616,-2.946017102
ZNF558,0.0358,0.005,0.01,0.2516,0.6974,0.0948,-1.450180679
ESRRG,0.037,0.0054,0.0107,0.2511,0.6953,0.0954,-1.367298051
ZNF548,0.0175,0.0012,0.0024,0.2502,0.6917,0.0787,-2.481814296
NFKB2,0.0266,0.0028,0.0056,0.2499,0.6905,0.0869,-2.024050949
ZNF506,0.0205,0.0017,0.0033,0.2497,0.6896,0.0815,-2.342070184
ZNF215,0.0392,0.006,0.012,0.2496,0.6893,0.0962,-1.231294239
SMARCA2,0.041,0.0066,0.0131,0.2494,0.6884,0.0972,-1.100694175
IRF2BP2,0.0381,0.0057,0.0114,0.2488,0.6858,0.095,-1.311777742
RING1,0.0278,0.0031,0.0061,0.2487,0.6857,0.0873,-1.963919801
ZNF605,0.0268,0.0029,0.0057,0.2471,0.6791,0.0858,-2.032343602
GLI2,0.0174,0.0012,0.0024,0.2471,0.6792,0.0773,-2.511055146
TP73,0.0339,0.0046,0.0092,0.2466,0.6773,0.091,-1.601247377
ATF4,0.0331,0.0044,0.0087,0.2463,0.6759,0.0902,-1.658770849
ZSCAN5C,0.0325,0.0042,0.0085,0.2458,0.6737,0.0895,-1.700948227
HOXA7,0.0192,0.0015,0.003,0.2446,0.669,0.078,-2.44426799
CRY1,0.034,0.0047,0.0093,0.2423,0.6594,0.0888,-1.627263783
MBD4,0.0186,0.0014,0.0029,0.2408,0.6535,0.0758,-2.503111619
NFXL1,0.0367,0.0055,0.0109,0.2406,0.6523,0.0898,-1.453963933
ZNF577,0.0322,0.0043,0.0085,0.2402,0.6507,0.0865,-1.750047768
ZNF418,0.0067,0.0002,0.0004,0.2395,0.648,0.0609,-2.986901044
ZNF17,0.0096,0.0004,0.0008,0.2375,0.6397,0.0644,-2.901783238
CEBPG,0.0351,0.0051,0.0102,0.2362,0.6343,0.0865,-1.589775638
ZNF112,0.0098,0.0004,0.0008,0.236,0.6334,0.0641,-2.910263209
PHF19,0.0308,0.004,0.0079,0.2354,0.6305,0.0831,-1.873568562
ZSCAN4,0.0345,0.005,0.0099,0.2343,0.626,0.085,-1.641610407
SCRT1,0.0322,0.0044,0.0087,0.233,0.6206,0.0829,-1.800121838
ZNF436,0.0204,0.0018,0.0036,0.2318,0.6153,0.0733,-2.484627262
ZKSCAN2,0.0221,0.0021,0.0042,0.2314,0.6137,0.0745,-2.402995665
BCL6B,0.0289,0.0036,0.0071,0.2313,0.6132,0.0796,-2.017905353
ZNF587,0.0079,0.0003,0.0005,0.2308,0.6109,0.0593,-3.022258966
ZNF484,0.0051,0.0001,0.0002,0.2307,0.6106,0.0546,-3.121865461
ZNF350,0.0256,0.0029,0.0057,0.2267,0.5929,0.0748,-2.246507464
HLF,0.0223,0.0022,0.0043,0.2264,0.5918,0.0722,-2.433556664
ZNF135,0.0061,0.0002,0.0003,0.2264,0.5919,0.0549,-3.12078967
ZKSCAN3,0.0064,0.0002,0.0004,0.2257,0.5888,0.0551,-3.115493666
ZNF736,0.0201,0.0018,0.0036,0.2244,0.5829,0.0694,-2.560742901
FOXF1,0.0283,0.0035,0.0071,0.2242,0.5818,0.0755,-2.10650511
HOXB8,0.0377,0.0062,0.0124,0.2225,0.5745,0.0806,-1.485746405
ZNF585A,0.0207,0.0019,0.0038,0.2204,0.565,0.0679,-2.570037985
MAFK,0.0268,0.0032,0.0065,0.2198,0.5621,0.0721,-2.22994145
ZNF429,0.0155,0.0011,0.0022,0.2191,0.5589,0.0628,-2.824371363
ZNF266,0.0182,0.0015,0.003,0.218,0.5538,0.0647,-2.711503825
HNF1A,0.0281,0.0036,0.0072,0.2165,0.547,0.0711,-2.173997254
ZNF366,0.0353,0.0056,0.0112,0.2164,0.5467,0.0755,-1.696083695
CREB5,0.0291,0.0039,0.0077,0.216,0.5445,0.0715,-2.112863435
SOX10,0.0195,0.0018,0.0035,0.2157,0.5435,0.0646,-2.660649149
EWSR1,0.0222,0.0023,0.0045,0.2154,0.5418,0.0664,-2.525846587
ZSCAN16,0.0255,0.003,0.006,0.2141,0.5359,0.0681,-2.350252404
SUPT16H,0.0343,0.0054,0.0108,0.2136,0.5335,0.0733,-1.777666749
AR,0.0303,0.0042,0.0084,0.2127,0.5293,0.0704,-2.067643355
SETDB1,0.0358,0.0059,0.0118,0.2113,0.5225,0.0727,-1.68840151
MAFF,0.024,0.0027,0.0054,0.2112,0.5223,0.0654,-2.460094196
MCM5,0.0212,0.0021,0.0042,0.2107,0.5199,0.0632,-2.621790131
THRAP3,0.0191,0.0017,0.0035,0.2082,0.5081,0.0603,-2.751992789
TOX2,0.0198,0.0019,0.0038,0.2074,0.5041,0.0604,-2.716498627
ONECUT1,0.029,0.004,0.0079,0.2071,0.5024,0.0662,-2.189409916
C17orf49,0.0046,0.0001,0.0002,0.2071,0.5027,0.0447,-3.347225723
NFE2L1,0.0188,0.0017,0.0034,0.2061,0.4977,0.0589,-2.783882541
SGF29,0.0036,0.0001,0.0001,0.2042,0.4883,0.0416,-3.405098387
ADNP,0.0277,0.0037,0.0074,0.2032,0.4834,0.0631,-2.301733156
ZNF623,0.0295,0.0042,0.0084,0.2029,0.4819,0.064,-2.185420493
ZNF616,0.0085,0.0004,0.0007,0.2029,0.482,0.0481,-3.251800902
MITF,0.0297,0.0043,0.0086,0.2024,0.4795,0.0638,-2.169815425
NFIX,0.0186,0.0017,0.0034,0.2022,0.4785,0.0567,-2.827286445
ZNF791,0.019,0.0018,0.0036,0.1978,0.4569,0.0545,-2.84793084
PTRF,0.0198,0.002,0.0039,0.1976,0.4557,0.0549,-2.805070325
ATF2,0.0284,0.004,0.0081,0.1961,0.4482,0.0592,-2.308249871
ZNF684,0.006,0.0002,0.0004,0.196,0.4474,0.0419,-3.404727433
BNC2,0.0278,0.0039,0.0078,0.195,0.4425,0.0582,-2.352676458
ZNF408,0.0038,0.0001,0.0001,0.1942,0.4381,0.0378,-3.496015205
HAND2,0.0324,0.0053,0.0105,0.194,0.4375,0.06,-2.043220466
ZNF33B,0.0031,0.0001,0.0001,0.1935,0.4349,0.0364,-3.51930801
HOXB13,0.0288,0.0042,0.0084,0.1929,0.4318,0.0574,-2.305744197
ZC3H11A,0.0208,0.0022,0.0045,0.1922,0.4278,0.0523,-2.80135707
ZNF211,0.0092,0.0004,0.0009,0.192,0.4267,0.0435,-3.338074377
ZNF565,0.0157,0.0013,0.0026,0.1911,0.422,0.0484,-3.068111309
DDX5,0.028,0.0041,0.0081,0.1897,0.4151,0.0549,-2.377299217
MLXIP,0.0103,0.0006,0.0011,0.189,0.4114,0.043,-3.320450929
ZNF716,0.009,0.0004,0.0009,0.1881,0.4061,0.0413,-3.382687465
BATF3,0.0237,0.003,0.0059,0.1869,0.4001,0.0507,-2.676760871
ZNF214,0.0063,0.0002,0.0004,0.1858,0.3942,0.0374,-3.50130009
ZNF138,0.0051,0.0001,0.0003,0.1857,0.3936,0.0359,-3.541611075
ZFP57,0.0242,0.0031,0.0062,0.1851,0.3906,0.0499,-2.665609164
PCBP2,0.024,0.0031,0.0062,0.1839,0.3838,0.0489,-2.683658443
ZNF799,0.0041,0.0001,0.0002,0.182,0.3734,0.0329,-3.606235574
ZNF560,0.0089,0.0004,0.0009,0.1806,0.3659,0.0373,-3.463391879
ZNF354A,0.0061,0.0002,0.0004,0.1795,0.3597,0.0341,-3.571126178
ZNF121,0.0241,0.0032,0.0064,0.1788,0.3554,0.0456,-2.722980499
PTTG1,0.0182,0.0018,0.0037,0.1785,0.3538,0.0423,-3.069991775
MCM3,0.0237,0.0031,0.0062,0.1782,0.3521,0.0449,-2.754825691
CBX2,0.0281,0.0044,0.0087,0.1779,0.3505,0.0468,-2.460102999
EOMES,0.021,0.0025,0.005,0.1759,0.3396,0.0421,-2.932364505
ZNF404,0.0065,0.0002,0.0005,0.174,0.3283,0.0316,-3.618034593
CBX5,0.0197,0.0022,0.0044,0.1728,0.3218,0.0394,-3.043404758
ILK,0.0115,0.0008,0.0015,0.1704,0.3078,0.0333,-3.466431506
ZNF680,0.0222,0.0029,0.0057,0.1703,0.3071,0.0388,-2.912711203
ZNF808,0.0085,0.0004,0.0008,0.1702,0.3066,0.0311,-3.590372909
ZNF182,0.0181,0.0019,0.0038,0.1694,0.3019,0.0362,-3.164486879
ZNF283,0.0174,0.0018,0.0036,0.1678,0.2922,0.0348,-3.213251267
ONECUT2,0.0229,0.0031,0.0061,0.1677,0.2914,0.0372,-2.897869818
POU2F3,0.0199,0.0024,0.0047,0.1666,0.2851,0.0351,-3.084361718
ISL1,0.0248,0.0036,0.0073,0.1656,0.2787,0.0363,-2.79649854
ZFP82,0.0042,0.0001,0.0002,0.1644,0.2715,0.0242,-3.793208728
ZNF81,0.003,0.0001,0.0001,0.1638,0.2682,0.0225,-3.8298729
ZNF573,0.0184,0.0021,0.0041,0.1615,0.2541,0.0308,-3.224711534
PRDM6,0.0248,0.0038,0.0075,0.1596,0.242,0.0317,-2.845940666
MAFG,0.0241,0.0036,0.0071,0.1594,0.241,0.0313,-2.894699906
ZNF317,0.0172,0.0018,0.0037,0.1594,0.241,0.0288,-3.314616117
ZNF664,0.0219,0.003,0.0059,0.1592,0.2394,0.0304,-3.038405745
ZNF154,0.0018,0,0,0.1582,0.2329,0.0181,-3.932583004
ZNF248,0.0103,0.0007,0.0013,0.158,0.2321,0.0248,-3.651407837
YBX1,0.0243,0.0037,0.0073,0.1573,0.2274,0.0297,-2.901373547
ZNF25,0.006,0.0002,0.0005,0.157,0.2256,0.0216,-3.820396402
ZNF90,0.0211,0.0028,0.0056,0.1566,0.2231,0.0281,-3.115305045
MAML3,0.0219,0.003,0.006,0.1563,0.221,0.0281,-3.071445064
SIX2,0.0221,0.0031,0.0062,0.1535,0.203,0.0259,-3.087362534
ZNF133,0.0189,0.0023,0.0046,0.1523,0.1953,0.024,-3.294475866
RBM25,0.02,0.0026,0.0052,0.1516,0.1906,0.0238,-3.233390914
PAX7,0.0181,0.0021,0.0043,0.1516,0.1905,0.0232,-3.347400168
ZFP90,0.0021,0,0.0001,0.1514,0.1894,0.0152,-3.997483582
ZNF316,0.0223,0.0033,0.0065,0.1495,0.1768,0.0227,-3.106621181
LHX2,0.0198,0.0026,0.0052,0.1489,0.1727,0.0215,-3.27277345
ZNF212,0.0014,0,0,0.1473,0.1616,0.0122,-4.065317636
ZNF789,0.0039,0.0001,0.0002,0.1452,0.1475,0.0131,-4.023589651
ZNF140,0.0162,0.0018,0.0036,0.1433,0.1344,0.016,-3.545569785
TLE3,0.0206,0.0029,0.0058,0.1431,0.1331,0.0169,-3.286165431
ZNF292,0.0047,0.0002,0.0003,0.1421,0.1261,0.0116,-4.034645044
ZNF92,0.0158,0.0018,0.0035,0.1408,0.1167,0.0139,-3.590414583
ZNF285,0.0056,0.0002,0.0005,0.1383,0.0986,0.0094,-4.05969714
ZNF146,0.0175,0.0022,0.0044,0.1379,0.0962,0.0117,-3.530112243
ZNF362,0.0201,0.0029,0.0058,0.1377,0.0942,0.0119,-3.371391705
SVIL,0.0017,0,0,0.1376,0.0936,0.0073,-4.175507978
ZNF485,0.0122,0.0011,0.0022,0.134,0.0671,0.0076,-3.859397552
ZNF879,0.0041,0.0001,0.0003,0.134,0.0674,0.0061,-4.157694829
XRCC3,0.0045,0.0002,0.0003,0.1292,0.0308,0.0028,-4.207413274
TRRAP,0.0027,0.0001,0.0001,0.1288,0.0277,0.0023,-4.25841788
POU3F2,0.0146,0.0016,0.0033,0.1278,0.0202,0.0024,-3.820755319
CDK9-HEXIM1,0.0059,0.0003,0.0006,0.1265,0.0095,0.0009,-4.20179271
SIRT3,0.0011,0,0,0.1249,-0.0033,-0.0002,-4.347683988
ZNF34,0.0183,0.0026,0.0053,0.1235,-0.0147,-0.0018,-3.659075275
ZNF490,0.0134,0.0014,0.0029,0.1223,-0.024,-0.0028,-3.957025641
ZNF26,0.0129,0.0014,0.0027,0.1216,-0.0296,-0.0034,-3.98351584
ZNF510,0.009,0.0007,0.0013,0.1211,-0.0343,-0.0037,-4.170163285
ZNF492,0.0036,0.0001,0.0002,0.121,-0.0351,-0.0031,-4.348107658
NUTM1,0.021,0.0035,0.0071,0.1207,-0.0371,-0.0048,-3.507714839
ZNF287,0.004,0.0001,0.0003,0.1207,-0.0374,-0.0034,-4.342311064
ZNF440,0.0155,0.002,0.004,0.1194,-0.0484,-0.0058,-3.872817429
TOP2A,0.0087,0.0007,0.0013,0.1147,-0.0881,-0.0094,-4.272132257
ZNF529,0.0077,0.0005,0.001,0.1123,-0.1098,-0.0114,-4.354414545
ZNF582,0.0059,0.0003,0.0006,0.1123,-0.1091,-0.0107,-4.411396571
CDK2,0.0067,0.0004,0.0008,0.112,-0.1118,-0.0113,-4.388731081
ZZZ3,0.0179,0.0028,0.0057,0.1102,-0.128,-0.0162,-3.848963205
ZFP28,0.0076,0.0005,0.001,0.1086,-0.143,-0.0149,-4.415239017
PHOX2B,0.0158,0.0023,0.0046,0.1061,-0.1663,-0.0205,-4.040607255
ZIM3,0.0119,0.0013,0.0026,0.1061,-0.1658,-0.0191,-4.263395876
NME2,0.0048,0.0002,0.0004,0.1055,-0.1724,-0.0164,-4.552011743
ZNF585B,0.0117,0.0013,0.0026,0.1039,-0.1876,-0.0215,-4.30527164
ZFP69,0.004,0.0002,0.0003,0.1039,-0.187,-0.0172,-4.590181577
POU3F1,0.0125,0.0015,0.003,0.1037,-0.1887,-0.022,-4.263109069
GLYR1,0.0164,0.0026,0.0051,0.1017,-0.2087,-0.026,-4.064854377
ZNF512,0.0168,0.0028,0.0055,0.0995,-0.2309,-0.0291,-4.067532134
ZNF570,0.0012,0,0,0.0955,-0.271,-0.0205,-4.778090596
SOX11,0.0071,0.0005,0.0011,0.095,-0.277,-0.0288,-4.652692346
HOXA9,0.0114,0.0014,0.0027,0.0942,-0.2857,-0.033,-4.475193044
PSIP1,0.0105,0.0012,0.0024,0.0917,-0.3116,-0.0354,-4.562168468
ZNF433,0.0059,0.0004,0.0008,0.091,-0.32,-0.0321,-4.759849775
ZNF22,0.0096,0.001,0.0021,0.0879,-0.3543,-0.0396,-4.677672319
CBX8,0.0139,0.0022,0.0043,0.0862,-0.3744,-0.0457,-4.471683059
ZNF19,0.0114,0.0015,0.003,0.0839,-0.4011,-0.0469,-4.662268841
ZNF300,0.0113,0.0015,0.003,0.0838,-0.4027,-0.047,-4.666013441
HOXC6,0.014,0.0023,0.0045,0.0836,-0.4045,-0.0497,-4.509237413
ZNF567,0.0032,0.0001,0.0002,0.0833,-0.4086,-0.0368,-4.977787399
ZNF532,0.0149,0.0026,0.0053,0.0817,-0.4276,-0.0535,-4.48234958
HEXIM1-CDK9,0.0058,0.0004,0.0008,0.0798,-0.451,-0.0458,-4.984966358
ZNF823,0.0105,0.0014,0.0028,0.0763,-0.4963,-0.0576,-4.858242958
ZNF136,0.0054,0.0004,0.0008,0.0749,-0.5138,-0.0517,-5.093016579
MPHOSPH8,0.0105,0.0014,0.0029,0.0744,-0.5205,-0.0605,-4.896821458
DUX4,0.0102,0.0014,0.0028,0.0739,-0.5285,-0.0611,-4.917453279
FANCD2,0.0046,0.0003,0.0006,0.0708,-0.5704,-0.0559,-5.206979353
ZNF496,0.0095,0.0013,0.0025,0.07,-0.5819,-0.0667,-5.038896945
NUP98-HOXA9,0.0088,0.0012,0.0023,0.0658,-0.6436,-0.073,-5.168020739
ZNF205,0.0089,0.0012,0.0024,0.0647,-0.6604,-0.0752,-5.192401625
ZNF426,0.0092,0.0013,0.0027,0.0621,-0.7024,-0.081,-5.24314146
ZNF487,0.0034,0.0002,0.0004,0.0586,-0.7602,-0.0716,-5.530968404
BAHD1,0.0041,0.0003,0.0006,0.0559,-0.8063,-0.0792,-5.594130655
SRSF9,0.0064,0.0007,0.0015,0.0539,-0.8427,-0.0909,-5.590091269
ZNF555,0.0061,0.0007,0.0014,0.052,-0.8799,-0.0943,-5.655950805
SATB1,0.0074,0.0012,0.0023,0.0454,-1.0146,-0.1153,-5.809594489
HMGA1,0.0058,0.0009,0.0017,0.0383,-1.1858,-0.13,-6.137603376
ZNF781,0.0038,0.0004,0.0009,0.0327,-1.3424,-0.1367,-6.434898443
PRDM12,0.0024,0.0002,0.0004,0.0277,-1.5089,-0.1427,-6.687267787
GLI1,0.0003,0,0,0.0267,-1.5442,-0.1054,-6.574112492