num_files,num_pairs,tool,similarity,subB,n_reps,num_intervals_per_file,precision,threads,mean_wall_time,median_wall_time,sd_wall_time,mean_cpu_time,median_cpu_time,sd_cpu_time,mean_max_rss_mb,median_max_rss_mb,sd_max_rss_mb,mean_sketch_creation_time,median_sketch_creation_time,sd_sketch_creation_time,mean_comparison_time,median_comparison_time,sd_comparison_time,mean_pair_time,median_pair_time,sd_pair_time,mean_write_time,median_write_time,sd_write_time,mean_mae_vs_bedtools,median_mae_vs_bedtools,sd_mae_vs_bedtools,mean_max_err_vs_bedtools,median_max_err_vs_bedtools,sd_max_err_vs_bedtools
2,4,bedtools,exact,,20,10000,18,16,0.1402072787284851,0.1206352710723877,0.08584197019185909,0.18625110000000197,0.17323099999999714,0.06081656709007002,19.60234375,18.953125,2.908004077691727,,,,,,,,,,,,,0.0,0.0,0.0,0.0,0.0,0.0
2,4,hammock,inclusion-exclusion,0.001,20,10000,18,16,0.038196909427642825,0.03816699981689453,0.00031424348917422426,0.431386099999997,0.43125150000000145,0.0013547645707295314,9.137890625,9.13671875,0.013478126696980869,0.02891355,0.0289245,0.0001173368856619353,0.00170925,0.001722,3.0213059218960627e-05,0.0016937,0.001706,3.0044002816921015e-05,1.51e-05,1.5e-05,4.4721359549995766e-07,0.0009415657259307208,0.0009592156898722629,0.000448745426053424,0.0017715105720324553,0.001978325854756227,0.0008642334068605486
2,4,hammock,inclusion-exclusion,0.01,20,10000,18,16,0.04939258098602295,0.04934084415435791,0.0003913476473727741,0.6022548000000014,0.6020879999999936,0.002094974804522191,9.135546875,9.13671875,0.0146213428147772,0.0407569,0.040707,0.00015436828826236544,0.00106545,0.0010595000000000001,4.4637103990196106e-05,0.0010496,0.001044,4.462286409454239e-05,1.54e-05,1.5e-05,6.805570473787202e-07,0.0011013931071727403,0.0011915576652228015,0.00043726930585475207,0.0020904659390382275,0.0020829552359121067,0.0007972824044413605
2,4,hammock,inclusion-exclusion,0.1,20,10000,18,16,0.09325333833694457,0.09329736232757568,0.0003857633415787366,1.2796039499999978,1.278739999999999,0.0037432660025447737,9.125,9.12109375,0.012546172946046347,0.08459885,0.08456,0.00022147241125559575,0.0009957,0.000975,4.317662623030634e-05,0.00097995,0.0009595000000000001,4.2595372864592745e-05,1.52e-05,1.5e-05,1.105012502906165e-06,0.0014166066112581723,0.0013776864877306332,0.000498586445131279,0.0023456952908983628,0.002398144012138545,0.0007079565005533423
2,4,hammock,inclusion-exclusion,1.0,20,10000,18,16,0.23852620124816895,0.23847663402557373,0.0012997865744665857,3.4086090000000016,3.4085029999999987,0.00891711998585354,9.1234375,9.12109375,0.016640518825334617,0.22980365,0.2299295,0.0012051112757094692,0.0010225,0.0010265,3.7560477548670895e-05,0.00100185,0.0010065,3.6649513531631824e-05,2.025e-05,1.95e-05,2.2213082915965957e-06,0.0013089925714130117,0.0013614203147471401,0.0004979744992224831,0.00262516624563689,0.0028504812805089444,0.0009779710024295975
2,4,hammock,register-equality,0.001,20,10000,18,16,0.0374226450920105,0.03741645812988281,0.0003395797480219937,0.4181853499999975,0.4180375000000046,0.0015606980312503304,9.130078125,9.12890625,0.01628440026599157,0.028905300000000002,0.0289405,0.00011317294636737956,0.00087905,0.0008775,3.7615051578632165e-05,0.0008639,0.0008619999999999999,3.761144842506838e-05,1.49e-05,1.5e-05,1.1652874052533588e-06,0.02485590494655822,0.024785516976708555,0.00042131590958908375,0.025615597164772897,0.02563655455412632,0.0005802246330478545
2,4,hammock,register-equality,0.01,20,10000,18,16,0.04876995086669922,0.04875075817108154,0.00034954718637943084,0.5918701000000017,0.5919485000000075,0.0016702857272102767,9.128515625,9.12890625,0.014882653313660345,0.04070655,0.040681499999999995,0.0001303030778810049,0.000406,0.000405,1.7897368227582633e-05,0.0003903,0.0003895,1.6764938350460366e-05,1.53e-05,1.5e-05,1.3018205875255096e-06,0.14333984788617937,0.14332410443015775,0.0005356859878727541,0.14415698040254812,0.14420965733961777,0.0005997933562081502
2,4,hammock,register-equality,0.1,20,10000,18,16,0.09260812997817994,0.09258270263671875,0.00040721421844848714,1.268966549999999,1.2680984999999954,0.0034573262330292393,9.1265625,9.125,0.016249841851457152,0.0846378,0.0846665,0.00022250194558581682,0.0003111,0.000313,1.2510627061569858e-05,0.000296,0.000299,1.155763589011269e-05,1.45e-05,1.5e-05,1.147078669352809e-06,0.1641284561767578,0.164227115814209,0.0003545254076626254,0.16500754216308594,0.16496582482910155,0.000643206174824046
2,4,hammock,register-equality,1.0,20,10000,18,16,0.23769315481185913,0.2377079725265503,0.001169154794517288,3.397185950000004,3.3982970000000092,0.008873533470977761,9.123828125,9.11328125,0.019514795700533293,0.22972979999999998,0.22977799999999998,0.00120366626778793,0.00032045,0.000314,2.424974226667162e-05,0.0002997,0.00029350000000000003,2.282219602884323e-05,2.04e-05,2e-05,2.1860803664140647e-06,0.16386466986083986,0.1637958589477539,0.0005463587120566896,0.16475598529052735,0.16470304541015623,0.0006003950117561191
4,16,bedtools,exact,,20,10000,18,16,0.1628948450088501,0.16289031505584717,0.002917882528154222,0.3960709999999924,0.39574999999998317,0.003870579366399344,19.00703125,19.005859375,0.00855816496101822,,,,,,,,,,,,,0.0,0.0,0.0,0.0,0.0,0.0
4,16,hammock,inclusion-exclusion,0.001,20,10000,18,16,0.0664873719215393,0.06622493267059326,0.0006706941655220838,0.8781228499999988,0.8779060000000314,0.002102129728953972,10.1296875,10.12890625,0.0167942451276589,0.0570271,0.0570145,0.0001473441728171085,0.0016953,0.0016955,4.579829920997413e-05,0.00167285,0.0016735,4.600603507321508e-05,2.1799999999999998e-05,2.15e-05,1.1964860832322383e-06,0.0009144648843851617,0.0009115555087481613,0.00015512370639017063,0.002401783595260909,0.002242413364455534,0.0005314380633605089
4,16,hammock,inclusion-exclusion,0.01,20,10000,18,16,0.0894171118736267,0.08929812908172607,0.0004678213450527186,1.2299376499999957,1.2298030000000644,0.002257895813059889,10.12734375,10.12109375,0.01711632992203644,0.0806431,0.080638,0.00015327028070493068,0.00108215,0.0010925,5.351367262573871e-05,0.00106025,0.00107,5.286713733999899e-05,2.145e-05,2.2e-05,1.1909748329127605e-06,0.0012078043969613987,0.0011747161105864828,0.0002633312514168851,0.0032296523571930906,0.0030925209629667424,0.000797965230141896
4,16,hammock,inclusion-exclusion,0.1,20,10000,18,16,0.1769988417625427,0.1767885684967041,0.0005684509439255191,2.5836822500000136,2.581433000000034,0.005441509735098151,10.13125,10.1328125,0.01644634042840054,0.16827655,0.1681665,0.00038261475402811656,0.0010029,0.0009735,5.446959557501104e-05,0.00097935,0.000953,5.2583042093335315e-05,2.31e-05,2.15e-05,4.387782079701243e-06,0.001354666552545511,0.0013325897033421492,0.0002728582755675702,0.0033577999385920043,0.003141017562867679,0.0009961390985197608
4,16,hammock,inclusion-exclusion,1.0,20,10000,18,16,0.46820917129516604,0.46895503997802734,0.0017018008304184862,6.84149435,6.8414205,0.01533746347065534,10.12890625,10.12109375,0.018626236271227177,0.4593719,0.4599625,0.0016176047236903294,0.0010089,0.000981,5.5395135640519725e-05,0.00097935,0.000956,5.0513442713171335e-05,2.92e-05,2.55e-05,6.005260851514848e-06,0.0012416996902563646,0.0012813008463062586,0.0002349713274876035,0.0032483202692485946,0.0032379494007540865,0.0006791583686801323
4,16,hammock,register-equality,0.001,20,10000,18,16,0.06568858623504639,0.06562483310699463,0.00038579358364479785,0.8658259999999889,0.8662540000000027,0.0019077176774558698,10.133984375,10.13671875,0.016085923620779524,0.057096,0.057105500000000003,0.00013607544347085407,0.0008718,0.0008515,4.35655585840104e-05,0.0008503,0.0008294999999999999,4.305333289867593e-05,2.1e-05,2.1e-05,6.488856845230494e-07,0.024842853369593437,0.024847280767021442,0.0002328935491597565,0.026066103770583104,0.025955275201294384,0.00046755291573131455
4,16,hammock,register-equality,0.01,20,10000,18,16,0.08905997276306152,0.08897709846496582,0.0005012290092083728,1.2203046000000128,1.220436999999989,0.0014474634583110416,10.130859375,10.12890625,0.016402333492424502,0.08072404999999999,0.0807145,0.00015294012416284766,0.0004047,0.000414,2.554067962661671e-05,0.0003837,0.000393,2.3903534202465142e-05,2.045e-05,2e-05,1.7312909694943337e-06,0.14341035717752,0.1433996131943791,0.00027747641072831564,0.14474869411973576,0.144794491289281,0.00041072522315668917
4,16,hammock,register-equality,0.1,20,10000,18,16,0.17681219577789306,0.17676937580108643,0.0005024813887711846,2.5770205999999893,2.57657849999999,0.004157923120216129,10.126953125,10.12890625,0.014968743132621214,0.1684764,0.1684675,0.00026174825189181195,0.00032265,0.0003255,1.536323362344076e-05,0.00030155,0.0003045,1.4354441821262151e-05,2.05e-05,2.1e-05,1.3954814298487205e-06,0.16416488477478028,0.16410606565856933,0.0002603995190611964,0.16578815344238282,0.1656887227783203,0.0004739438295088644
4,16,hammock,register-equality,1.0,20,10000,18,16,0.4677542567253113,0.4681222438812256,0.0014566572035484668,6.833203950000021,6.83029449999999,0.015623052597718734,10.117578125,10.11328125,0.015516688742222881,0.4594031,0.45976649999999997,0.001595595975110705,0.00033315,0.0003345,1.3136029200557324e-05,0.00030565,0.0003055,1.1948463895986134e-05,2.685e-05,2.7e-05,1.980829172474576e-06,0.16399253198394775,0.1640069864120483,0.0002668491675933367,0.1656951366088867,0.16568960021972656,0.0004721077936823281
8,64,bedtools,exact,,20,10000,18,16,0.2733263850212097,0.27140140533447266,0.006739129918310912,1.1320796000000488,1.1328390000000468,0.010368356345410073,19.008203125,19.0078125,0.0066942254364548365,,,,,,,,,,,,,0.0,0.0,0.0,0.0,0.0,0.0
8,64,hammock,inclusion-exclusion,0.001,20,10000,18,16,0.12512322664260864,0.1250213384628296,0.0005792528485486043,1.812840499999974,1.812381499999903,0.0034342177765362748,12.128515625,12.125,0.018008037713370777,0.1129079,0.1129255,0.00023030846591839455,0.0044329,0.00443,2.83955148422757e-05,0.0043826,0.00438,2.7599389772048863e-05,4.98e-05,4.9e-05,1.6415653633362464e-06,0.0008400218711086042,0.000830517908425855,7.699540658183033e-05,0.0028988077812725104,0.002922286527496619,0.00044571216563260785
8,64,hammock,inclusion-exclusion,0.01,20,10000,18,16,0.17109124660491942,0.17085015773773193,0.0009287299832084461,2.514391850000017,2.51477750000001,0.003553945343253944,12.13046875,12.1328125,0.01501695176993408,0.16012735,0.16009400000000001,0.00026141503097766296,0.00312235,0.0031225000000000003,1.3773639965337315e-05,0.0030765,0.003076,1.3272448709143337e-05,4.545e-05,4.5e-05,1.5719582155957412e-06,0.0012056001711211464,0.0012184902833621348,7.607957564275258e-05,0.0038505410631709687,0.0038650758784084943,0.0005115933884771727
8,64,hammock,inclusion-exclusion,0.1,20,10000,18,16,0.3465362310409546,0.3459923267364502,0.0023273454761442527,5.221718599999978,5.22124399999991,0.006034039359280402,12.1265625,12.125,0.015950555797938762,0.33544745,0.335436,0.0004215874105530676,0.00286055,0.002859,1.0414943717158465e-05,0.0028154,0.0028155,1.0786931664604258e-05,4.485e-05,4.4e-05,1.8144159564878984e-06,0.0012693499474360872,0.0012765205204574664,0.00014564288142644252,0.00394718484152433,0.003872322585401114,0.0007215131029731503
8,64,hammock,inclusion-exclusion,1.0,20,10000,18,16,0.9278619170188904,0.9280725717544556,0.0022801183473786482,13.731539400000024,13.73420999999997,0.017831830137202565,12.1359375,12.140625,0.015501153925637787,0.9173929000000001,0.9177219999999999,0.002339296563184386,0.0028614,0.0028595,1.1577655430317468e-05,0.0028109,0.002809,1.113505607009731e-05,4.995e-05,4.95e-05,1.538112308540638e-06,0.0012112192940712731,0.0011707523763129816,0.00017978360164605138,0.003941429899403798,0.003919616644268292,0.0004415648379751646
8,64,hammock,register-equality,0.001,20,10000,18,16,0.12375658750534058,0.12365365028381348,0.00045750880332139375,1.7916620500000058,1.791315000000088,0.002312379282208053,12.1328125,12.1328125,0.012673548525840824,0.1128065,0.112809,0.0002017101881413024,0.0031925,0.003183,2.7192297671060808e-05,0.0031434,0.0031345,2.679630767966286e-05,4.86e-05,4.8e-05,1.7888543819998313e-06,0.024779823858786087,0.024783072691135104,0.00015625225867192,0.02640219052088918,0.026430335133721318,0.0003774567129577687
8,64,hammock,register-equality,0.01,20,10000,18,16,0.1693729043006897,0.16928696632385254,0.0005434970440309852,2.4878218499999853,2.488129500000114,0.0037441275882860235,12.125390625,12.1171875,0.015308261698623806,0.1600616,0.16001949999999998,0.0002877516107230051,0.0014246,0.0014285,1.2934653577034615e-05,0.00137525,0.0013795,1.2764568560132197e-05,4.885e-05,4.85e-05,1.4964871146156003e-06,0.14344504252582113,0.1434763281779458,0.00013499152198112087,0.14523126764316,0.14517710935689615,0.00032041651222738905
8,64,hammock,register-equality,0.1,20,10000,18,16,0.3448051929473877,0.34475958347320557,0.0009231554406672579,5.194662950000004,5.193469499999974,0.007025617339251694,12.1265625,12.125,0.01257175130684077,0.3354842,0.335456,0.00044695043879253746,0.0010952,0.001095,1.1052982450571067e-05,0.00104595,0.001046,1.0762874787165825e-05,4.875e-05,4.9e-05,1.1180339887498945e-06,0.16420124808944703,0.1642055344791412,0.0001285399587717594,0.16620624938964845,0.1661899851074219,0.0003519823401344443
8,64,hammock,register-equality,1.0,20,10000,18,16,0.9270944237709046,0.9269306659698486,0.003357370480623828,13.704875400000008,13.713873500000048,0.019407690977896984,12.130859375,12.125,0.01807925119030027,0.9174211,0.9175949999999999,0.002356613580632396,0.0011062000000000001,0.0011045,1.3004452678743707e-05,0.0010509,0.001049,1.2212590569615157e-05,5.485e-05,5.4499999999999997e-05,1.8715318802914827e-06,0.16394385735191344,0.16391273468818668,0.0001225290393494304,0.165970317109375,0.16601698522949218,0.0003367835921612336
16,256,bedtools,exact,,20,10000,18,16,0.7342061996459961,0.734107494354248,0.0162803447944865,4.0907076999999425,4.091961999999796,0.024019858521185863,19.0166015625,19.015625,0.009473424539855455,,,,,,,,,,,,,0.0,0.0,0.0,0.0,0.0,0.0
16,256,hammock,inclusion-exclusion,0.001,20,10000,18,16,0.24849592447280883,0.24825096130371094,0.0009338392015719331,3.7740011500000405,3.7739010000000484,0.006701474843725118,16.14140625,16.14453125,0.0167942451276589,0.2251955,0.2251915,0.00045686869010690427,0.015038600000000001,0.015036,3.7063814102024936e-05,0.0148963,0.014891999999999999,3.569918176859759e-05,0.00014185,0.000141,3.116593957309302e-06,0.0008430080615185696,0.0008532258480488651,3.4902828716573e-05,0.0033093227543581705,0.003291279532725351,0.0002646344800304846
16,256,hammock,inclusion-exclusion,0.01,20,10000,18,16,0.33864758014678953,0.3386516571044922,0.0005839278202073991,5.153069699999961,5.152269000000006,0.00663987249487309,16.13203125,16.125,0.01860898176426189,0.3194326,0.319423,0.0005012639183000041,0.01103705,0.01104,1.2176227918193175e-05,0.01090095,0.010904,1.2245192397104386e-05,0.0001357,0.000135,1.4545753585442724e-06,0.0012006784731077586,0.0011850461642016938,7.409111454901566e-05,0.004625513568014706,0.0045103720654847,0.0006012727491744737
16,256,hammock,inclusion-exclusion,0.1,20,10000,18,16,0.6884642839431763,0.6879916191101074,0.0011895984237530537,10.562002049999961,10.557878999999897,0.012847398681873764,16.13359375,16.1328125,0.013146325094369228,0.6702063,0.669935,0.0008985377653662913,0.01002155,0.0100205,8.592989798912369e-06,0.00988495,0.009883,8.432237637717896e-06,0.0001359,0.000136,1.4832396974191286e-06,0.001227771622937002,0.0012231364462974939,6.049524347905346e-05,0.004654838062497975,0.004551428085378312,0.0006888078222078154
16,256,hammock,inclusion-exclusion,1.0,20,10000,18,16,1.8559036254882812,1.8552607297897339,0.0034431528514723047,27.618973800000067,27.617019500000026,0.024889647403111358,17.177734375,17.1796875,0.014533195257459641,1.8354398,1.8350265000000001,0.0033686149676090973,0.0121582,0.0121035,0.00016739603214815872,0.01201265,0.011957,0.00016853494874170298,0.0001452,0.0001445,4.408126466807459e-06,0.0011859267420593407,0.0011832243445241552,8.689893347600703e-05,0.004538007515595515,0.004416885681634078,0.0005118379817189106
16,256,hammock,register-equality,0.001,20,10000,18,16,0.24584947824478148,0.24588501453399658,0.0008692438503316061,3.7310848499999723,3.729419499999956,0.00875474958186042,16.134765625,16.13671875,0.013382451118688196,0.2254186,0.225316,0.0006142113814092262,0.0120994,0.012085499999999999,8.744044589860782e-05,0.0119605,0.011946499999999999,8.715050502616598e-05,0.00013855,0.00013749999999999998,3.5611204623500766e-06,0.02479117355614785,0.02480568770634222,9.734152885633126e-05,0.026810201227028877,0.026715077954940082,0.00031674069393328793
16,256,hammock,register-equality,0.01,20,10000,18,16,0.33301860094070435,0.33290815353393555,0.0006889394866903484,5.060540499999956,5.058334999999879,0.008203052830345852,16.12421875,16.1171875,0.014758019396692697,0.319573,0.319427,0.0005534607864205609,0.0051004,0.0050985,1.2214745187682016e-05,0.0049631,0.0049605,1.1474915433698266e-05,0.0001368,0.000136,1.935812083093972e-06,0.14345434376977564,0.1434531704568039,0.00010227925111227602,0.14585030549717973,0.14581821931779632,0.00040439874238164914
16,256,hammock,register-equality,0.1,20,10000,18,16,0.6830623745918274,0.6828147172927856,0.0009997294439330004,10.468684950000059,10.46510500000024,0.012788036104810647,16.13203125,16.1328125,0.015187120961265347,0.6706264,0.670285,0.0008550327417553686,0.0038162,0.0038145,7.31688746020214e-06,0.0036764,0.0036755,6.410517673488245e-06,0.00013925,0.0001385,2.124419425334099e-06,0.16416995067731857,0.16416169372062683,8.055291631566718e-05,0.16651124797363281,0.16647158764648437,0.0002913751339470684
16,256,hammock,register-equality,1.0,20,10000,18,16,1.8502695202827453,1.8503732681274414,0.003248286259797804,27.517911,27.519447999999993,0.028050470424793524,17.1671875,17.1640625,0.011448360891641352,1.8357094999999999,1.8358005,0.0032851454105444007,0.0058465,0.005801,0.00018091594442549392,0.00569785,0.0056524999999999995,0.0001809292606750523,0.00014795,0.0001475,2.8186409565791197e-06,0.16395806361572265,0.16398613833885192,8.160911282880737e-05,0.16635927998779299,0.1663199862060547,0.00024968255487262787
32,1024,bedtools,exact,,20,10000,18,16,2.560289740562439,2.563231348991394,0.024430833021462248,15.922083700000094,15.868368999999916,0.10423557312528602,19.048828125,19.05078125,0.011787081482914607,,,,,,,,,,,,,0.0,0.0,0.0,0.0,0.0,0.0
32,1024,hammock,inclusion-exclusion,0.001,20,10000,18,16,0.5201935291290283,0.5185493230819702,0.0028633928382179267,8.074706599999976,8.066161500000113,0.022949088197582016,24.140625,24.140625,0.01433848336691011,0.45276515,0.451696,0.0026826831477184633,0.0582083,0.058195,4.523982874926956e-05,0.0577045,0.057688500000000004,4.497192106426552e-05,0.0005032,0.000503,5.136043941441795e-06,0.0008599132701069873,0.0008549389346522842,2.1609600284013495e-05,0.003725850439484938,0.003662431599893483,0.00032990268217437577
32,1024,hammock,inclusion-exclusion,0.01,20,10000,18,16,0.694284987449646,0.6928997039794922,0.0030234827874580953,10.723941750000069,10.718337500000196,0.019806629841272246,24.14765625,24.1484375,0.012899655429404633,0.64197005,0.6409985,0.0025778795136394677,0.0428896,0.0428965,3.5179838723786606e-05,0.0423938,0.042396500000000004,3.581913631448659e-05,0.0004953,0.000495,5.027293925217253e-06,0.0011998828591194657,0.0011793709541679867,5.137988776412341e-05,0.004932218558139472,0.004762797783270607,0.0005067583169148984
32,1024,hammock,inclusion-exclusion,0.1,20,10000,18,16,1.3972742915153504,1.3976826667785645,0.003167274604536576,21.583787799999893,21.586125000000095,0.026822335740696226,25.255078125,25.2578125,0.018500776510641668,1.343863,1.3442625000000001,0.0029395718986560677,0.043870150000000004,0.043879,0.00023097944201071001,0.0433683,0.04337149999999999,0.00023337909075150687,0.00050145,0.0005015,6.091192952037178e-06,0.0012086227278095992,0.0011982370523559436,4.914816964357586e-05,0.005245402993018837,0.0051938752918630204,0.0005601058022365849
32,1024,hammock,inclusion-exclusion,1.0,20,10000,18,16,3.725249707698822,3.724555492401123,0.005289841967032026,55.59798255000004,55.59397150000015,0.039281549846773185,25.184375,25.18359375,0.015292515154049778,3.6718378,3.6711715,0.005033661266649613,0.04395505,0.0440445,0.00024066497241470038,0.04344725,0.043540999999999996,0.00024076060942901704,0.0005073499999999999,0.0005045,6.4748501303525374e-06,0.0012145255188922475,0.0012037338689527995,4.547783280908593e-05,0.00523719765718901,0.005239916190173111,0.0005368576239637141
32,1024,hammock,register-equality,0.001,20,10000,18,16,0.5082176089286804,0.5072430372238159,0.00258152200962638,7.893508050000037,7.886219500000202,0.020630486346472927,24.14296875,24.140625,0.01683245733889706,0.45139575,0.450282,0.0023139103579734553,0.0477014,0.0476155,0.00023696377693425543,0.04721215,0.047129000000000004,0.0002339606973291387,0.0004887,0.000487,6.7908607314304575e-06,0.024794427710709804,0.02477443807760711,6.52576439151595e-05,0.02709871632403883,0.027104446368472812,0.00023941517094169175
32,1024,hammock,register-equality,0.01,20,10000,18,16,0.6690847992897033,0.6686913967132568,0.0024880106491268665,10.33884374999994,10.336445500000153,0.019852367303892848,24.141796875,24.140625,0.016674267558185987,0.6400483,0.6393755,0.0021472011182246584,0.01990115,0.0199,2.3510971682890206e-05,0.0194134,0.01941,2.1636713438529456e-05,0.0004872,0.00048550000000000004,5.625131577408477e-06,0.14347760285497618,0.14347233102833368,6.374589849493345e-05,0.14615083636839765,0.1461173952575857,0.0003473138871381441
32,1024,hammock,register-equality,0.1,20,10000,18,16,1.3727115750312806,1.3723604679107666,0.003449328935711447,21.196921599999904,21.197186999999822,0.033907339651631764,25.246484375,25.24609375,0.017647660346551235,1.34316125,1.34225,0.0026080651403513457,0.0201208,0.02006,0.0008992703826172814,0.0196237,0.019556,0.0008961773262028002,0.0004966,0.0004965,5.34494350322168e-06,0.16417802419285057,0.16419020726256367,5.378930734711958e-05,0.16699522998779298,0.1669293270263672,0.00030412457667308
32,1024,hammock,register-equality,1.0,20,10000,18,16,3.7025354504585266,3.701411724090576,0.0062668149760678055,55.22027830000004,55.216529999999885,0.0473051287463029,25.17890625,25.1796875,0.013388450872909673,3.6722019,3.6706955,0.005851126701216104,0.02097765,0.0208845,0.0009729179267056718,0.020473,0.020378,0.0009705554568064833,0.00050425,0.000503,8.403476724108396e-06,0.16396600730488775,0.16397874727253917,6.982859087326741e-05,0.16676206969726562,0.1667178780517578,0.00035014472421904334
64,4096,bedtools,exact,,3,10000,18,16,9.85667888323466,9.85689640045166,0.005747425925735793,63.18910799999957,62.954248999999436,0.48981806670097694,19.109375,19.109375,0.01171875,,,,,,,,,,,,,0.0,0.0,0.0,0.0,0.0,0.0
64,4096,hammock,inclusion-exclusion,0.001,3,10000,18,16,1.1733557383219402,1.1759421825408936,0.005124026974345738,18.320724666667008,18.335395000000972,0.06202465155375417,40.239583333333336,40.2421875,0.004510548978043951,0.9150236666666667,0.914308,0.001727509864901851,0.247309,0.248503,0.0039729237344806835,0.24532966666666667,0.246481,0.003957660462108055,0.001979,0.001963,3.764306044943742e-05,0.0008581555552851133,0.0008521794168026646,1.0995523373510032e-05,0.004024507989955452,0.003945604375610784,0.0004555095168517711
64,4096,hammock,inclusion-exclusion,0.01,3,10000,18,16,1.4844601949055989,1.4843387603759766,0.00042635310873208917,23.043595333333496,23.044438000001264,0.004027665120757189,41.26953125,41.26953125,0.0,1.2941043333333333,1.293817,0.0007854586770374028,0.17886433333333332,0.178858,0.0002545590959548211,0.17691433333333334,0.176914,0.000258500161186276,0.0019493333333333333,0.001948,7.0945988845975356e-06,0.0011778530055669605,0.001177827607607319,8.119883584515479e-06,0.0051685136389739246,0.00511650121868798,0.0002691286995099994
64,4096,hammock,inclusion-exclusion,0.1,3,10000,18,16,2.8641388416290283,2.864438772201538,0.0008735016094999764,44.40407266666681,44.40664200000086,0.013287629786553252,41.282552083333336,41.28515625,0.011933790872280834,2.695263333333333,2.69563,0.0009874504206964496,0.15810633333333335,0.158108,6.651566231597586e-05,0.156165,0.156165,6.60000000000105e-05,0.001941,0.001941,2.0000000000000486e-06,0.0012114636497047478,0.0012147353612355781,2.108280120736746e-05,0.005849347729943079,0.005924755754032396,0.00022558276677912115
64,4096,hammock,inclusion-exclusion,1.0,3,10000,18,16,7.526110728581746,7.528204679489136,0.005389685828933639,112.49884733333305,112.52158700000015,0.039635067078870156,41.20703125,41.20703125,0.0,7.353838,7.356837,0.005904405727928799,0.16100733333333334,0.161564,0.0010564129558715955,0.15903566666666666,0.159583,0.0010643727417278808,0.001971,0.00198,1.5588457268119837e-05,0.001182191123625982,0.0011886262701698977,2.7688222441020203e-05,0.005590596888263286,0.005694700053568827,0.0005682763098447517
64,4096,hammock,register-equality,0.001,3,10000,18,16,1.134201447168986,1.135627031326294,0.004255225445276804,17.68079899999996,17.667911999998807,0.05065134074254113,40.229166666666664,40.234375,0.023867581744561668,0.9164093333333333,0.916343,0.0017574391407196186,0.20661466666666667,0.206084,0.003166527172366175,0.20471433333333333,0.204177,0.0031663811099318586,0.0019003333333333333,0.001898,5.8594652770823965e-06,0.0248106811961966,0.024822191146294217,4.4542947903458466e-05,0.027201604358510673,0.027129805194805193,0.00012965184044305962
64,4096,hammock,register-equality,0.01,3,10000,18,16,1.3969484170277913,1.3951115608215332,0.006571589195405045,21.632158000000477,21.61401999999987,0.05380305720029182,41.256510416666664,41.25390625,0.011933790872280834,1.2964303333333334,1.295413,0.0038015035621886926,0.08963499999999999,0.088541,0.0026090971618550384,0.08772733333333334,0.086647,0.002589430503669355,0.001907,0.001897,1.9974984355438193e-05,0.14349434324280025,0.1434761308203031,3.963142503267803e-05,0.14643179792771163,0.14651830397760088,0.00019736168287956738
64,4096,hammock,register-equality,0.1,3,10000,18,16,2.769477049509684,2.7693915367126465,0.0020169506857286947,42.88563866666656,42.89195699999988,0.018965981185286314,41.248697916666664,41.24609375,0.004510548978043951,2.696337,2.696323,0.0021150347514876386,0.062581,0.062571,4.2883563284783627e-05,0.060682,0.060662,5.3860932037979716e-05,0.0018986666666666668,0.001903,1.3051181300301275e-05,0.16415976105429328,0.1641495577471134,3.263338327588834e-05,0.1671528856608073,0.167201591796875,0.00022494704150581165
64,4096,hammock,register-equality,1.0,3,10000,18,16,7.429522196451823,7.427423715591431,0.007085942179079186,110.98790633333397,110.97480800000153,0.03232330905549842,41.186197916666664,41.18359375,0.011933790872280834,7.351433666666667,7.350784,0.004944613871004944,0.06739033333333333,0.066178,0.0021485028120375683,0.06547033333333332,0.064271,0.0021355927358308125,0.0019196666666666667,0.001918,1.457166199626301e-05,0.16395540932364858,0.16396353575291636,4.4256039412526524e-05,0.16731444544270835,0.16741949267578127,0.00033394622118509244
128,16384,bedtools,exact,,3,10000,18,16,39.574110984802246,39.64058256149292,0.48586895639507455,255.50264300000006,257.01106900000093,3.5831509710396623,19.2265625,19.2265625,0.00390625,,,,,,,,,,,,,0.0,0.0,0.0,0.0,0.0,0.0
128,16384,hammock,inclusion-exclusion,0.001,3,10000,18,16,2.791925589243571,2.7915825843811035,0.0018921870192574297,43.65237599999934,43.657273999999234,0.009412035220192468,73.27604166666667,73.28125,0.009021097956087902,1.857013,1.85649,0.0009486142524757422,0.9209436666666667,0.919987,0.0020215697695932728,0.9132106666666666,0.912263,0.0020024126281396847,0.007732666666666666,0.007723,1.9399312702601746e-05,0.0008614050347543154,0.0008611000504569519,3.4136409088501246e-06,0.004613209271935315,0.00459489321578066,0.00010921063013950066
128,16384,hammock,inclusion-exclusion,0.01,3,10000,18,16,3.351701815923055,3.3528292179107666,0.02783414038016204,52.04493833333407,52.016311000001224,0.23764374085919454,73.265625,73.265625,0.0,2.6057683333333332,2.610488,0.011947415717774685,0.7316273333333334,0.72813,0.016549513749150865,0.7239036666666666,0.720428,0.016552481576287362,0.007723,0.007728,1.9974984355438075e-05,0.001188881594742865,0.0011896251262339505,5.0066059096748335e-06,0.005946370059137937,0.005947643049213636,0.00020490479915988521
128,16384,hammock,inclusion-exclusion,0.1,3,10000,18,16,6.073627312978108,6.07081937789917,0.033876073271871567,94.17315166666593,94.17017299999878,0.37238793479628873,73.27864583333333,73.28125,0.019661027175184243,5.406836666666667,5.402311,0.010621099582121117,0.6520866666666667,0.653255,0.0236661389401257,0.6443496666666666,0.645521,0.023667748780425515,0.007737,0.007737,2.9999999999999645e-06,0.0012054716698722298,0.0012021625619464621,1.8972331871791923e-05,0.0062223312814541215,0.006027566868799225,0.0004294665222993387
128,16384,hammock,inclusion-exclusion,1.0,3,10000,18,16,15.36593763033549,15.371763944625854,0.01796348826521694,229.8395623333336,229.9108319999999,0.19505240298576557,73.24348958333333,73.25,0.014788823817188212,14.732336,14.737206,0.013144967668274728,0.6194603333333334,0.620978,0.005595066249235436,0.611727,0.613246,0.005586590283885124,0.007732333333333333,0.007731,9.073771725877347e-06,0.0011994366204597416,0.0011964830327314967,1.8760115007212846e-05,0.006115577958307014,0.006090410712542363,0.00047780120704565794
128,16384,hammock,register-equality,0.001,3,10000,18,16,2.6361494859059653,2.6372363567352295,0.010887616438491985,41.16410366666749,41.2014560000012,0.06899643321395656,73.27604166666667,73.28125,0.009021097956087902,1.8543786666666666,1.856403,0.00641855858688961,0.7680356666666667,0.767076,0.004954700831870018,0.7605416666666667,0.759578,0.004965140514963606,0.007493,0.007497,1.0583005244258456e-05,0.024770557022665035,0.024766503594710238,2.432729301502619e-05,0.027672909822427896,0.027739298511030172,0.00023972086803256262
128,16384,hammock,register-equality,0.01,3,10000,18,16,2.9419477780659995,2.94754958152771,0.010696030025991394,45.63517433333262,45.64617599999849,0.025039987905514635,73.27604166666667,73.2734375,0.004510548978043951,2.605137,2.608966,0.010130581770066536,0.32305333333333336,0.322658,0.0012671291699480895,0.3155866666666667,0.31519,0.0012722552154867894,0.0074663333333333335,0.007468,5.686240703077598e-06,0.14349191450372029,0.14349695275798222,2.5691301094897572e-05,0.14674739583126215,0.14672198722860794,8.365649675722356e-05
128,16384,hammock,register-equality,0.1,3,10000,18,16,5.677240928014119,5.679101943969727,0.004606629638179055,87.95505133333391,88.02312900000157,0.1341080616004467,73.265625,73.265625,0.0078125,5.403924333333333,5.401781,0.008730599597584083,0.259401,0.264651,0.012877351396929424,0.2518533333333333,0.25708,0.01286835845527057,0.007547333333333333,0.007538,2.0647840887931196e-05,0.16416716082801822,0.16416676369408956,2.525054532502764e-05,0.16794537158203124,0.1675722468261719,0.0006807950259335387
128,16384,hammock,register-equality,1.0,3,10000,18,16,14.972991387049357,14.977964639663696,0.01202913697919996,223.7597140000003,223.7916420000006,0.09780779627424727,73.20052083333333,73.203125,0.004510548978043951,14.715517666666667,14.720534,0.012972534537757787,0.243982,0.245087,0.004493579753381488,0.236431,0.237517,0.004502327842350004,0.007550333333333333,0.007553,2.1126602503321262e-05,0.16394732811026683,0.16394313561686386,1.89419815267643e-05,0.16748890092773439,0.1674541315917969,8.263356264522431e-05
256,65536,bedtools,exact,,3,10000,18,16,159.40531118710837,159.38071465492249,0.24283246484838128,1027.3775886666665,1026.9806210000004,1.8137504778218974,19.463541666666668,19.4609375,0.004510548978043951,,,,,,,,,,,,,0.0,0.0,0.0,0.0,0.0,0.0
256,65536,hammock,inclusion-exclusion,0.001,3,10000,18,16,7.349961598714192,7.347144842147827,0.005980933207295112,116.17134566666664,116.1573950000004,0.05282417629674128,137.33072916666666,137.3203125,0.018042195912175804,3.618069333333333,3.616154,0.007005213225401122,3.712708,3.71226,0.0011212635729390367,3.6819633333333335,3.681543,0.0009945151247382628,0.030744,0.030716,0.00012831211945876466,0.0008614117020970995,0.0008619714202852494,1.1527109138120326e-06,0.004854547054270335,0.004730419848805678,0.0002593727920847081
256,65536,hammock,inclusion-exclusion,0.01,3,10000,18,16,7.986227671305339,7.983702898025513,0.008699374015893782,125.14113733333382,125.14219099999923,0.10661740496856129,137.30729166666666,137.3046875,0.011933790872280834,5.130587,5.130757,0.007797390012048819,2.835882,2.838266,0.006602123370552975,2.805150333333333,2.807552,0.006590315950948906,0.030731,0.030723,2.3065125189341045e-05,0.0011936864179870974,0.0011919748709467686,1.1590776701523189e-05,0.006587174622248111,0.006633028554861475,0.0004822462529986108
256,65536,hammock,inclusion-exclusion,0.1,3,10000,18,16,13.229464292526245,13.22946810722351,0.005917550055467655,206.30657466666693,206.28855400000134,0.035124498705700925,137.30989583333334,137.3125,0.011933790872280834,10.749119666666667,10.750681,0.004489463479451711,2.4617083333333336,2.464405,0.006004750813592065,2.43111,2.433804,0.00603150652822328,0.030597666666666665,0.030601,3.013856886670904e-05,0.0012025664770253894,0.0011975632288440039,1.697281422539614e-05,0.006648608117967918,0.006714671221530744,0.0005907864711219658
256,65536,hammock,inclusion-exclusion,1.0,3,10000,18,16,31.896448691685993,31.864484548568726,0.069402511249079,478.8123109999988,478.43334399999867,0.9346275339977278,137.25520833333334,137.25,0.023867581744561668,29.390764,29.390294,0.002807660770106671,2.4875083333333334,2.452847,0.06872150160126966,2.456836666666667,2.422179,0.06861353433786464,0.030671,0.030667,0.00011905040949110524,0.0011974786129133864,0.0011991459751241086,8.455757882003302e-06,0.006496132215278945,0.006456350053266086,9.584809907545462e-05
256,65536,hammock,register-equality,0.001,3,10000,18,16,6.806538740793864,6.80805230140686,0.020201457143639683,107.06744733333456,106.99304500000198,0.19429861944007606,137.3203125,137.3203125,0.0078125,3.6311293333333334,3.632587,0.00785954199259291,3.1563703333333333,3.150623,0.02513965083952713,3.1266410000000002,3.120844,0.025221206929883482,0.029729,0.029778,8.573797291748816e-05,0.02477295422057891,0.024774390234065143,8.04825955417827e-06,0.027915363374790166,0.02791973345075857,4.091418601737087e-05
256,65536,hammock,register-equality,0.01,3,10000,18,16,6.464006185531616,6.454082012176514,0.021872232114067337,100.94999966666607,100.8840679999987,0.11646289122496294,137.3203125,137.328125,0.013531646934131853,5.158592,5.147531,0.02651994458893143,1.287307,1.288389,0.004731710789978645,1.2575863333333333,1.258605,0.004729996863987749,0.02972,0.029698,5.5380501984001873e-05,0.1434937162011209,0.14349426894043402,6.116877220246338e-06,0.14677998398809147,0.1467771539369106,5.9462316621039765e-05
256,65536,hammock,register-equality,0.1,3,10000,18,16,11.769000768661499,11.774083137512207,0.015443777405299666,182.7885909999999,182.68333499999926,0.20426240764567444,137.3125,137.3125,0.015625,10.765054000000001,10.76021,0.027313080620831074,0.9836616666666667,0.988324,0.020702070774039325,0.9537043333333334,0.958377,0.020714115605869644,0.029957,0.029952,1.4177446878757565e-05,0.1641666586192654,0.16415503819510177,2.3046096526204333e-05,0.1681711280924479,0.16797791845703125,0.0004927038465059294
256,65536,hammock,register-equality,1.0,3,10000,18,16,30.379539410273235,30.38286304473877,0.007749932433199569,454.5865626666661,454.55928599999925,0.18013558451462533,137.25520833333334,137.2421875,0.02255274489021976,29.391669333333333,29.392528,0.005938741056261384,0.966691,0.962691,0.013233441880327285,0.936745,0.932721,0.013139558325910334,0.029946,0.02997,0.00010507616285342802,0.16395162745146272,0.16394483636170465,1.4017224610075374e-05,0.16748890092773439,0.1674541315917969,8.263356264522431e-05
512,262144,bedtools,exact,,3,10000,18,16,636.7992146015167,637.4640176296234,1.310188657616738,4078.1378613333354,4078.325029000003,6.428631323752137,19.951822916666668,19.953125,0.0022552744890219755,,,,,,,,,,,,,0.0,0.0,0.0,0.0,0.0,0.0
512,262144,hammock,inclusion-exclusion,0.001,3,10000,18,16,22.034427563349407,22.061972618103027,0.08890217263194322,347.7963933333346,348.1009529999983,0.8545216316310156,266.37109375,266.37109375,0.0078125,7.324323,7.320772,0.05252859681164161,14.681437,14.698802,0.042181347880312976,14.559087666666667,14.576405,0.04222787172393782,0.122349,0.122391,7.711679453919736e-05,0.0008563361929622975,0.0008559225649977504,2.60276354926103e-06,0.004968267869485528,0.005021725283506723,0.00021613568872250476
512,262144,hammock,inclusion-exclusion,0.01,3,10000,18,16,21.33046356836955,21.32596230506897,0.04777138617348289,334.47654000000057,334.41620299999977,0.22041972645021732,266.3919270833333,266.39453125,0.004510548978043951,10.355214666666667,10.362126,0.06378743553658019,10.946420999999999,10.935775,0.01869721217187198,10.824073,10.813384,0.018657835914167926,0.12234766666666666,0.122391,7.592320681671654e-05,0.0011970220179954494,0.001192689601503938,8.32525464385815e-06,0.007125635554300902,0.007044856136077929,0.0005375681139469106
512,262144,hammock,inclusion-exclusion,0.1,3,10000,18,16,31.444562594095867,31.40883731842041,0.06355966226870916,490.44217466666504,490.3842789999985,0.7260168865354364,266.3684895833333,266.36328125,0.01626301562082916,21.563628666666666,21.576427,0.04321503363799739,9.8505,9.864174,0.04701771699051319,9.728308666666667,9.742141,0.04682570491015904,0.12219100000000001,0.122036,0.00027193933146935507,0.0012037294974876075,0.0012036330371834748,1.0930705131401231e-05,0.006887078097185681,0.0067355411087202804,0.00027418640357312364
512,262144,hammock,inclusion-exclusion,1.0,3,10000,18,16,68.64781943957011,68.60371494293213,0.09296650066787304,1033.9104289999993,1033.7168840000013,0.6320314230091235,266.3763020833333,266.37890625,0.011933790872280834,58.81951933333333,58.780257,0.07873955482686969,9.800601333333333,9.80783,0.019826284582173944,9.678427000000001,9.685623,0.019759474006156904,0.12217366666666667,0.122206,6.666583332812315e-05,0.0011970217753072224,0.0011960960960582215,4.201276217849598e-06,0.006988241225974703,0.006984217615942395,0.00025253281620816223
512,262144,hammock,register-equality,0.001,3,10000,18,16,19.7478822072347,19.708893299102783,0.11644272860543228,310.73223233333556,310.2838510000006,1.4215107906628404,266.3658854166667,266.37109375,0.009021097956087902,7.292646666666666,7.286579,0.021071233099497225,12.425944666666666,12.404581,0.0973399685655043,12.307367000000001,12.28659,0.097106117196601,0.11857733333333334,0.11873,0.0005278269918575005,0.024769925662808834,0.024768789054955682,6.309481887125301e-06,0.02810863462314637,0.02810137951475633,0.00015846967711476896
512,262144,hammock,register-equality,0.01,3,10000,18,16,15.518046935399374,15.471573829650879,0.09994255689360125,242.18098666666538,241.68427699999938,1.1280377127186114,266.3841145833333,266.37890625,0.009021097956087902,10.330252333333334,10.312197,0.03560068237173795,5.159500666666667,5.136691,0.0659656384213277,5.041425333333334,5.018574,0.06586532669267912,0.11807466666666666,0.118116,0.00012235331353638564,0.1435035803481136,0.14350800288344978,1.0644026328247086e-05,0.1471687034160618,0.14715627888446217,9.843084356696531e-05
512,262144,hammock,register-equality,0.1,3,10000,18,16,25.41560427347819,25.412808179855347,0.013679171421275522,394.63366333333414,394.5204779999999,0.2443220967708996,266.36328125,266.36328125,0.0078125,21.554245333333334,21.540581,0.03928898400739368,3.8285853333333333,3.823615,0.026611924814513684,3.709363,3.704673,0.026409204834678353,0.119222,0.119196,0.0002938639140826872,0.1641650279045584,0.16416619981034,1.2883329844900566e-05,0.16828377197265623,0.1681236428222656,0.000392623887079849
512,262144,hammock,register-equality,1.0,3,10000,18,16,62.629827896753945,62.62860679626465,0.023828737898000878,937.9194776666665,937.8407590000024,0.250363189726173,266.30859375,266.30078125,0.020669932117692115,58.816290333333335,58.8251,0.03841768377106186,3.7839876666666665,3.77358,0.01834187270518832,3.6650173333333336,3.654554,0.018413034767070197,0.11897033333333333,0.118997,7.276216965796429e-05,0.163956254783049,0.16395879313792375,1.438963539741949e-05,0.16795040698242186,0.16804611254882812,0.00026731488538501833
