num_files,num_threads,precision,sub_b,tool,mean_wall_time,std_wall_time,min_wall_time,max_wall_time,mean_cpu_time,std_cpu_time,min_cpu_time,max_cpu_time,mean_max_rss_mb,std_max_rss_mb,min_max_rss_mb,max_max_rss_mb,mean_sort_time,std_sort_time,min_sort_time,max_sort_time,mean_sketch_creation_time,std_sketch_creation_time,mean_comparison_time,std_comparison_time,mean_pair_time,std_pair_time,mean_write_time,std_write_time,mean_bedtools_serial_ms,std_bedtools_serial_ms,mean_bedtools_parallel_eff,std_bedtools_parallel_eff,min_bedtools_parallel_eff,max_bedtools_parallel_eff,hostname,cpu_model,cpu_count,slurm_job_id,git_sha,binary_version,corpus_seed
2,16,18,,bedtools,0.143074,0.080975,0.122675,0.495995,0.190872,0.053962,0.176234,0.425942,19.642578,2.827825,18.980469,31.968750,0.121727,0.015130,0.112645,0.160544,,,,,,,,,12.251747,0.072039,0.023687,0.004035,0.006148,0.025059,c529,Intel(R) Xeon(R) Gold 6248R CPU @ 3.00GHz,48,29671317,def9ce4-dirty,0.7.0,20260810
2,16,18,1,hammock_cpp_B,0.247648,0.001153,0.245253,0.249501,3.535451,0.016635,3.495266,3.570759,9.099219,0.014214,9.078125,9.125000,0.121727,0.015130,0.112645,0.160544,0.238054,0.001183,0.001345,0.000306,0.001324,0.000305,0.000021,0.000003,,,,,,,c529,Intel(R) Xeon(R) Gold 6248R CPU @ 3.00GHz,48,29671317,def9ce4-dirty,0.7.0,20260810
2,16,18,1,hammock_ie_B,0.248927,0.001086,0.246557,0.251167,3.553804,0.014910,3.517684,3.578161,9.105078,0.014921,9.078125,9.132812,0.121727,0.015130,0.112645,0.160544,0.238301,0.001266,0.002472,0.000341,0.002442,0.000340,0.000029,0.000005,,,,,,,c529,Intel(R) Xeon(R) Gold 6248R CPU @ 3.00GHz,48,29671317,def9ce4-dirty,0.7.0,20260810
4,16,18,,bedtools,0.166872,0.002578,0.162959,0.171936,0.409169,0.003522,0.401345,0.414485,19.046484,0.008185,19.027344,19.058594,0.126672,0.005043,0.121195,0.136702,,,,,,,,,12.257707,0.074034,0.073477,0.001417,0.070840,0.075402,c529,Intel(R) Xeon(R) Gold 6248R CPU @ 3.00GHz,48,29671317,def9ce4-dirty,0.7.0,20260810
4,16,18,1,hammock_cpp_B,0.485396,0.001883,0.481834,0.488146,7.087392,0.022134,7.043559,7.120403,10.100391,0.016987,10.078125,10.132812,0.126672,0.005043,0.121195,0.136702,0.475926,0.001873,0.001212,0.000075,0.001185,0.000076,0.000026,0.000001,,,,,,,c529,Intel(R) Xeon(R) Gold 6248R CPU @ 3.00GHz,48,29671317,def9ce4-dirty,0.7.0,20260810
4,16,18,1,hammock_ie_B,0.486805,0.001905,0.481956,0.490296,7.112216,0.018014,7.063975,7.151955,10.105078,0.019527,10.078125,10.132812,0.126672,0.005043,0.121195,0.136702,0.475749,0.001944,0.002902,0.000270,0.002842,0.000270,0.000060,0.000001,,,,,,,c529,Intel(R) Xeon(R) Gold 6248R CPU @ 3.00GHz,48,29671317,def9ce4-dirty,0.7.0,20260810
8,16,18,,bedtools,0.283416,0.006808,0.270613,0.297189,1.168581,0.007265,1.154878,1.181832,19.045508,0.007440,19.031250,19.058594,0.147181,0.002173,0.144439,0.153240,,,,,,,,,12.278652,0.076894,0.173397,0.004355,0.163998,0.181996,c529,Intel(R) Xeon(R) Gold 6248R CPU @ 3.00GHz,48,29671317,def9ce4-dirty,0.7.0,20260810
8,16,18,1,hammock_cpp_B,0.963379,0.002896,0.958179,0.970062,14.240826,0.031246,14.184452,14.304943,12.102344,0.014699,12.082031,12.136719,0.147181,0.002173,0.144439,0.153240,0.950554,0.002681,0.004153,0.000336,0.004099,0.000334,0.000053,0.000002,,,,,,,c529,Intel(R) Xeon(R) Gold 6248R CPU @ 3.00GHz,48,29671317,def9ce4-dirty,0.7.0,20260810
8,16,18,1,hammock_ie_B,0.965540,0.003366,0.959314,0.972487,14.276046,0.030927,14.215468,14.338079,12.106641,0.016063,12.082031,12.136719,0.147181,0.002173,0.144439,0.153240,0.950241,0.003308,0.006727,0.000378,0.006537,0.000379,0.000189,0.000002,,,,,,,c529,Intel(R) Xeon(R) Gold 6248R CPU @ 3.00GHz,48,29671317,def9ce4-dirty,0.7.0,20260810
16,16,18,,bedtools,0.746606,0.015040,0.711878,0.787970,4.189723,0.013899,4.155952,4.223660,19.053516,0.007422,19.039062,19.066406,0.281153,0.006263,0.272627,0.299997,,,,,,,,,12.285137,0.076328,0.263390,0.005995,0.249257,0.278965,c529,Intel(R) Xeon(R) Gold 6248R CPU @ 3.00GHz,48,29671317,def9ce4-dirty,0.7.0,20260810
16,16,18,1,hammock_cpp_B,1.922919,0.004834,1.913126,1.934631,28.587211,0.056018,28.481177,28.705605,17.154297,0.017621,17.128906,17.183594,0.281153,0.006263,0.272627,0.299997,1.900539,0.004141,0.013244,0.001854,0.013094,0.001853,0.000149,0.000003,,,,,,,c529,Intel(R) Xeon(R) Gold 6248R CPU @ 3.00GHz,48,29671317,def9ce4-dirty,0.7.0,20260810
16,16,18,1,hammock_ie_B,1.929190,0.004458,1.921751,1.938309,28.699529,0.055798,28.589280,28.805702,17.151953,0.012469,17.128906,17.175781,0.281153,0.006263,0.272627,0.299997,1.899566,0.004146,0.020652,0.000996,0.019962,0.000996,0.000689,0.000008,,,,,,,c529,Intel(R) Xeon(R) Gold 6248R CPU @ 3.00GHz,48,29671317,def9ce4-dirty,0.7.0,20260810
32,16,18,,bedtools,2.575189,0.024740,2.518583,2.625607,16.258211,0.032232,16.215758,16.323817,19.087109,0.009890,19.062500,19.101562,0.527568,0.007629,0.510201,0.545677,,,,,,,,,12.281609,0.060038,0.305253,0.002894,0.300340,0.312957,c529,Intel(R) Xeon(R) Gold 6248R CPU @ 3.00GHz,48,29671317,def9ce4-dirty,0.7.0,20260810
32,16,18,1,hammock_cpp_B,3.846078,0.005551,3.834485,3.855269,57.366063,0.067208,57.212865,57.474813,25.150391,0.012807,25.136719,25.183594,0.527568,0.007629,0.510201,0.545677,3.799423,0.005293,0.036615,0.001917,0.036106,0.001918,0.000509,0.000007,,,,,,,c529,Intel(R) Xeon(R) Gold 6248R CPU @ 3.00GHz,48,29671317,def9ce4-dirty,0.7.0,20260810
32,16,18,1,hammock_ie_B,3.871153,0.006712,3.850435,3.882930,57.766257,0.068121,57.602843,57.874935,25.158984,0.014673,25.136719,25.183594,0.527568,0.007629,0.510201,0.545677,3.799794,0.006794,0.061288,0.000854,0.058629,0.000861,0.002658,0.000017,,,,,,,c529,Intel(R) Xeon(R) Gold 6248R CPU @ 3.00GHz,48,29671317,def9ce4-dirty,0.7.0,20260810
64,16,18,,bedtools,9.876457,0.043129,9.816162,9.914576,64.581201,0.047729,64.514586,64.623943,19.144531,0.005524,19.136719,19.148438,0.988698,0.004614,0.982550,0.993663,,,,,,,,,12.272437,0.072395,0.318107,0.001803,0.315697,0.320035,c529,Intel(R) Xeon(R) Gold 6248R CPU @ 3.00GHz,48,29671317,def9ce4-dirty,0.7.0,20260810
64,16,18,1,hammock_cpp_B,7.723967,0.010510,7.716223,7.738827,115.288306,0.047869,115.228444,115.345615,41.169271,0.013279,41.156250,41.187500,0.988698,0.004614,0.982550,0.993663,7.603830,0.013015,0.108136,0.003491,0.106198,0.003487,0.001938,0.000011,,,,,,,c529,Intel(R) Xeon(R) Gold 6248R CPU @ 3.00GHz,48,29671317,def9ce4-dirty,0.7.0,20260810
64,16,18,1,hammock_ie_B,7.825887,0.003859,7.820885,7.830278,116.807475,0.046963,116.743380,116.854594,41.179688,0.019137,41.156250,41.203125,0.988698,0.004614,0.982550,0.993663,7.604261,0.003483,0.209293,0.001201,0.198707,0.001197,0.010585,0.000007,,,,,,,c529,Intel(R) Xeon(R) Gold 6248R CPU @ 3.00GHz,48,29671317,def9ce4-dirty,0.7.0,20260810
128,16,18,,bedtools,39.561501,0.231533,39.305206,39.866131,258.426166,0.186730,258.204843,258.661585,19.263021,0.004872,19.257812,19.269531,1.855389,0.042230,1.816798,1.914157,,,,,,,,,12.260199,0.084425,0.317339,0.000976,0.315961,0.318086,c529,Intel(R) Xeon(R) Gold 6248R CPU @ 3.00GHz,48,29671317,def9ce4-dirty,0.7.0,20260810
128,16,18,1,hammock_cpp_B,15.664862,0.008061,15.657830,15.676148,234.454700,0.241764,234.179513,234.768018,73.145833,0.059012,73.062500,73.191406,1.855389,0.042230,1.816798,1.914157,15.159498,0.019170,0.490584,0.019204,0.482909,0.019179,0.007674,0.000025,,,,,,,c529,Intel(R) Xeon(R) Gold 6248R CPU @ 3.00GHz,48,29671317,def9ce4-dirty,0.7.0,20260810
128,16,18,1,hammock_ie_B,16.068791,0.014994,16.051453,16.088032,240.208991,0.195572,240.017985,240.477728,73.207031,0.012758,73.191406,73.222656,1.855389,0.042230,1.816798,1.914157,15.192540,0.024923,0.860889,0.012803,0.818598,0.012813,0.042291,0.000039,,,,,,,c529,Intel(R) Xeon(R) Gold 6248R CPU @ 3.00GHz,48,29671317,def9ce4-dirty,0.7.0,20260810
256,16,18,,bedtools,160.543912,0.540330,159.857436,161.177837,1041.791191,0.805894,1041.001837,1042.897829,19.496094,0.005524,19.488281,19.500000,3.563328,0.010175,3.550750,3.575670,,,,,,,,,12.299458,0.043147,0.313799,0.000394,0.313243,0.314080,c529,Intel(R) Xeon(R) Gold 6248R CPU @ 3.00GHz,48,29671317,def9ce4-dirty,0.7.0,20260810
256,16,18,1,hammock_cpp_B,33.058023,0.077748,32.953160,33.139090,496.290760,1.348437,494.675033,497.975831,137.227865,0.013279,137.214844,137.246094,3.563328,0.010175,3.550750,3.575670,30.364626,0.041793,2.672871,0.097259,2.642346,0.097262,0.030525,0.000035,,,,,,,c529,Intel(R) Xeon(R) Gold 6248R CPU @ 3.00GHz,48,29671317,def9ce4-dirty,0.7.0,20260810
256,16,18,1,hammock_ie_B,34.809795,0.245016,34.516450,35.116189,521.507319,3.993476,517.104969,526.772194,139.717448,0.009744,139.707031,139.730469,3.563328,0.010175,3.550750,3.575670,30.415903,0.030758,4.373498,0.233041,4.204431,0.233068,0.169066,0.000180,,,,,,,c529,Intel(R) Xeon(R) Gold 6248R CPU @ 3.00GHz,48,29671317,def9ce4-dirty,0.7.0,20260810
512,16,18,,bedtools,653.411381,0.628393,652.723870,654.242797,4209.220350,4.958786,4202.396909,4214.033795,19.977865,0.006639,19.968750,19.984375,6.984080,0.004758,6.980555,6.990806,,,,,,,,,12.408654,0.116444,0.311145,0.003211,0.306670,0.314057,c529,Intel(R) Xeon(R) Gold 6248R CPU @ 3.00GHz,48,29671317,def9ce4-dirty,0.7.0,20260810
512,16,18,1,hammock_cpp_B,70.970652,0.212812,70.686738,71.199085,1059.574557,1.616678,1058.142288,1061.834040,266.281250,0.012758,266.265625,266.296875,6.984080,0.004758,6.980555,6.990806,60.925332,0.087145,10.016719,0.133296,9.895349,0.133275,0.121370,0.000171,,,,,,,c529,Intel(R) Xeon(R) Gold 6248R CPU @ 3.00GHz,48,29671317,def9ce4-dirty,0.7.0,20260810
512,16,18,1,hammock_ie_B,78.081058,0.742325,77.034431,78.675067,1171.899026,13.405912,1152.949417,1181.885640,278.281250,0.027805,278.257812,278.320312,6.984080,0.004758,6.980555,6.990806,60.769724,0.027457,17.281351,0.741919,16.607023,0.742085,0.674328,0.000488,,,,,,,c529,Intel(R) Xeon(R) Gold 6248R CPU @ 3.00GHz,48,29671317,def9ce4-dirty,0.7.0,20260810
