peak_type,cell,k,w,n_xref,n_diff,median_xref_reg,median_diff_reg,delta_reg,separated_reg,median_xref_ie,median_diff_ie,delta_ie,separated_ie
broad,k5_w5,5,5,18,54,1,1,0,FALSE,1,1,0,FALSE
broad,k5_w8,5,8,18,54,1,0.9972972972972972,0.00270270270270267,FALSE,1,0.997297478268659,0.002702521731341,FALSE
broad,k5_w10,5,10,18,54,1,0.9917355371900828,0.00826446280991732,TRUE,1,0.9917360068801953,0.00826399311980474,TRUE
broad,k5_w15,5,15,18,54,0.9938271604938272,0.9753846153846154,0.01844254510921172,TRUE,0.9938270125975592,0.9753840200637548,0.01844299253380466,TRUE
broad,k5_w20,5,20,18,54,0.9965397923875432,0.976271186440678,0.02026860594686519,TRUE,0.9965394758993756,0.976269141015876,0.0202703348834996,TRUE
broad,k5_w25,5,25,18,54,0.9892086330935252,0.9422382671480144,0.04697036594551074,TRUE,0.9892075806075672,0.9422330134845096,0.04697456712305759,TRUE
broad,k5_w30,5,30,18,54,0.9615384615384616,0.9307692307692308,0.03076923076923077,FALSE,0.9615354465910978,0.9307648187366064,0.03077062785449136,FALSE
broad,k5_w50,5,50,18,54,0.8952879581151832,0.8543689320388349,0.04091902607634834,FALSE,0.8952952463530716,0.8543800072097912,0.04091523914328032,FALSE
broad,k5_w75,5,75,18,54,0.9022556390977444,0.8344827586206897,0.06777288047705465,FALSE,0.9022486532272396,0.8344689649226698,0.06777968830456993,FALSE
broad,k8_w8,8,8,18,54,0.9961596548004314,0.970153127433169,0.0260065273672625,TRUE,0.9961572691911068,0.970178063354968,0.02597920583613866,TRUE
broad,k8_w10,8,10,18,54,0.9953751537515376,0.9570195105662358,0.03835564318530171,TRUE,0.9953722260342612,0.957040536128048,0.03833168990621327,TRUE
broad,k8_w15,8,15,18,54,0.9940209267563528,0.9445946758007332,0.0494262509556197,TRUE,0.9940174940504248,0.9446246925823876,0.04939280146803737,TRUE
broad,k8_w20,8,20,18,54,0.9908236007887152,0.9328713728886964,0.05795222790001897,TRUE,0.9908207494794264,0.9328491485913596,0.05797160088806674,TRUE
broad,k8_w25,8,25,18,54,0.9884790568902384,0.9286623123250488,0.05981674456518959,TRUE,0.988475761431147,0.9288974468320074,0.05957831459913965,TRUE
broad,k8_w30,8,30,18,54,0.983915582419834,0.9216890969377804,0.06222648548205367,TRUE,0.9839099987577136,0.92166333803177,0.06224666072594354,TRUE
broad,k8_w50,8,50,18,54,0.9794365284974094,0.913567543730707,0.06586898476670233,TRUE,0.979434591704098,0.9137043045762048,0.0657302871278932,TRUE
broad,k8_w75,8,75,18,54,0.9791469194312796,0.9148936170212766,0.06425330241000304,TRUE,0.9791426797399052,0.9148751835334304,0.06426749620647498,TRUE
broad,k10_w10,10,10,18,54,0.990588858813954,0.9200529803312396,0.07053587848271436,TRUE,0.9905898617501367,0.920224297140804,0.07036556460933263,TRUE
broad,k10_w15,10,15,18,54,0.988128032595224,0.9044682752457552,0.08365975734946896,TRUE,0.988103852602479,0.904467351540853,0.08363650106162601,TRUE
broad,k10_w20,10,20,18,54,0.9862112229854773,0.8987937102808923,0.08741751270458498,TRUE,0.986252340573757,0.8988802064565369,0.08737213411722011,TRUE
broad,k10_w25,10,25,18,54,0.9843867652921114,0.8927802284305426,0.09160653686156885,TRUE,0.984404190575649,0.8928482085690723,0.09155598200657666,TRUE
broad,k10_w30,10,30,18,54,0.9829892210627654,0.8893980295397101,0.09359119152305528,TRUE,0.98295674558087,0.8894162291387999,0.09354051644207018,TRUE
broad,k10_w50,10,50,18,54,0.9788217809519878,0.8793229817036755,0.09949879924831229,TRUE,0.978843413648814,0.8794226079417068,0.09942080570710732,TRUE
broad,k10_w75,10,75,18,54,0.97485977564102555,0.8760250173731758,0.09883475826784982,TRUE,0.9749253402148128,0.8762414116991492,0.09868392851566354,TRUE
broad,k15_w15,15,15,18,54,0.9259349532370816,0.4432050966135186,0.48272985662356305,TRUE,0.919521667389197,0.40959321997584286,0.5099284474133542,TRUE
broad,k15_w20,15,20,18,54,0.922828316041064,0.4344871543862501,0.4883411616548139,TRUE,0.9179359484656928,0.408472393137105,0.5094635553285878,TRUE
broad,k15_w25,15,25,18,54,0.9206554236366584,0.42884557745192914,0.4918098461847294,TRUE,0.9166193034184724,0.4078163948251858,0.5088029085932866,TRUE
broad,k15_w30,15,30,18,54,0.9188123543142056,0.42480577657611807,0.4940065777380874,TRUE,0.9153825291871336,0.4072876990821891,0.5080948301049446,TRUE
broad,k15_w50,15,50,18,54,0.914119049210038,0.4161811165972177,0.49793793261282027,TRUE,0.9120430803314704,0.4058056936774849,0.5062373866539853,TRUE
broad,k15_w75,15,75,18,54,0.9108150350716682,0.4112827813759093,0.4995322536957589,TRUE,0.909434565904756,0.4044773828089545,0.5049571830958014,TRUE
broad,k20_w20,20,20,18,54,0.9046783773417972,0.37208551985769595,0.5325928574841015,TRUE,0.8965299189161728,0.33333026763686363,0.5631996512793092,TRUE
broad,k20_w25,20,25,18,54,0.9018798688426306,0.36488966229310055,0.53699020654953,TRUE,0.895145837286447,0.3331259131353309,0.5620199241511161,TRUE
broad,k20_w30,20,30,18,54,0.899655047118393,0.3598082695667151,0.5398467775516779,TRUE,0.8938671964488117,0.3330098203697706,0.5608573760790412,TRUE
broad,k20_w35,20,35,18,54,0.8977869188401362,0.35593518051713136,0.5418517383230048,TRUE,0.8926783063608456,0.33296764160818687,0.5597106647526586,TRUE
broad,k20_w40,20,40,18,54,0.8961407798606242,0.35286555653178076,0.5432752233288435,TRUE,0.8915822488338365,0.3329665568617214,0.5586156919721151,TRUE
broad,k20_w50,20,50,18,54,0.8934513437948578,0.3483361636207805,0.5451151801740772,TRUE,0.8897476998939716,0.3329308956223098,0.5568168042716618,TRUE
broad,k20_w60,20,60,18,54,0.8915239393626075,0.34570382710096004,0.5458201122616475,TRUE,0.8883572676231034,0.3328990330723709,0.5554582345507325,TRUE
broad,k20_w75,20,75,18,54,0.8891796620382819,0.3429131871968843,0.5462664748413977,TRUE,0.8865445791185634,0.33260947515639555,0.5539351039621678,TRUE
broad,k25_w25,25,25,18,54,0.8938153336889006,0.3600206911979345,0.5337946424909661,TRUE,0.8864126464051268,0.32885596666781924,0.5575566797373076,TRUE
broad,k25_w30,25,30,18,54,0.8913453915723465,0.3552407407122001,0.5361046508601464,TRUE,0.8849578380828077,0.328894713549657,0.5560631245331507,TRUE
broad,k25_w35,25,35,18,54,0.8892118712895384,0.35169867103487623,0.5375132002546621,TRUE,0.8836022035272391,0.32892124259635724,0.5546809609308818,TRUE
broad,k25_w40,25,40,18,54,0.8874594704467743,0.34897201620712226,0.538487454239652,TRUE,0.8824793240843042,0.32899223025528757,0.5534870938290166,TRUE
broad,k25_w50,25,50,18,54,0.8844656332825407,0.3450286081025529,0.5394370251799878,TRUE,0.8803305839172394,0.3289750452479279,0.5513555386693114,TRUE
broad,k25_w60,25,60,18,54,0.8820518888458243,0.342388727865942,0.5396631609798823,TRUE,0.8784925942891912,0.32910486246217957,0.5493877318270117,TRUE
broad,k25_w75,25,75,18,54,0.8791155582249246,0.3396162046585383,0.5394993535663863,TRUE,0.8761735901456005,0.32907250801321747,0.547101082132383,TRUE
broad,k30_w30,30,30,18,54,0.8832990164196619,0.3534373287305386,0.5298616876891233,TRUE,0.8763046095013464,0.3269389966573568,0.5493656128439895,TRUE
broad,k30_w35,30,35,18,54,0.8810011845547032,0.34975478836390933,0.5312463961907938,TRUE,0.874807983638003,0.32679869382964716,0.548009289808356,TRUE
broad,k30_w40,30,40,18,54,0.879003661240361,0.3469374622204852,0.5320661990198758,TRUE,0.8734739251660995,0.326758610678811,0.5467153144872885,TRUE
broad,k30_w50,30,50,18,54,0.8756811696379033,0.34305817602301286,0.5326229936148905,TRUE,0.8711988458243697,0.32691755822611623,0.5442812875982534,TRUE
broad,k30_w60,30,60,18,54,0.8729366721071959,0.3403072423148933,0.5326294297923027,TRUE,0.869111994631569,0.3268748751426052,0.5422371194889637,TRUE
broad,k30_w75,30,75,18,54,0.8695970466291075,0.33733919390948164,0.5322578527196259,TRUE,0.8664760599437691,0.3266494390339814,0.5398266209097877,TRUE
broad,k35_w35,35,35,18,54,0.8736623821920741,0.34812527098714774,0.5255371112049264,TRUE,0.867096225520373,0.325131031814606,0.541965193705767,TRUE
broad,k35_w40,35,40,18,54,0.8717136802492224,0.34538413271192425,0.5263295475372981,TRUE,0.865868650102203,0.3250991740283881,0.5407694760738149,TRUE
broad,k35_w50,35,50,18,54,0.8681288691027946,0.34134455711682854,0.5267843119859661,TRUE,0.8633056215035189,0.32510870015837157,0.5381969213451473,TRUE
broad,k35_w60,35,60,18,54,0.8652089628808423,0.338766502803541,0.5264424600773012,TRUE,0.8610768199234804,0.32520120528003155,0.5358756146434489,TRUE
broad,k35_w75,35,75,18,54,0.8614198892438558,0.3358220578178381,0.5255978314260177,TRUE,0.858075428715428,0.32504902213558945,0.5330264065798385,TRUE
broad,k40_w40,40,40,18,54,0.8642263929938864,0.3437941797112914,0.5204322132825949,TRUE,0.8579864744433616,0.32357979753164895,0.5344066769117126,TRUE
broad,k40_w50,40,50,18,54,0.8607068277559192,0.33982923136045823,0.520877596395461,TRUE,0.8555643461152583,0.32364295652806496,0.5319213895871934,TRUE
broad,k40_w60,40,60,18,54,0.857561601562091,0.33696336884133843,0.5205982327207526,TRUE,0.8531245503184062,0.3234782845649249,0.5296462657534813,TRUE
broad,k40_w75,40,75,18,54,0.853504988533423,0.33397864435485797,0.5195263441785651,TRUE,0.8498785533378408,0.3232384620422833,0.5266400912955576,TRUE
broad,k50_w50,50,50,18,54,0.8458344707464709,0.33716393996550825,0.5086705307809627,TRUE,0.8402128712011666,0.32089094066771395,0.5193219305334527,TRUE
broad,k50_w60,50,60,18,54,0.8426194125304941,0.3345272439036017,0.5080921686268924,TRUE,0.8378605821965852,0.32106304521227563,0.5167975369843096,TRUE
broad,k50_w75,50,75,18,54,0.8383769717265022,0.33172372930462496,0.5066532424218773,TRUE,0.8344403004446751,0.32110187159318404,0.5133384288514911,TRUE
narrow,k5_w5,5,5,18,54,1,1,0,FALSE,1,1,0,FALSE
narrow,k5_w8,5,8,18,54,1,0.9972972972972972,0.00270270270270267,FALSE,1,0.997297478268659,0.002702521731341,FALSE
narrow,k5_w10,5,10,18,54,1,0.9916666666666668,0.0083333333333333,TRUE,1,0.9916671027525608,0.00833289724743924,TRUE
narrow,k5_w15,5,15,18,54,0.9968944099378882,0.9753086419753086,0.0215857679625796,TRUE,0.9968943240294972,0.9753079847971124,0.02158633923238484,TRUE
narrow,k5_w20,5,20,18,54,0.9931740614334472,0.9621993127147768,0.03097474871867045,FALSE,0.9931734692420288,0.9621958290453712,0.03097764019665749,TRUE
narrow,k5_w25,5,25,18,54,0.9927007299270072,0.9264705882352942,0.06623014169171315,TRUE,0.9927000235765886,0.9264645667735236,0.06623545680306497,TRUE
narrow,k5_w30,5,30,18,54,0.9563492063492064,0.9176470588235294,0.03870214752567702,FALSE,0.9563466381208507,0.9176432554637424,0.03870338265710837,FALSE
narrow,k5_w50,5,50,18,54,0.8871794871794871,0.8256410256410256,0.06153846153846154,FALSE,0.8871880544697099,0.8256517197851603,0.06153633468454966,FALSE
narrow,k5_w75,5,75,18,54,0.9067796610169492,0.8629032258064516,0.04387643521049755,FALSE,0.9067801310202416,0.8628998516540641,0.04388027936617755,FALSE
narrow,k8_w8,8,8,18,54,0.9977758395115568,0.9651478047927234,0.03262803471883346,TRUE,0.99777445973099,0.9652139778866556,0.03256048184433446,TRUE
narrow,k8_w10,8,10,18,54,0.9967156105100464,0.9542901413906644,0.04242546911938194,TRUE,0.9967135415847612,0.9543890392706358,0.04232450231412543,TRUE
narrow,k8_w15,8,15,18,54,0.9952502740226524,0.9409191720059142,0.0543311020167383,TRUE,0.995247623736431,0.941012062938406,0.05423556079802516,TRUE
narrow,k8_w20,8,20,18,54,0.993853672985782,0.9328240844753988,0.0610295885103832,TRUE,0.9938516338706904,0.9328039300820954,0.06104770378859492,TRUE
narrow,k8_w25,8,25,18,54,0.9920187386136896,0.9240584301302358,0.0679603084834538,TRUE,0.9920165243542268,0.9241812842307447,0.06783524012348208,TRUE
narrow,k8_w30,8,30,18,54,0.9871794871794872,0.9192234181671864,0.06795606901230078,TRUE,0.9871751861130088,0.9191959400982378,0.06797924601477112,TRUE
narrow,k8_w50,8,50,18,54,0.9829128074097732,0.9105703902670248,0.07234241714274847,TRUE,0.9829111698549596,0.9105620245144764,0.07234914534048331,TRUE
narrow,k8_w75,8,75,18,54,0.9804732368481508,0.917022711940634,0.06345052490751657,TRUE,0.9804690280912596,0.9170050365812724,0.06346399150998716,TRUE
narrow,k10_w10,10,10,18,54,0.993459056690736,0.9097306310035476,0.08372842568718841,TRUE,0.9934654331758256,0.9098210385847298,0.08364439459109585,TRUE
narrow,k10_w15,10,15,18,54,0.9917407261831231,0.8949152367755462,0.09682548940757696,TRUE,0.9917032389551774,0.8948957032066037,0.0968075357485737,TRUE
narrow,k10_w20,10,20,18,54,0.9895748107997544,0.8875047651045739,0.10207004569518063,TRUE,0.9895769015491817,0.8876292243626203,0.10194767718656128,TRUE
narrow,k10_w25,10,25,18,54,0.9881104684567358,0.8839151404246081,0.10419532803212772,TRUE,0.988117243892738,0.8839102668521476,0.10420697704059056,TRUE
narrow,k10_w30,10,30,18,54,0.9873622494123536,0.8804724937269574,0.10688975568539616,TRUE,0.9873386858300596,0.8804627904651616,0.10687589536489785,TRUE
narrow,k10_w50,10,50,18,54,0.983135998645235,0.8715785874072068,0.1115574112380282,TRUE,0.9831131970815594,0.8715930720141589,0.1115201250674005,TRUE
narrow,k10_w75,10,75,18,54,0.9803961945554136,0.8671679724421854,0.11322822211322836,TRUE,0.9804109439383338,0.8673605293288961,0.11305041460943777,TRUE
narrow,k15_w15,15,15,18,54,0.953080749679622,0.4174433896637038,0.5356373600159181,TRUE,0.9495153049920144,0.3916915239847526,0.5578237810072617,TRUE
narrow,k15_w20,15,20,18,54,0.9507140790180392,0.4102918446601942,0.5404222343578451,TRUE,0.94788283152278,0.3906161745158742,0.5572666570069058,TRUE
narrow,k15_w25,15,25,18,54,0.9488053154344804,0.4056894295351989,0.5431158858992815,TRUE,0.9464221558386592,0.38981224919908497,0.5566099066395742,TRUE
narrow,k15_w30,15,30,18,54,0.9472459408087934,0.40245738669553105,0.5447885541132624,TRUE,0.9452370664303696,0.3893873512730376,0.5558497151573318,TRUE
narrow,k15_w50,15,50,18,54,0.9427887969303343,0.3955178906424205,0.5472709062879139,TRUE,0.9415982097751416,0.3881157721298007,0.5534824376453408,TRUE
narrow,k15_w75,15,75,18,54,0.939883807861528,0.3914044541918629,0.548479353669665,TRUE,0.9391222409454616,0.3866581553267786,0.5524640856186829,TRUE
narrow,k20_w20,20,20,18,54,0.9370836716977526,0.36132597122405374,0.5757577004736989,TRUE,0.9323529204617356,0.3337849421341554,0.5985679783275801,TRUE
narrow,k20_w25,20,25,18,54,0.9347548148609556,0.35592972119614735,0.5788250936648083,TRUE,0.930803946733903,0.3334975498087879,0.5973063969251151,TRUE
narrow,k20_w30,20,30,18,54,0.9327862098649418,0.3523527792613864,0.5804334306035553,TRUE,0.9293507576458522,0.33317422895312965,0.5961765286927225,TRUE
narrow,k20_w35,20,35,18,54,0.9311362339581126,0.3495364570283137,0.5815997769297989,TRUE,0.9280693289648938,0.33307353122590866,0.5949957977389851,TRUE
narrow,k20_w40,20,40,18,54,0.9295776616300142,0.34716034849429095,0.5824173131357233,TRUE,0.9268464750839992,0.3328100823986075,0.5940363926853918,TRUE
narrow,k20_w50,20,50,18,54,0.9271686398935866,0.3434424406741065,0.58372619921948,TRUE,0.924910726002119,0.3320114231185037,0.5928993028836154,TRUE
narrow,k20_w60,20,60,18,54,0.9252069919024252,0.34093754282401306,0.5842694490784122,TRUE,0.9232622921683884,0.3314841612531451,0.5917781309152432,TRUE
narrow,k20_w75,20,75,18,54,0.9228132483722368,0.33851685200749476,0.5842963963647421,TRUE,0.9211897367546658,0.33096789472946864,0.5902218420251971,TRUE
narrow,k25_w25,25,25,18,54,0.9263401830349568,0.3515486648072489,0.5747915182277079,TRUE,0.9217474890117268,0.3283435909862715,0.5934038980254551,TRUE
narrow,k25_w30,25,30,18,54,0.9242233668383733,0.34748546386655776,0.5767379029718155,TRUE,0.9202479752905388,0.3278980711679096,0.5923499041226291,TRUE
narrow,k25_w35,25,35,18,54,0.9223177281416932,0.344419575639946,0.5778981525017473,TRUE,0.9187796636604592,0.32760127272967643,0.5911783909307828,TRUE
narrow,k25_w40,25,40,18,54,0.9206186096835272,0.34199494876269954,0.5786236609208276,TRUE,0.9174125357473134,0.3273056639585807,0.5901068717887328,TRUE
narrow,k25_w50,25,50,18,54,0.917790288631424,0.3384927477360504,0.5792975408953734,TRUE,0.9150879693296,0.3267502597477116,0.5883377095818885,TRUE
narrow,k25_w60,25,60,18,54,0.9154669455508332,0.33597839523655615,0.5794885503142772,TRUE,0.9131208524270658,0.32630445855256224,0.5868163938745035,TRUE
narrow,k25_w75,25,75,18,54,0.9128515792358376,0.3334136197374583,0.5794379594983792,TRUE,0.9108864257599978,0.3260222512319246,0.5848641745280732,TRUE
narrow,k30_w30,30,30,18,54,0.9159016067465676,0.34348787834998834,0.5724137283965793,TRUE,0.9114342656107156,0.3243943021222864,0.5870399634884291,TRUE
narrow,k30_w35,30,35,18,54,0.9138251414560228,0.34018728501124174,0.573637856444781,TRUE,0.9098737796236288,0.3241606921049201,0.5857130875187087,TRUE
narrow,k30_w40,30,40,18,54,0.9120019457454516,0.33788859716992287,0.5741133485755288,TRUE,0.9084803805900364,0.324116652908093,0.5843637276819433,TRUE
narrow,k30_w50,30,50,18,54,0.9088433139987516,0.33476006075744713,0.5740832532413046,TRUE,0.9059861552566733,0.3238541445355706,0.5821320107211025,TRUE
narrow,k30_w60,30,60,18,54,0.9061737433838376,0.3327346669494923,0.5734390764343453,TRUE,0.9037281915235772,0.3236715665502451,0.5800566249733321,TRUE
narrow,k30_w75,30,75,18,54,0.9028866436578808,0.33034712558190493,0.5725395180759759,TRUE,0.9008482476958548,0.3231440030182433,0.5777042446776114,TRUE
narrow,k35_w35,35,35,18,54,0.9060200773126652,0.3379006041100246,0.5681194732026407,TRUE,0.9017778885070432,0.3217299560088058,0.5800479324982375,TRUE
narrow,k35_w40,35,40,18,54,0.904224699338942,0.3359112653282213,0.5683134340107208,TRUE,0.900408849937702,0.3218004496511478,0.5786084002865541,TRUE
narrow,k35_w50,35,50,18,54,0.9008698790926049,0.3327181841855993,0.5681516949070056,TRUE,0.8976740948009224,0.3215843726096055,0.5760897221913169,TRUE
narrow,k35_w60,35,60,18,54,0.8980661039974787,0.3307718972659205,0.5672942067315582,TRUE,0.8953192701671504,0.3215211191309051,0.5737981510362453,TRUE
narrow,k35_w75,35,75,18,54,0.8943372991779643,0.3283413464952213,0.565995952682743,TRUE,0.8920245018132644,0.32105627719073365,0.5709682246225307,TRUE
narrow,k40_w40,40,40,18,54,0.8962995171244447,0.334414613082404,0.5618849040420406,TRUE,0.8921888297097608,0.32041410209457305,0.5717747276151877,TRUE
narrow,k40_w50,40,50,18,54,0.8928946460973253,0.33143429752435827,0.561460348572967,TRUE,0.8894796680699185,0.32026925414816465,0.5692104139217539,TRUE
narrow,k40_w60,40,60,18,54,0.8897161363102449,0.32918661506092267,0.5605295212493222,TRUE,0.8867692216379284,0.3194562222462228,0.5673129993917057,TRUE
narrow,k40_w75,40,75,18,54,0.8857560298343612,0.3269449315660036,0.5588110982683576,TRUE,0.8832603854872987,0.31832019379870413,0.5649401916885946,TRUE
narrow,k50_w50,50,50,18,54,0.8775758661864421,0.32865558171173237,0.5489202844747098,TRUE,0.8736776187542036,0.3140588776679398,0.5596187410862639,TRUE
narrow,k50_w60,50,60,18,54,0.8744673801919753,0.3267724742956838,0.5476949058962916,TRUE,0.8710845284988599,0.31342632745596394,0.5576582010428959,TRUE
narrow,k50_w75,50,75,18,54,0.8702961864957318,0.32415030642193465,0.5461458800737972,TRUE,0.8675575546262111,0.3123867989807873,0.5551707556454237,TRUE
