precision,num_files,build,arm,run_index,order_position,threads,num_intervals,n_pairs,sketch_time,comparison_time,pair_time,write_time,wall_time,cpu_time,max_rss_mb,us_per_pair,binary_md5,hostname,cpu_model,cpu_count,slurm_job_id,git_sha,corpus_seed
12,64,pre,no_metrics,0,0,16,10000,4096,5.195303,0.002151,0.000843,0.001307,5.2034595012664795,82.545025,5.8125,0.205810546875,322e971877b5,sr09,Intel(R) Xeon(R) Gold 6448Y,16,29628907,bd3c7ee-dirty,20260808
12,64,pre,metrics,0,1,16,10000,4096,5.195473,0.009356,0.002474,0.006881,5.20966649055481,82.57808800000001,5.8125,0.60400390625,322e971877b5,sr09,Intel(R) Xeon(R) Gold 6448Y,16,29628907,bd3c7ee-dirty,20260808
12,64,post,no_metrics,0,2,16,10000,4096,5.198223,0.002084,0.000852,0.001231,5.2060394287109375,82.69431699999998,5.8203125,0.2080078125,3613d0803912,sr09,Intel(R) Xeon(R) Gold 6448Y,16,29628907,bd3c7ee-dirty,20260808
12,64,post,metrics,0,3,16,10000,4096,5.197528,0.008315,0.001514,0.006801,5.210926294326782,82.75548000000003,5.8203125,0.36962890625,3613d0803912,sr09,Intel(R) Xeon(R) Gold 6448Y,16,29628907,bd3c7ee-dirty,20260808
12,64,pre,no_metrics,1,0,16,10000,4096,5.181202,0.002114,0.000858,0.001256,5.188194274902344,82.43955899999999,5.8125,0.20947265625,322e971877b5,sr09,Intel(R) Xeon(R) Gold 6448Y,16,29628907,bd3c7ee-dirty,20260808
12,64,pre,metrics,1,1,16,10000,4096,5.178825,0.009186,0.002441,0.006745,5.193729877471924,82.475254,5.8125,0.595947265625,322e971877b5,sr09,Intel(R) Xeon(R) Gold 6448Y,16,29628907,bd3c7ee-dirty,20260808
12,64,post,metrics,1,2,16,10000,4096,5.197297,0.008265,0.001529,0.006735,5.2106781005859375,82.73808999999996,5.8203125,0.373291015625,3613d0803912,sr09,Intel(R) Xeon(R) Gold 6448Y,16,29628907,bd3c7ee-dirty,20260808
12,64,post,no_metrics,1,3,16,10000,4096,5.196353,0.002076,0.00084,0.001236,5.2031168937683105,82.66075300000007,5.8203125,0.205078125,3613d0803912,sr09,Intel(R) Xeon(R) Gold 6448Y,16,29628907,bd3c7ee-dirty,20260808
12,64,pre,no_metrics,2,0,16,10000,4096,5.181051,0.002109,0.000832,0.001277,5.187851905822754,82.41213899999998,5.8125,0.203125,322e971877b5,sr09,Intel(R) Xeon(R) Gold 6448Y,16,29628907,bd3c7ee-dirty,20260808
12,64,post,no_metrics,2,1,16,10000,4096,5.198909,0.002092,0.000849,0.001243,5.205890655517578,82.71380399999994,5.8203125,0.207275390625,3613d0803912,sr09,Intel(R) Xeon(R) Gold 6448Y,16,29628907,bd3c7ee-dirty,20260808
12,64,pre,metrics,2,2,16,10000,4096,5.182468,0.009203,0.002455,0.006748,5.19702935218811,82.52852600000001,5.8125,0.599365234375,322e971877b5,sr09,Intel(R) Xeon(R) Gold 6448Y,16,29628907,bd3c7ee-dirty,20260808
12,64,post,metrics,2,3,16,10000,4096,5.197088,0.008335,0.001537,0.006798,5.2101194858551025,82.74836200000001,5.8203125,0.375244140625,3613d0803912,sr09,Intel(R) Xeon(R) Gold 6448Y,16,29628907,bd3c7ee-dirty,20260808
12,64,pre,no_metrics,3,0,16,10000,4096,5.180163,0.002123,0.000844,0.001279,5.187382221221924,82.40554300000007,5.8125,0.2060546875,322e971877b5,sr09,Intel(R) Xeon(R) Gold 6448Y,16,29628907,bd3c7ee-dirty,20260808
12,64,post,no_metrics,3,1,16,10000,4096,5.195629,0.002103,0.000864,0.001239,5.202742099761963,82.65863299999995,5.8203125,0.2109375,3613d0803912,sr09,Intel(R) Xeon(R) Gold 6448Y,16,29628907,bd3c7ee-dirty,20260808
12,64,post,metrics,3,2,16,10000,4096,5.1967,0.008308,0.001514,0.006793,5.209963798522949,82.75262599999994,5.8203125,0.36962890625,3613d0803912,sr09,Intel(R) Xeon(R) Gold 6448Y,16,29628907,bd3c7ee-dirty,20260808
12,64,pre,metrics,3,3,16,10000,4096,5.180837,0.009189,0.002438,0.00675,5.194940567016602,82.49605800000016,5.8125,0.59521484375,322e971877b5,sr09,Intel(R) Xeon(R) Gold 6448Y,16,29628907,bd3c7ee-dirty,20260808
12,64,pre,no_metrics,4,0,16,10000,4096,5.182964,0.002115,0.00084,0.001275,5.189970254898071,82.45363099999992,5.8125,0.205078125,322e971877b5,sr09,Intel(R) Xeon(R) Gold 6448Y,16,29628907,bd3c7ee-dirty,20260808
12,64,post,metrics,4,1,16,10000,4096,5.196751,0.008344,0.001545,0.006798,5.210004091262817,82.74971099999996,5.8203125,0.377197265625,3613d0803912,sr09,Intel(R) Xeon(R) Gold 6448Y,16,29628907,bd3c7ee-dirty,20260808
12,64,pre,metrics,4,2,16,10000,4096,5.180953,0.009222,0.002445,0.006777,5.195638418197632,82.49665299999992,5.8125,0.596923828125,322e971877b5,sr09,Intel(R) Xeon(R) Gold 6448Y,16,29628907,bd3c7ee-dirty,20260808
12,64,post,no_metrics,4,3,16,10000,4096,5.198165,0.002095,0.000863,0.001232,5.205678701400757,82.68682100000015,5.8203125,0.210693359375,3613d0803912,sr09,Intel(R) Xeon(R) Gold 6448Y,16,29628907,bd3c7ee-dirty,20260808
14,64,pre,no_metrics,0,0,16,10000,4096,5.286095,0.004663,0.003385,0.001277,5.295584678649902,84.14089799999988,7.36328125,0.826416015625,322e971877b5,sr09,Intel(R) Xeon(R) Gold 6448Y,16,29628907,bd3c7ee-dirty,20260808
14,64,pre,metrics,0,1,16,10000,4096,5.283761,0.015736,0.008955,0.00678,5.30443549156189,84.24935900000008,7.36328125,2.186279296875,322e971877b5,sr09,Intel(R) Xeon(R) Gold 6448Y,16,29628907,bd3c7ee-dirty,20260808
14,64,post,no_metrics,0,2,16,10000,4096,5.303658,0.00465,0.003405,0.001245,5.316330432891846,84.41771800000004,7.30078125,0.831298828125,3613d0803912,sr09,Intel(R) Xeon(R) Gold 6448Y,16,29628907,bd3c7ee-dirty,20260808
14,64,post,metrics,0,3,16,10000,4096,5.303849,0.012384,0.005567,0.006816,5.321058511734009,84.48610199999985,7.30078125,1.359130859375,3613d0803912,sr09,Intel(R) Xeon(R) Gold 6448Y,16,29628907,bd3c7ee-dirty,20260808
14,64,pre,no_metrics,1,0,16,10000,4096,5.290338,0.004679,0.003383,0.001296,5.300268173217773,84.1877540000002,7.36328125,0.825927734375,322e971877b5,sr09,Intel(R) Xeon(R) Gold 6448Y,16,29628907,bd3c7ee-dirty,20260808
14,64,pre,metrics,1,1,16,10000,4096,5.284638,0.015796,0.008999,0.006797,5.3058202266693115,84.2670530000001,7.36328125,2.197021484375,322e971877b5,sr09,Intel(R) Xeon(R) Gold 6448Y,16,29628907,bd3c7ee-dirty,20260808
14,64,post,metrics,1,2,16,10000,4096,5.301268,0.012356,0.005505,0.006851,5.318783521652222,84.47518599999972,7.30078125,1.343994140625,3613d0803912,sr09,Intel(R) Xeon(R) Gold 6448Y,16,29628907,bd3c7ee-dirty,20260808
14,64,post,no_metrics,1,3,16,10000,4096,5.302858,0.00465,0.0034,0.001249,5.312340974807739,84.40924899999992,7.30078125,0.830078125,3613d0803912,sr09,Intel(R) Xeon(R) Gold 6448Y,16,29628907,bd3c7ee-dirty,20260808
14,64,pre,no_metrics,2,0,16,10000,4096,5.283579,0.004697,0.003414,0.001282,5.2937891483306885,84.09299600000028,7.36328125,0.83349609375,322e971877b5,sr09,Intel(R) Xeon(R) Gold 6448Y,16,29628907,bd3c7ee-dirty,20260808
14,64,post,no_metrics,2,1,16,10000,4096,5.303534,0.004677,0.00341,0.001266,5.313406229019165,84.39302300000007,7.30078125,0.83251953125,3613d0803912,sr09,Intel(R) Xeon(R) Gold 6448Y,16,29628907,bd3c7ee-dirty,20260808
14,64,pre,metrics,2,2,16,10000,4096,5.285449,0.015824,0.009024,0.0068,5.307338237762451,84.25710000000002,7.36328125,2.203125,322e971877b5,sr09,Intel(R) Xeon(R) Gold 6448Y,16,29628907,bd3c7ee-dirty,20260808
14,64,post,metrics,2,3,16,10000,4096,5.303566,0.012317,0.00549,0.006826,5.320936441421509,84.49939899999974,7.30078125,1.34033203125,3613d0803912,sr09,Intel(R) Xeon(R) Gold 6448Y,16,29628907,bd3c7ee-dirty,20260808
14,64,pre,no_metrics,3,0,16,10000,4096,5.286435,0.004634,0.003372,0.001262,5.296147584915161,84.13368600000017,7.36328125,0.8232421875,322e971877b5,sr09,Intel(R) Xeon(R) Gold 6448Y,16,29628907,bd3c7ee-dirty,20260808
14,64,post,no_metrics,3,1,16,10000,4096,5.302431,0.004649,0.003387,0.001262,5.312659740447998,84.39350899999977,7.30078125,0.826904296875,3613d0803912,sr09,Intel(R) Xeon(R) Gold 6448Y,16,29628907,bd3c7ee-dirty,20260808
14,64,post,metrics,3,2,16,10000,4096,5.303406,0.012354,0.005506,0.006847,5.320919036865234,84.48643100000011,7.30078125,1.34423828125,3613d0803912,sr09,Intel(R) Xeon(R) Gold 6448Y,16,29628907,bd3c7ee-dirty,20260808
14,64,pre,metrics,3,3,16,10000,4096,5.289723,0.015756,0.008976,0.006779,5.31062650680542,84.3191110000001,7.36328125,2.19140625,322e971877b5,sr09,Intel(R) Xeon(R) Gold 6448Y,16,29628907,bd3c7ee-dirty,20260808
14,64,pre,no_metrics,4,0,16,10000,4096,5.287205,0.00465,0.003368,0.001282,5.29742956161499,84.15312799999987,7.36328125,0.822265625,322e971877b5,sr09,Intel(R) Xeon(R) Gold 6448Y,16,29628907,bd3c7ee-dirty,20260808
14,64,post,metrics,4,1,16,10000,4096,5.30282,0.012335,0.005485,0.006849,5.320328712463379,84.49467899999993,7.30078125,1.339111328125,3613d0803912,sr09,Intel(R) Xeon(R) Gold 6448Y,16,29628907,bd3c7ee-dirty,20260808
14,64,pre,metrics,4,2,16,10000,4096,5.285729,0.015781,0.008974,0.006806,5.306741714477539,84.26437000000021,7.36328125,2.19091796875,322e971877b5,sr09,Intel(R) Xeon(R) Gold 6448Y,16,29628907,bd3c7ee-dirty,20260808
14,64,post,no_metrics,4,3,16,10000,4096,5.300126,0.004634,0.003389,0.001245,5.310065031051636,84.35856899999982,7.37109375,0.827392578125,3613d0803912,sr09,Intel(R) Xeon(R) Gold 6448Y,16,29628907,bd3c7ee-dirty,20260808
16,64,pre,no_metrics,0,0,16,10000,4096,5.880935,0.014487,0.013226,0.00126,5.900623321533203,93.70642400000011,14.2578125,3.22900390625,322e971877b5,sr09,Intel(R) Xeon(R) Gold 6448Y,16,29628907,bd3c7ee-dirty,20260808
16,64,pre,metrics,0,1,16,10000,4096,5.876378,0.041829,0.034982,0.006847,5.9239418506622314,94.06118000000001,14.28125,8.54052734375,322e971877b5,sr09,Intel(R) Xeon(R) Gold 6448Y,16,29628907,bd3c7ee-dirty,20260808
16,64,post,no_metrics,0,2,16,10000,4096,5.892709,0.014329,0.013037,0.001292,5.912640810012817,93.92172699999986,14.3046875,3.182861328125,3613d0803912,sr09,Intel(R) Xeon(R) Gold 6448Y,16,29628907,bd3c7ee-dirty,20260808
16,64,post,metrics,0,3,16,10000,4096,5.89224,0.027846,0.020974,0.006871,5.926435708999634,94.09040699999994,14.296875,5.12060546875,3613d0803912,sr09,Intel(R) Xeon(R) Gold 6448Y,16,29628907,bd3c7ee-dirty,20260808
16,64,pre,no_metrics,1,0,16,10000,4096,5.875505,0.014368,0.013098,0.00127,5.895119905471802,93.6400590000003,14.2890625,3.19775390625,322e971877b5,sr09,Intel(R) Xeon(R) Gold 6448Y,16,29628907,bd3c7ee-dirty,20260808
16,64,pre,metrics,1,1,16,10000,4096,5.877613,0.04175,0.034969,0.006781,5.924745082855225,94.06782799999968,14.2734375,8.537353515625,322e971877b5,sr09,Intel(R) Xeon(R) Gold 6448Y,16,29628907,bd3c7ee-dirty,20260808
16,64,post,metrics,1,2,16,10000,4096,5.893206,0.027938,0.021029,0.006909,5.926833391189575,94.11770399999997,14.296875,5.134033203125,3613d0803912,sr09,Intel(R) Xeon(R) Gold 6448Y,16,29628907,bd3c7ee-dirty,20260808
16,64,post,no_metrics,1,3,16,10000,4096,5.889785,0.014596,0.013331,0.001264,5.910581827163696,93.89685000000004,14.2890625,3.254638671875,3613d0803912,sr09,Intel(R) Xeon(R) Gold 6448Y,16,29628907,bd3c7ee-dirty,20260808
16,64,pre,no_metrics,2,0,16,10000,4096,5.876195,0.01434,0.013021,0.001318,5.8957531452178955,93.66276100000053,14.28125,3.178955078125,322e971877b5,sr09,Intel(R) Xeon(R) Gold 6448Y,16,29628907,bd3c7ee-dirty,20260808
16,64,post,no_metrics,2,1,16,10000,4096,5.902246,0.01441,0.013141,0.001269,5.923671722412109,94.08923499999926,14.2734375,3.208251953125,3613d0803912,sr09,Intel(R) Xeon(R) Gold 6448Y,16,29628907,bd3c7ee-dirty,20260808
16,64,pre,metrics,2,2,16,10000,4096,5.875986,0.041878,0.035015,0.006862,5.9236531257629395,94.06227799999995,14.2734375,8.548583984375,322e971877b5,sr09,Intel(R) Xeon(R) Gold 6448Y,16,29628907,bd3c7ee-dirty,20260808
16,64,post,metrics,2,3,16,10000,4096,5.892125,0.027947,0.021119,0.006827,5.926370143890381,94.10189800000012,14.3046875,5.156005859375,3613d0803912,sr09,Intel(R) Xeon(R) Gold 6448Y,16,29628907,bd3c7ee-dirty,20260808
16,64,pre,no_metrics,3,0,16,10000,4096,5.876229,0.014281,0.012991,0.00129,5.895649671554565,93.68055999999986,14.265625,3.171630859375,322e971877b5,sr09,Intel(R) Xeon(R) Gold 6448Y,16,29628907,bd3c7ee-dirty,20260808
16,64,post,no_metrics,3,1,16,10000,4096,5.890899,0.014351,0.013069,0.001281,5.910963535308838,93.90370200000024,14.296875,3.190673828125,3613d0803912,sr09,Intel(R) Xeon(R) Gold 6448Y,16,29628907,bd3c7ee-dirty,20260808
16,64,post,metrics,3,2,16,10000,4096,5.89151,0.027971,0.021103,0.006867,5.925837516784668,94.07721200000026,14.296875,5.152099609375,3613d0803912,sr09,Intel(R) Xeon(R) Gold 6448Y,16,29628907,bd3c7ee-dirty,20260808
16,64,pre,metrics,3,3,16,10000,4096,5.877453,0.041829,0.034937,0.006892,5.9247145652771,94.07600600000026,14.296875,8.529541015625,322e971877b5,sr09,Intel(R) Xeon(R) Gold 6448Y,16,29628907,bd3c7ee-dirty,20260808
16,64,pre,no_metrics,4,0,16,10000,4096,5.876163,0.014386,0.013091,0.001295,5.895569324493408,93.65000099999928,14.2890625,3.196044921875,322e971877b5,sr09,Intel(R) Xeon(R) Gold 6448Y,16,29628907,bd3c7ee-dirty,20260808
16,64,post,metrics,4,1,16,10000,4096,5.892525,0.027853,0.021017,0.006835,5.926535129547119,94.10407600000033,14.2734375,5.131103515625,3613d0803912,sr09,Intel(R) Xeon(R) Gold 6448Y,16,29628907,bd3c7ee-dirty,20260808
16,64,pre,metrics,4,2,16,10000,4096,5.878905,0.041736,0.034884,0.006851,5.926919937133789,94.1007319999997,14.2890625,8.5166015625,322e971877b5,sr09,Intel(R) Xeon(R) Gold 6448Y,16,29628907,bd3c7ee-dirty,20260808
16,64,post,no_metrics,4,3,16,10000,4096,5.892527,0.014358,0.013083,0.001274,5.912835597991943,93.92516700000029,14.296875,3.194091796875,3613d0803912,sr09,Intel(R) Xeon(R) Gold 6448Y,16,29628907,bd3c7ee-dirty,20260808
18,64,pre,no_metrics,0,0,16,10000,4096,7.81937,0.053618,0.052301,0.001316,7.880185127258301,124.0062339999997,41.18359375,12.768798828125,322e971877b5,sr09,Intel(R) Xeon(R) Gold 6448Y,16,29628907,bd3c7ee-dirty,20260808
18,64,pre,metrics,0,1,16,10000,4096,7.823858,0.145463,0.138573,0.006889,7.976927995681763,125.43611900000013,41.15234375,33.831298828125,322e971877b5,sr09,Intel(R) Xeon(R) Gold 6448Y,16,29628907,bd3c7ee-dirty,20260808
18,64,post,no_metrics,0,2,16,10000,4096,7.82492,0.053193,0.051887,0.001305,7.885787487030029,124.10796200000011,41.17578125,12.667724609375,3613d0803912,sr09,Intel(R) Xeon(R) Gold 6448Y,16,29628907,bd3c7ee-dirty,20260808
18,64,post,metrics,0,3,16,10000,4096,7.829274,0.090053,0.083143,0.00691,7.927491903305054,124.70652200000052,41.17578125,20.298583984375,3613d0803912,sr09,Intel(R) Xeon(R) Gold 6448Y,16,29628907,bd3c7ee-dirty,20260808
18,64,pre,no_metrics,1,0,16,10000,4096,7.819607,0.053054,0.051713,0.001341,7.879749774932861,123.98802399999995,41.15234375,12.625244140625,322e971877b5,sr09,Intel(R) Xeon(R) Gold 6448Y,16,29628907,bd3c7ee-dirty,20260808
18,64,pre,metrics,1,1,16,10000,4096,7.813982,0.145536,0.138637,0.006899,7.967632055282593,125.35202499999983,41.17578125,33.846923828125,322e971877b5,sr09,Intel(R) Xeon(R) Gold 6448Y,16,29628907,bd3c7ee-dirty,20260808
18,64,post,metrics,1,2,16,10000,4096,7.821451,0.089955,0.083114,0.00684,7.918804407119751,124.59308399999945,41.16796875,20.29150390625,3613d0803912,sr09,Intel(R) Xeon(R) Gold 6448Y,16,29628907,bd3c7ee-dirty,20260808
18,64,post,no_metrics,1,3,16,10000,4096,7.826413,0.053906,0.052614,0.001291,7.888896226882935,124.0994050000008,41.16796875,12.84521484375,3613d0803912,sr09,Intel(R) Xeon(R) Gold 6448Y,16,29628907,bd3c7ee-dirty,20260808
18,64,pre,no_metrics,2,0,16,10000,4096,7.8211,0.054268,0.052926,0.001342,7.882325887680054,124.03596499999911,41.14453125,12.92138671875,322e971877b5,sr09,Intel(R) Xeon(R) Gold 6448Y,16,29628907,bd3c7ee-dirty,20260808
18,64,post,no_metrics,2,1,16,10000,4096,7.826056,0.053611,0.052272,0.001338,7.887589693069458,124.12053100000078,41.17578125,12.76171875,3613d0803912,sr09,Intel(R) Xeon(R) Gold 6448Y,16,29628907,bd3c7ee-dirty,20260808
18,64,pre,metrics,2,2,16,10000,4096,7.816392,0.14581,0.138904,0.006905,7.969916582107544,125.39828499999994,41.15234375,33.912109375,322e971877b5,sr09,Intel(R) Xeon(R) Gold 6448Y,16,29628907,bd3c7ee-dirty,20260808
18,64,post,metrics,2,3,16,10000,4096,7.82091,0.090286,0.08339,0.006896,7.918889045715332,124.59893499999963,41.15234375,20.35888671875,3613d0803912,sr09,Intel(R) Xeon(R) Gold 6448Y,16,29628907,bd3c7ee-dirty,20260808
18,64,pre,no_metrics,3,0,16,10000,4096,7.819398,0.054014,0.052697,0.001317,7.880316734313965,124.0233550000005,41.17578125,12.865478515625,322e971877b5,sr09,Intel(R) Xeon(R) Gold 6448Y,16,29628907,bd3c7ee-dirty,20260808
18,64,post,no_metrics,3,1,16,10000,4096,7.822975,0.053987,0.05267,0.001316,7.884779691696167,124.0789349999998,41.16796875,12.85888671875,3613d0803912,sr09,Intel(R) Xeon(R) Gold 6448Y,16,29628907,bd3c7ee-dirty,20260808
18,64,post,metrics,3,2,16,10000,4096,7.828406,0.090697,0.083816,0.006881,7.9264442920684814,124.69454000000023,41.16796875,20.462890625,3613d0803912,sr09,Intel(R) Xeon(R) Gold 6448Y,16,29628907,bd3c7ee-dirty,20260808
18,64,pre,metrics,3,3,16,10000,4096,7.817307,0.145398,0.138483,0.006914,7.971684217453003,125.39150799999932,41.14453125,33.809326171875,322e971877b5,sr09,Intel(R) Xeon(R) Gold 6448Y,16,29628907,bd3c7ee-dirty,20260808
18,64,pre,no_metrics,4,0,16,10000,4096,7.817008,0.053661,0.052309,0.001352,7.877665758132935,123.98119400000016,41.15234375,12.770751953125,322e971877b5,sr09,Intel(R) Xeon(R) Gold 6448Y,16,29628907,bd3c7ee-dirty,20260808
18,64,post,metrics,4,1,16,10000,4096,7.819779,0.090107,0.083174,0.006933,7.917553901672363,124.5733450000003,41.16796875,20.30615234375,3613d0803912,sr09,Intel(R) Xeon(R) Gold 6448Y,16,29628907,bd3c7ee-dirty,20260808
18,64,pre,metrics,4,2,16,10000,4096,7.812077,0.14563,0.138684,0.006946,7.965375661849976,125.33766500000007,41.15234375,33.8583984375,322e971877b5,sr09,Intel(R) Xeon(R) Gold 6448Y,16,29628907,bd3c7ee-dirty,20260808
18,64,post,no_metrics,4,3,16,10000,4096,7.825934,0.053668,0.052367,0.001301,7.886947870254517,124.13526899999931,41.16796875,12.784912109375,3613d0803912,sr09,Intel(R) Xeon(R) Gold 6448Y,16,29628907,bd3c7ee-dirty,20260808
20,64,pre,no_metrics,0,0,16,10000,4096,12.853799,0.210865,0.20948,0.001385,13.080251693725586,170.1684290000006,149.23046875,51.142578125,322e971877b5,sr09,Intel(R) Xeon(R) Gold 6448Y,16,29628907,bd3c7ee-dirty,20260808
20,64,pre,metrics,0,1,16,10000,4096,12.828261,0.577164,0.570228,0.006935,13.422726392745972,175.71760599999945,149.21484375,139.2158203125,322e971877b5,sr09,Intel(R) Xeon(R) Gold 6448Y,16,29628907,bd3c7ee-dirty,20260808
20,64,post,no_metrics,0,2,16,10000,4096,12.804627,0.199513,0.198141,0.001371,13.021699905395508,170.05775300000118,149.21484375,48.374267578125,3613d0803912,sr09,Intel(R) Xeon(R) Gold 6448Y,16,29628907,bd3c7ee-dirty,20260808
20,64,post,metrics,0,3,16,10000,4096,12.797162,0.339419,0.332493,0.006925,13.153389930725098,172.21111599999995,149.20703125,81.175048828125,3613d0803912,sr09,Intel(R) Xeon(R) Gold 6448Y,16,29628907,bd3c7ee-dirty,20260808
20,64,pre,no_metrics,1,0,16,10000,4096,12.84785,0.215261,0.213879,0.001382,13.078680276870728,170.0375099999992,149.19140625,52.216552734375,322e971877b5,sr09,Intel(R) Xeon(R) Gold 6448Y,16,29628907,bd3c7ee-dirty,20260808
20,64,pre,metrics,1,1,16,10000,4096,12.821987,0.577301,0.570363,0.006937,13.415446043014526,175.6635060000007,149.24609375,139.248779296875,322e971877b5,sr09,Intel(R) Xeon(R) Gold 6448Y,16,29628907,bd3c7ee-dirty,20260808
20,64,post,metrics,1,2,16,10000,4096,12.800369,0.339757,0.332866,0.00689,13.156888723373413,172.09516299999976,149.23046875,81.26611328125,3613d0803912,sr09,Intel(R) Xeon(R) Gold 6448Y,16,29628907,bd3c7ee-dirty,20260808
20,64,post,no_metrics,1,3,16,10000,4096,12.79122,0.21451,0.21316,0.001349,13.022132158279419,170.00323199999954,149.22265625,52.041015625,3613d0803912,sr09,Intel(R) Xeon(R) Gold 6448Y,16,29628907,bd3c7ee-dirty,20260808
20,64,pre,no_metrics,2,0,16,10000,4096,12.826039,0.213817,0.212428,0.001389,13.054895877838135,169.9565220000004,149.19140625,51.8623046875,322e971877b5,sr09,Intel(R) Xeon(R) Gold 6448Y,16,29628907,bd3c7ee-dirty,20260808
20,64,post,no_metrics,2,1,16,10000,4096,12.787274,0.201565,0.200205,0.00136,13.005394458770752,169.91548699999942,149.22265625,48.878173828125,3613d0803912,sr09,Intel(R) Xeon(R) Gold 6448Y,16,29628907,bd3c7ee-dirty,20260808
20,64,pre,metrics,2,2,16,10000,4096,12.826596,0.577174,0.570244,0.006929,13.420395851135254,175.78540699999965,149.21484375,139.2197265625,322e971877b5,sr09,Intel(R) Xeon(R) Gold 6448Y,16,29628907,bd3c7ee-dirty,20260808
20,64,post,metrics,2,3,16,10000,4096,12.776615,0.339407,0.332467,0.006939,13.132702350616455,171.86786400000133,149.20703125,81.168701171875,3613d0803912,sr09,Intel(R) Xeon(R) Gold 6448Y,16,29628907,bd3c7ee-dirty,20260808
20,64,pre,no_metrics,3,0,16,10000,4096,12.825475,0.201937,0.200539,0.001397,13.043255805969238,169.71080399999877,149.20703125,48.959716796875,322e971877b5,sr09,Intel(R) Xeon(R) Gold 6448Y,16,29628907,bd3c7ee-dirty,20260808
20,64,post,no_metrics,3,1,16,10000,4096,12.786529,0.204564,0.203206,0.001358,13.005889177322388,169.79854600000033,149.20703125,49.61083984375,3613d0803912,sr09,Intel(R) Xeon(R) Gold 6448Y,16,29628907,bd3c7ee-dirty,20260808
20,64,post,metrics,3,2,16,10000,4096,12.792992,0.341191,0.334354,0.006836,13.151110410690308,172.09083799999965,149.20703125,81.62939453125,3613d0803912,sr09,Intel(R) Xeon(R) Gold 6448Y,16,29628907,bd3c7ee-dirty,20260808
20,64,pre,metrics,3,3,16,10000,4096,12.832716,0.577722,0.570805,0.006916,13.426589250564575,175.7815480000001,149.19140625,139.356689453125,322e971877b5,sr09,Intel(R) Xeon(R) Gold 6448Y,16,29628907,bd3c7ee-dirty,20260808
20,64,pre,no_metrics,4,0,16,10000,4096,12.831143,0.213476,0.212075,0.0014,13.060574531555176,170.01838299999983,149.22265625,51.776123046875,322e971877b5,sr09,Intel(R) Xeon(R) Gold 6448Y,16,29628907,bd3c7ee-dirty,20260808
20,64,post,metrics,4,1,16,10000,4096,12.802797,0.339257,0.332298,0.006958,13.158347368240356,172.2596770000006,149.21484375,81.12744140625,3613d0803912,sr09,Intel(R) Xeon(R) Gold 6448Y,16,29628907,bd3c7ee-dirty,20260808
20,64,pre,metrics,4,2,16,10000,4096,12.825753,0.577231,0.570318,0.006913,13.418731689453125,175.70439499999983,149.19140625,139.23779296875,322e971877b5,sr09,Intel(R) Xeon(R) Gold 6448Y,16,29628907,bd3c7ee-dirty,20260808
20,64,post,no_metrics,4,3,16,10000,4096,12.815065,0.204999,0.203657,0.001341,13.03685212135315,170.11711599999938,149.19921875,49.720947265625,3613d0803912,sr09,Intel(R) Xeon(R) Gold 6448Y,16,29628907,bd3c7ee-dirty,20260808
22,64,pre,no_metrics,0,0,16,10000,4096,34.35398,0.775343,0.77391,0.001433,35.15694785118103,312.14223000000095,581.73828125,188.94287109375,322e971877b5,sr09,Intel(R) Xeon(R) Gold 6448Y,16,29628907,bd3c7ee-dirty,20260808
22,64,pre,metrics,0,1,16,10000,4096,34.090103,2.32349,2.316534,0.006955,36.441792011260986,331.8110369999988,581.74609375,565.56005859375,322e971877b5,sr09,Intel(R) Xeon(R) Gold 6448Y,16,29628907,bd3c7ee-dirty,20260808
22,64,post,no_metrics,0,2,16,10000,4096,34.121087,0.775044,0.773659,0.001385,34.9236958026886,312.5935760000001,581.73828125,188.881591796875,3613d0803912,sr09,Intel(R) Xeon(R) Gold 6448Y,16,29628907,bd3c7ee-dirty,20260808
22,64,post,metrics,0,3,16,10000,4096,33.971854,1.338953,1.331971,0.006982,35.33964490890503,318.74280400000004,581.73828125,325.188232421875,3613d0803912,sr09,Intel(R) Xeon(R) Gold 6448Y,16,29628907,bd3c7ee-dirty,20260808
22,64,pre,no_metrics,1,0,16,10000,4096,34.278772,0.80037,0.79894,0.001429,35.10746645927429,312.545717,581.73828125,195.0537109375,322e971877b5,sr09,Intel(R) Xeon(R) Gold 6448Y,16,29628907,bd3c7ee-dirty,20260808
22,64,pre,metrics,1,1,16,10000,4096,33.976834,2.350441,2.343551,0.00689,36.356695890426636,330.40299000000033,581.76171875,572.156005859375,322e971877b5,sr09,Intel(R) Xeon(R) Gold 6448Y,16,29628907,bd3c7ee-dirty,20260808
22,64,post,metrics,1,2,16,10000,4096,33.855964,1.324926,1.317989,0.006937,35.20934462547302,316.5998220000007,581.75390625,321.774658203125,3613d0803912,sr09,Intel(R) Xeon(R) Gold 6448Y,16,29628907,bd3c7ee-dirty,20260808
22,64,post,no_metrics,1,3,16,10000,4096,33.825946,0.790999,0.789612,0.001387,34.64480900764465,306.5958379999989,581.76171875,192.7763671875,3613d0803912,sr09,Intel(R) Xeon(R) Gold 6448Y,16,29628907,bd3c7ee-dirty,20260808
22,64,pre,no_metrics,2,0,16,10000,4096,33.98569,0.766212,0.764822,0.00139,34.779175996780396,307.52645700000005,581.73828125,186.72412109375,322e971877b5,sr09,Intel(R) Xeon(R) Gold 6448Y,16,29628907,bd3c7ee-dirty,20260808
22,64,post,no_metrics,2,1,16,10000,4096,33.843123,0.789713,0.788308,0.001405,34.661869764328,306.6694180000016,581.73828125,192.4580078125,3613d0803912,sr09,Intel(R) Xeon(R) Gold 6448Y,16,29628907,bd3c7ee-dirty,20260808
22,64,pre,metrics,2,2,16,10000,4096,34.138801,2.346145,2.339154,0.006991,36.513468503952026,332.4659059999984,581.73828125,571.08251953125,322e971877b5,sr09,Intel(R) Xeon(R) Gold 6448Y,16,29628907,bd3c7ee-dirty,20260808
22,64,post,metrics,2,3,16,10000,4096,33.889934,1.325106,1.318201,0.006904,35.24378442764282,316.63338400000134,581.80078125,321.826416015625,3613d0803912,sr09,Intel(R) Xeon(R) Gold 6448Y,16,29628907,bd3c7ee-dirty,20260808
22,64,pre,no_metrics,3,0,16,10000,4096,34.114991,0.793248,0.791877,0.001371,34.93562364578247,307.2999699999986,581.74609375,193.329345703125,322e971877b5,sr09,Intel(R) Xeon(R) Gold 6448Y,16,29628907,bd3c7ee-dirty,20260808
22,64,post,no_metrics,3,1,16,10000,4096,34.081181,0.790646,0.78928,0.001365,34.90153789520264,309.1384640000016,581.73828125,192.6953125,3613d0803912,sr09,Intel(R) Xeon(R) Gold 6448Y,16,29628907,bd3c7ee-dirty,20260808
22,64,post,metrics,3,2,16,10000,4096,33.88018,1.339312,1.332352,0.00696,35.2474582195282,316.86392299999966,581.75390625,325.28125,3613d0803912,sr09,Intel(R) Xeon(R) Gold 6448Y,16,29628907,bd3c7ee-dirty,20260808
22,64,pre,metrics,3,3,16,10000,4096,34.010323,2.340382,2.333426,0.006956,36.379987716674805,331.4555730000004,581.74609375,569.68408203125,322e971877b5,sr09,Intel(R) Xeon(R) Gold 6448Y,16,29628907,bd3c7ee-dirty,20260808
22,64,pre,no_metrics,4,0,16,10000,4096,34.126017,0.784662,0.783257,0.001405,34.93765377998352,308.0255059999976,581.73828125,191.224853515625,322e971877b5,sr09,Intel(R) Xeon(R) Gold 6448Y,16,29628907,bd3c7ee-dirty,20260808
22,64,post,metrics,4,1,16,10000,4096,33.908325,1.325609,1.318687,0.006921,35.26329445838928,315.52437900000166,581.79296875,321.945068359375,3613d0803912,sr09,Intel(R) Xeon(R) Gold 6448Y,16,29628907,bd3c7ee-dirty,20260808
22,64,pre,metrics,4,2,16,10000,4096,34.234028,2.341225,2.33429,0.006934,36.60360050201416,334.05619100000104,581.75390625,569.89501953125,322e971877b5,sr09,Intel(R) Xeon(R) Gold 6448Y,16,29628907,bd3c7ee-dirty,20260808
22,64,post,no_metrics,4,3,16,10000,4096,33.850105,0.77668,0.775299,0.00138,34.656102418899536,306.7559620000004,581.74609375,189.281982421875,3613d0803912,sr09,Intel(R) Xeon(R) Gold 6448Y,16,29628907,bd3c7ee-dirty,20260808
24,64,pre,no_metrics,0,0,16,10000,4096,100.20637,3.289444,3.288034,0.00141,103.53021812438965,849.3954099999979,2309.78515625,802.74267578125,322e971877b5,sr09,Intel(R) Xeon(R) Gold 6448Y,16,29628907,bd3c7ee-dirty,20260808
24,64,pre,metrics,0,1,16,10000,4096,100.101566,9.76935,9.762409,0.00694,109.90492486953735,950.7378320000008,2309.75390625,2383.400634765625,322e971877b5,sr09,Intel(R) Xeon(R) Gold 6448Y,16,29628907,bd3c7ee-dirty,20260808
24,64,post,no_metrics,0,2,16,10000,4096,99.442879,3.287063,3.285676,0.001386,102.7654812335968,849.5920890000003,2309.73828125,802.1669921875,3613d0803912,sr09,Intel(R) Xeon(R) Gold 6448Y,16,29628907,bd3c7ee-dirty,20260808
24,64,post,metrics,0,3,16,10000,4096,99.971651,5.512177,5.505222,0.006954,105.51881408691406,886.8971689999983,2309.75390625,1344.04833984375,3613d0803912,sr09,Intel(R) Xeon(R) Gold 6448Y,16,29628907,bd3c7ee-dirty,20260808
24,64,pre,no_metrics,1,0,16,10000,4096,100.06564,3.285818,3.284431,0.001386,103.384756565094,849.968906,2309.73828125,801.863037109375,322e971877b5,sr09,Intel(R) Xeon(R) Gold 6448Y,16,29628907,bd3c7ee-dirty,20260808
24,64,pre,metrics,1,1,16,10000,4096,100.305277,9.764619,9.757623,0.006996,110.10491681098938,951.3340100000001,2309.73046875,2382.232177734375,322e971877b5,sr09,Intel(R) Xeon(R) Gold 6448Y,16,29628907,bd3c7ee-dirty,20260808
24,64,post,metrics,1,2,16,10000,4096,99.508325,5.498069,5.491064,0.007005,105.04215383529663,884.6006020000009,2309.73828125,1340.591796875,3613d0803912,sr09,Intel(R) Xeon(R) Gold 6448Y,16,29628907,bd3c7ee-dirty,20260808
24,64,post,no_metrics,1,3,16,10000,4096,99.238678,3.288996,3.287626,0.00137,102.56249046325684,841.0396969999993,2309.73828125,802.64306640625,3613d0803912,sr09,Intel(R) Xeon(R) Gold 6448Y,16,29628907,bd3c7ee-dirty,20260808
24,64,pre,no_metrics,2,0,16,10000,4096,99.455669,3.270118,3.268694,0.001424,102.76060938835144,841.3117969999992,2309.73046875,798.02099609375,322e971877b5,sr09,Intel(R) Xeon(R) Gold 6448Y,16,29628907,bd3c7ee-dirty,20260808
24,64,post,no_metrics,2,1,16,10000,4096,100.147022,3.302417,3.301037,0.00138,103.48452186584473,855.5378970000006,2309.75390625,805.917236328125,3613d0803912,sr09,Intel(R) Xeon(R) Gold 6448Y,16,29628907,bd3c7ee-dirty,20260808
24,64,pre,metrics,2,2,16,10000,4096,101.575986,9.775964,9.769058,0.006905,111.38835525512695,972.5164350000023,2309.73046875,2385.02392578125,322e971877b5,sr09,Intel(R) Xeon(R) Gold 6448Y,16,29628907,bd3c7ee-dirty,20260808
24,64,post,metrics,2,3,16,10000,4096,100.780981,5.509433,5.502512,0.006921,106.32617521286011,901.665598999999,2309.74609375,1343.38671875,3613d0803912,sr09,Intel(R) Xeon(R) Gold 6448Y,16,29628907,bd3c7ee-dirty,20260808
24,64,pre,no_metrics,3,0,16,10000,4096,101.582614,3.297166,3.295743,0.001423,104.9184467792511,869.9227949999996,2309.73828125,804.624755859375,322e971877b5,sr09,Intel(R) Xeon(R) Gold 6448Y,16,29628907,bd3c7ee-dirty,20260808
24,64,post,no_metrics,3,1,16,10000,4096,99.042077,3.292565,3.291132,0.001433,102.37221670150757,841.9864779999996,2309.76171875,803.4990234375,3613d0803912,sr09,Intel(R) Xeon(R) Gold 6448Y,16,29628907,bd3c7ee-dirty,20260808
24,64,post,metrics,3,2,16,10000,4096,99.137873,5.499573,5.492647,0.006926,104.67322015762329,876.3809790000005,2309.73828125,1340.978271484375,3613d0803912,sr09,Intel(R) Xeon(R) Gold 6448Y,16,29628907,bd3c7ee-dirty,20260808
24,64,pre,metrics,3,3,16,10000,4096,99.663687,9.769289,9.762281,0.007008,109.46981024742126,941.9216310000003,2309.73828125,2383.369384765625,322e971877b5,sr09,Intel(R) Xeon(R) Gold 6448Y,16,29628907,bd3c7ee-dirty,20260808
24,64,pre,no_metrics,4,0,16,10000,4096,99.625234,3.284397,3.283002,0.001395,102.94466590881348,840.7771230000014,2309.73046875,801.51416015625,322e971877b5,sr09,Intel(R) Xeon(R) Gold 6448Y,16,29628907,bd3c7ee-dirty,20260808
24,64,post,metrics,4,1,16,10000,4096,99.156959,5.506129,5.49914,0.006988,104.69914507865906,877.9442599999976,2309.74609375,1342.5634765625,3613d0803912,sr09,Intel(R) Xeon(R) Gold 6448Y,16,29628907,bd3c7ee-dirty,20260808
24,64,pre,metrics,4,2,16,10000,4096,99.49229,9.750711,9.743693,0.007017,109.27913975715637,941.6380260000029,2309.73046875,2378.831298828125,322e971877b5,sr09,Intel(R) Xeon(R) Gold 6448Y,16,29628907,bd3c7ee-dirty,20260808
24,64,post,no_metrics,4,3,16,10000,4096,99.19153,3.281793,3.280407,0.001386,102.50850582122803,840.5851749999964,2309.78515625,800.880615234375,3613d0803912,sr09,Intel(R) Xeon(R) Gold 6448Y,16,29628907,bd3c7ee-dirty,20260808
