file1,file2,sketch_type,mode,precision,num_hashes,kmer_size,window_size,jaccard_similarity,containment
fBrain-DS14718.hotspot.twopass.fdr0.05.merge.bed,fBrain-DS14718.hotspot.twopass.fdr0.05.merge.bed,hyperloglog,B,21,NA,8,40,1.0,1.0
fBrain-DS14718.hotspot.twopass.fdr0.05.merge.bed,fBrain-DS16302.hotspot.twopass.fdr0.05.merge.bed,hyperloglog,B,21,NA,8,40,0.4887404441833496,1.0
fBrain-DS14718.hotspot.twopass.fdr0.05.merge.bed,fHeart-DS15643.hotspot.twopass.fdr0.05.merge.bed,hyperloglog,B,21,NA,8,40,0.39188432693481445,1.0
fBrain-DS14718.hotspot.twopass.fdr0.05.merge.bed,fHeart-DS15839.hotspot.twopass.fdr0.05.merge.bed,hyperloglog,B,21,NA,8,40,0.3714179992675781,1.0
fBrain-DS14718.hotspot.twopass.fdr0.05.merge.bed,fHeart-DS16621.hotspot.twopass.fdr0.05.merge.bed,hyperloglog,B,21,NA,8,40,0.3748331069946289,1.0
fBrain-DS14718.hotspot.twopass.fdr0.05.merge.bed,fIntestine_Sm-DS16559.hotspot.twopass.fdr0.05.merge.bed,hyperloglog,B,21,NA,8,40,0.3622097969055176,1.0
fBrain-DS14718.hotspot.twopass.fdr0.05.merge.bed,fIntestine_Sm-DS16712.hg19.hotspot.twopass.fdr0.05.merge.bed,hyperloglog,B,21,NA,8,40,0.35505104064941406,1.0
fBrain-DS14718.hotspot.twopass.fdr0.05.merge.bed,fIntestine_Sm-DS16822.hotspot.twopass.fdr0.05.merge.bed,hyperloglog,B,21,NA,8,40,0.3571128845214844,1.0
fBrain-DS14718.hotspot.twopass.fdr0.05.merge.bed,fIntestine_Sm-DS17808.hg19.hotspot.twopass.fdr0.05.merge.bed,hyperloglog,B,21,NA,8,40,0.36998558044433594,1.0
fBrain-DS14718.hotspot.twopass.fdr0.05.merge.bed,fIntestine_Sm-DS18495.hg19.hotspot.twopass.fdr0.05.merge.bed,hyperloglog,B,21,NA,8,40,0.3478250503540039,1.0
fBrain-DS14718.hotspot.twopass.fdr0.05.merge.bed,fKidney_renal_cortex_L-DS17550.hg19.hotspot.twopass.fdr0.05.merge.bed,hyperloglog,B,21,NA,8,40,0.40625953674316406,1.0
fBrain-DS14718.hotspot.twopass.fdr0.05.merge.bed,fLung_L-DS17154.hg19.hotspot.twopass.fdr0.05.merge.bed,hyperloglog,B,21,NA,8,40,0.3956899642944336,1.0
fBrain-DS14718.hotspot.twopass.fdr0.05.merge.bed,fLung_L-DS18421.hg19.hotspot.twopass.fdr0.05.merge.bed,hyperloglog,B,21,NA,8,40,0.40008544921875,1.0
fBrain-DS14718.hotspot.twopass.fdr0.05.merge.bed,fLung_R-DS15632.hotspot.twopass.fdr0.05.merge.bed,hyperloglog,B,21,NA,8,40,0.40976858139038086,1.0
fBrain-DS14718.hotspot.twopass.fdr0.05.merge.bed,fMuscle_arm-DS19053.hg19.hotspot.twopass.fdr0.05.merge.bed,hyperloglog,B,21,NA,8,40,0.4116172790527344,1.0
fBrain-DS14718.hotspot.twopass.fdr0.05.merge.bed,fMuscle_back-DS18454.hg19.hotspot.twopass.fdr0.05.merge.bed,hyperloglog,B,21,NA,8,40,0.4127521514892578,1.0
fBrain-DS14718.hotspot.twopass.fdr0.05.merge.bed,fMuscle_leg-DS19115.hg19.hotspot.twopass.fdr0.05.merge.bed,hyperloglog,B,21,NA,8,40,0.41474199295043945,1.0
fBrain-DS14718.hotspot.twopass.fdr0.05.merge.bed,fMuscle_leg-DS19158.hg19.hotspot.twopass.fdr0.05.merge.bed,hyperloglog,B,21,NA,8,40,0.38870811462402344,1.0
fBrain-DS14718.hotspot.twopass.fdr0.05.merge.bed,fSkin_fibro_bicep_R-DS19745.hg19.hotspot.twopass.fdr0.05.merge.bed,hyperloglog,B,21,NA,8,40,0.3107900619506836,1.0
fBrain-DS14718.hotspot.twopass.fdr0.05.merge.bed,fStomach-DS17659.hg19.hotspot.twopass.fdr0.05.merge.bed,hyperloglog,B,21,NA,8,40,0.39667224884033203,1.0
fBrain-DS16302.hotspot.twopass.fdr0.05.merge.bed,fBrain-DS14718.hotspot.twopass.fdr0.05.merge.bed,hyperloglog,B,21,NA,8,40,0.4887404441833496,1.0
fBrain-DS16302.hotspot.twopass.fdr0.05.merge.bed,fBrain-DS16302.hotspot.twopass.fdr0.05.merge.bed,hyperloglog,B,21,NA,8,40,1.0,1.0
fBrain-DS16302.hotspot.twopass.fdr0.05.merge.bed,fHeart-DS15643.hotspot.twopass.fdr0.05.merge.bed,hyperloglog,B,21,NA,8,40,0.38353776931762695,1.0
fBrain-DS16302.hotspot.twopass.fdr0.05.merge.bed,fHeart-DS15839.hotspot.twopass.fdr0.05.merge.bed,hyperloglog,B,21,NA,8,40,0.36475610733032227,1.0
fBrain-DS16302.hotspot.twopass.fdr0.05.merge.bed,fHeart-DS16621.hotspot.twopass.fdr0.05.merge.bed,hyperloglog,B,21,NA,8,40,0.37880611419677734,1.0
fBrain-DS16302.hotspot.twopass.fdr0.05.merge.bed,fIntestine_Sm-DS16559.hotspot.twopass.fdr0.05.merge.bed,hyperloglog,B,21,NA,8,40,0.35128307342529297,1.0
fBrain-DS16302.hotspot.twopass.fdr0.05.merge.bed,fIntestine_Sm-DS16712.hg19.hotspot.twopass.fdr0.05.merge.bed,hyperloglog,B,21,NA,8,40,0.32027101516723633,1.0
fBrain-DS16302.hotspot.twopass.fdr0.05.merge.bed,fIntestine_Sm-DS16822.hotspot.twopass.fdr0.05.merge.bed,hyperloglog,B,21,NA,8,40,0.34011268615722656,1.0
fBrain-DS16302.hotspot.twopass.fdr0.05.merge.bed,fIntestine_Sm-DS17808.hg19.hotspot.twopass.fdr0.05.merge.bed,hyperloglog,B,21,NA,8,40,0.34751272201538086,1.0
fBrain-DS16302.hotspot.twopass.fdr0.05.merge.bed,fIntestine_Sm-DS18495.hg19.hotspot.twopass.fdr0.05.merge.bed,hyperloglog,B,21,NA,8,40,0.3297739028930664,1.0
fBrain-DS16302.hotspot.twopass.fdr0.05.merge.bed,fKidney_renal_cortex_L-DS17550.hg19.hotspot.twopass.fdr0.05.merge.bed,hyperloglog,B,21,NA,8,40,0.3897862434387207,1.0
fBrain-DS16302.hotspot.twopass.fdr0.05.merge.bed,fLung_L-DS17154.hg19.hotspot.twopass.fdr0.05.merge.bed,hyperloglog,B,21,NA,8,40,0.407010555267334,1.0
fBrain-DS16302.hotspot.twopass.fdr0.05.merge.bed,fLung_L-DS18421.hg19.hotspot.twopass.fdr0.05.merge.bed,hyperloglog,B,21,NA,8,40,0.40207815170288086,1.0
fBrain-DS16302.hotspot.twopass.fdr0.05.merge.bed,fLung_R-DS15632.hotspot.twopass.fdr0.05.merge.bed,hyperloglog,B,21,NA,8,40,0.4087333679199219,1.0
fBrain-DS16302.hotspot.twopass.fdr0.05.merge.bed,fMuscle_arm-DS19053.hg19.hotspot.twopass.fdr0.05.merge.bed,hyperloglog,B,21,NA,8,40,0.40249204635620117,1.0
fBrain-DS16302.hotspot.twopass.fdr0.05.merge.bed,fMuscle_back-DS18454.hg19.hotspot.twopass.fdr0.05.merge.bed,hyperloglog,B,21,NA,8,40,0.3957056999206543,1.0
fBrain-DS16302.hotspot.twopass.fdr0.05.merge.bed,fMuscle_leg-DS19115.hg19.hotspot.twopass.fdr0.05.merge.bed,hyperloglog,B,21,NA,8,40,0.39969491958618164,1.0
fBrain-DS16302.hotspot.twopass.fdr0.05.merge.bed,fMuscle_leg-DS19158.hg19.hotspot.twopass.fdr0.05.merge.bed,hyperloglog,B,21,NA,8,40,0.39461803436279297,1.0
fBrain-DS16302.hotspot.twopass.fdr0.05.merge.bed,fSkin_fibro_bicep_R-DS19745.hg19.hotspot.twopass.fdr0.05.merge.bed,hyperloglog,B,21,NA,8,40,0.2826824188232422,1.0
fBrain-DS16302.hotspot.twopass.fdr0.05.merge.bed,fStomach-DS17659.hg19.hotspot.twopass.fdr0.05.merge.bed,hyperloglog,B,21,NA,8,40,0.359189510345459,1.0
fHeart-DS15643.hotspot.twopass.fdr0.05.merge.bed,fBrain-DS14718.hotspot.twopass.fdr0.05.merge.bed,hyperloglog,B,21,NA,8,40,0.39188432693481445,1.0
fHeart-DS15643.hotspot.twopass.fdr0.05.merge.bed,fBrain-DS16302.hotspot.twopass.fdr0.05.merge.bed,hyperloglog,B,21,NA,8,40,0.38353776931762695,1.0
fHeart-DS15643.hotspot.twopass.fdr0.05.merge.bed,fHeart-DS15643.hotspot.twopass.fdr0.05.merge.bed,hyperloglog,B,21,NA,8,40,1.0,1.0
fHeart-DS15643.hotspot.twopass.fdr0.05.merge.bed,fHeart-DS15839.hotspot.twopass.fdr0.05.merge.bed,hyperloglog,B,21,NA,8,40,0.6150903701782227,1.0
fHeart-DS15643.hotspot.twopass.fdr0.05.merge.bed,fHeart-DS16621.hotspot.twopass.fdr0.05.merge.bed,hyperloglog,B,21,NA,8,40,0.7022213935852051,1.0
fHeart-DS15643.hotspot.twopass.fdr0.05.merge.bed,fIntestine_Sm-DS16559.hotspot.twopass.fdr0.05.merge.bed,hyperloglog,B,21,NA,8,40,0.42218828201293945,1.0
fHeart-DS15643.hotspot.twopass.fdr0.05.merge.bed,fIntestine_Sm-DS16712.hg19.hotspot.twopass.fdr0.05.merge.bed,hyperloglog,B,21,NA,8,40,0.3913264274597168,1.0
fHeart-DS15643.hotspot.twopass.fdr0.05.merge.bed,fIntestine_Sm-DS16822.hotspot.twopass.fdr0.05.merge.bed,hyperloglog,B,21,NA,8,40,0.4097294807434082,1.0
fHeart-DS15643.hotspot.twopass.fdr0.05.merge.bed,fIntestine_Sm-DS17808.hg19.hotspot.twopass.fdr0.05.merge.bed,hyperloglog,B,21,NA,8,40,0.42714500427246094,1.0
fHeart-DS15643.hotspot.twopass.fdr0.05.merge.bed,fIntestine_Sm-DS18495.hg19.hotspot.twopass.fdr0.05.merge.bed,hyperloglog,B,21,NA,8,40,0.3970365524291992,1.0
fHeart-DS15643.hotspot.twopass.fdr0.05.merge.bed,fKidney_renal_cortex_L-DS17550.hg19.hotspot.twopass.fdr0.05.merge.bed,hyperloglog,B,21,NA,8,40,0.4473233222961426,1.0
fHeart-DS15643.hotspot.twopass.fdr0.05.merge.bed,fLung_L-DS17154.hg19.hotspot.twopass.fdr0.05.merge.bed,hyperloglog,B,21,NA,8,40,0.45888805389404297,1.0
fHeart-DS15643.hotspot.twopass.fdr0.05.merge.bed,fLung_L-DS18421.hg19.hotspot.twopass.fdr0.05.merge.bed,hyperloglog,B,21,NA,8,40,0.46344804763793945,1.0
fHeart-DS15643.hotspot.twopass.fdr0.05.merge.bed,fLung_R-DS15632.hotspot.twopass.fdr0.05.merge.bed,hyperloglog,B,21,NA,8,40,0.4687209129333496,1.0
fHeart-DS15643.hotspot.twopass.fdr0.05.merge.bed,fMuscle_arm-DS19053.hg19.hotspot.twopass.fdr0.05.merge.bed,hyperloglog,B,21,NA,8,40,0.46397924423217773,1.0
fHeart-DS15643.hotspot.twopass.fdr0.05.merge.bed,fMuscle_back-DS18454.hg19.hotspot.twopass.fdr0.05.merge.bed,hyperloglog,B,21,NA,8,40,0.46845006942749023,1.0
fHeart-DS15643.hotspot.twopass.fdr0.05.merge.bed,fMuscle_leg-DS19115.hg19.hotspot.twopass.fdr0.05.merge.bed,hyperloglog,B,21,NA,8,40,0.46384143829345703,1.0
fHeart-DS15643.hotspot.twopass.fdr0.05.merge.bed,fMuscle_leg-DS19158.hg19.hotspot.twopass.fdr0.05.merge.bed,hyperloglog,B,21,NA,8,40,0.4382033348083496,1.0
fHeart-DS15643.hotspot.twopass.fdr0.05.merge.bed,fSkin_fibro_bicep_R-DS19745.hg19.hotspot.twopass.fdr0.05.merge.bed,hyperloglog,B,21,NA,8,40,0.33262014389038086,1.0
fHeart-DS15643.hotspot.twopass.fdr0.05.merge.bed,fStomach-DS17659.hg19.hotspot.twopass.fdr0.05.merge.bed,hyperloglog,B,21,NA,8,40,0.4348411560058594,1.0
fHeart-DS15839.hotspot.twopass.fdr0.05.merge.bed,fBrain-DS14718.hotspot.twopass.fdr0.05.merge.bed,hyperloglog,B,21,NA,8,40,0.3714179992675781,1.0
fHeart-DS15839.hotspot.twopass.fdr0.05.merge.bed,fBrain-DS16302.hotspot.twopass.fdr0.05.merge.bed,hyperloglog,B,21,NA,8,40,0.36475610733032227,1.0
fHeart-DS15839.hotspot.twopass.fdr0.05.merge.bed,fHeart-DS15643.hotspot.twopass.fdr0.05.merge.bed,hyperloglog,B,21,NA,8,40,0.6150903701782227,1.0
fHeart-DS15839.hotspot.twopass.fdr0.05.merge.bed,fHeart-DS15839.hotspot.twopass.fdr0.05.merge.bed,hyperloglog,B,21,NA,8,40,1.0,1.0
fHeart-DS15839.hotspot.twopass.fdr0.05.merge.bed,fHeart-DS16621.hotspot.twopass.fdr0.05.merge.bed,hyperloglog,B,21,NA,8,40,0.6190476417541504,1.0
fHeart-DS15839.hotspot.twopass.fdr0.05.merge.bed,fIntestine_Sm-DS16559.hotspot.twopass.fdr0.05.merge.bed,hyperloglog,B,21,NA,8,40,0.4042520523071289,1.0
fHeart-DS15839.hotspot.twopass.fdr0.05.merge.bed,fIntestine_Sm-DS16712.hg19.hotspot.twopass.fdr0.05.merge.bed,hyperloglog,B,21,NA,8,40,0.3698725700378418,1.0
fHeart-DS15839.hotspot.twopass.fdr0.05.merge.bed,fIntestine_Sm-DS16822.hotspot.twopass.fdr0.05.merge.bed,hyperloglog,B,21,NA,8,40,0.3881087303161621,1.0
fHeart-DS15839.hotspot.twopass.fdr0.05.merge.bed,fIntestine_Sm-DS17808.hg19.hotspot.twopass.fdr0.05.merge.bed,hyperloglog,B,21,NA,8,40,0.4107394218444824,1.0
fHeart-DS15839.hotspot.twopass.fdr0.05.merge.bed,fIntestine_Sm-DS18495.hg19.hotspot.twopass.fdr0.05.merge.bed,hyperloglog,B,21,NA,8,40,0.3712038993835449,1.0
fHeart-DS15839.hotspot.twopass.fdr0.05.merge.bed,fKidney_renal_cortex_L-DS17550.hg19.hotspot.twopass.fdr0.05.merge.bed,hyperloglog,B,21,NA,8,40,0.42514801025390625,1.0
fHeart-DS15839.hotspot.twopass.fdr0.05.merge.bed,fLung_L-DS17154.hg19.hotspot.twopass.fdr0.05.merge.bed,hyperloglog,B,21,NA,8,40,0.43369054794311523,1.0
fHeart-DS15839.hotspot.twopass.fdr0.05.merge.bed,fLung_L-DS18421.hg19.hotspot.twopass.fdr0.05.merge.bed,hyperloglog,B,21,NA,8,40,0.4318690299987793,1.0
fHeart-DS15839.hotspot.twopass.fdr0.05.merge.bed,fLung_R-DS15632.hotspot.twopass.fdr0.05.merge.bed,hyperloglog,B,21,NA,8,40,0.4273838996887207,1.0
fHeart-DS15839.hotspot.twopass.fdr0.05.merge.bed,fMuscle_arm-DS19053.hg19.hotspot.twopass.fdr0.05.merge.bed,hyperloglog,B,21,NA,8,40,0.4212651252746582,1.0
fHeart-DS15839.hotspot.twopass.fdr0.05.merge.bed,fMuscle_back-DS18454.hg19.hotspot.twopass.fdr0.05.merge.bed,hyperloglog,B,21,NA,8,40,0.42174673080444336,1.0
fHeart-DS15839.hotspot.twopass.fdr0.05.merge.bed,fMuscle_leg-DS19115.hg19.hotspot.twopass.fdr0.05.merge.bed,hyperloglog,B,21,NA,8,40,0.41456079483032227,1.0
fHeart-DS15839.hotspot.twopass.fdr0.05.merge.bed,fMuscle_leg-DS19158.hg19.hotspot.twopass.fdr0.05.merge.bed,hyperloglog,B,21,NA,8,40,0.399869441986084,1.0
fHeart-DS15839.hotspot.twopass.fdr0.05.merge.bed,fSkin_fibro_bicep_R-DS19745.hg19.hotspot.twopass.fdr0.05.merge.bed,hyperloglog,B,21,NA,8,40,0.3013467788696289,1.0
fHeart-DS15839.hotspot.twopass.fdr0.05.merge.bed,fStomach-DS17659.hg19.hotspot.twopass.fdr0.05.merge.bed,hyperloglog,B,21,NA,8,40,0.3897061347961426,1.0
fHeart-DS16621.hotspot.twopass.fdr0.05.merge.bed,fBrain-DS14718.hotspot.twopass.fdr0.05.merge.bed,hyperloglog,B,21,NA,8,40,0.3748331069946289,1.0
fHeart-DS16621.hotspot.twopass.fdr0.05.merge.bed,fBrain-DS16302.hotspot.twopass.fdr0.05.merge.bed,hyperloglog,B,21,NA,8,40,0.37880611419677734,1.0
fHeart-DS16621.hotspot.twopass.fdr0.05.merge.bed,fHeart-DS15643.hotspot.twopass.fdr0.05.merge.bed,hyperloglog,B,21,NA,8,40,0.7022213935852051,1.0
fHeart-DS16621.hotspot.twopass.fdr0.05.merge.bed,fHeart-DS15839.hotspot.twopass.fdr0.05.merge.bed,hyperloglog,B,21,NA,8,40,0.6190476417541504,1.0
fHeart-DS16621.hotspot.twopass.fdr0.05.merge.bed,fHeart-DS16621.hotspot.twopass.fdr0.05.merge.bed,hyperloglog,B,21,NA,8,40,1.0,1.0
fHeart-DS16621.hotspot.twopass.fdr0.05.merge.bed,fIntestine_Sm-DS16559.hotspot.twopass.fdr0.05.merge.bed,hyperloglog,B,21,NA,8,40,0.4180293083190918,1.0
fHeart-DS16621.hotspot.twopass.fdr0.05.merge.bed,fIntestine_Sm-DS16712.hg19.hotspot.twopass.fdr0.05.merge.bed,hyperloglog,B,21,NA,8,40,0.35636186599731445,1.0
fHeart-DS16621.hotspot.twopass.fdr0.05.merge.bed,fIntestine_Sm-DS16822.hotspot.twopass.fdr0.05.merge.bed,hyperloglog,B,21,NA,8,40,0.39695072174072266,1.0
fHeart-DS16621.hotspot.twopass.fdr0.05.merge.bed,fIntestine_Sm-DS17808.hg19.hotspot.twopass.fdr0.05.merge.bed,hyperloglog,B,21,NA,8,40,0.40828561782836914,1.0
fHeart-DS16621.hotspot.twopass.fdr0.05.merge.bed,fIntestine_Sm-DS18495.hg19.hotspot.twopass.fdr0.05.merge.bed,hyperloglog,B,21,NA,8,40,0.3799710273742676,1.0
fHeart-DS16621.hotspot.twopass.fdr0.05.merge.bed,fKidney_renal_cortex_L-DS17550.hg19.hotspot.twopass.fdr0.05.merge.bed,hyperloglog,B,21,NA,8,40,0.4419112205505371,1.0
fHeart-DS16621.hotspot.twopass.fdr0.05.merge.bed,fLung_L-DS17154.hg19.hotspot.twopass.fdr0.05.merge.bed,hyperloglog,B,21,NA,8,40,0.46209716796875,1.0
fHeart-DS16621.hotspot.twopass.fdr0.05.merge.bed,fLung_L-DS18421.hg19.hotspot.twopass.fdr0.05.merge.bed,hyperloglog,B,21,NA,8,40,0.46045780181884766,1.0
fHeart-DS16621.hotspot.twopass.fdr0.05.merge.bed,fLung_R-DS15632.hotspot.twopass.fdr0.05.merge.bed,hyperloglog,B,21,NA,8,40,0.45137500762939453,1.0
fHeart-DS16621.hotspot.twopass.fdr0.05.merge.bed,fMuscle_arm-DS19053.hg19.hotspot.twopass.fdr0.05.merge.bed,hyperloglog,B,21,NA,8,40,0.44825172424316406,1.0
fHeart-DS16621.hotspot.twopass.fdr0.05.merge.bed,fMuscle_back-DS18454.hg19.hotspot.twopass.fdr0.05.merge.bed,hyperloglog,B,21,NA,8,40,0.45165252685546875,1.0
fHeart-DS16621.hotspot.twopass.fdr0.05.merge.bed,fMuscle_leg-DS19115.hg19.hotspot.twopass.fdr0.05.merge.bed,hyperloglog,B,21,NA,8,40,0.44461536407470703,1.0
fHeart-DS16621.hotspot.twopass.fdr0.05.merge.bed,fMuscle_leg-DS19158.hg19.hotspot.twopass.fdr0.05.merge.bed,hyperloglog,B,21,NA,8,40,0.43729639053344727,1.0
fHeart-DS16621.hotspot.twopass.fdr0.05.merge.bed,fSkin_fibro_bicep_R-DS19745.hg19.hotspot.twopass.fdr0.05.merge.bed,hyperloglog,B,21,NA,8,40,0.30876922607421875,1.0
fHeart-DS16621.hotspot.twopass.fdr0.05.merge.bed,fStomach-DS17659.hg19.hotspot.twopass.fdr0.05.merge.bed,hyperloglog,B,21,NA,8,40,0.40006113052368164,1.0
fIntestine_Sm-DS16559.hotspot.twopass.fdr0.05.merge.bed,fBrain-DS14718.hotspot.twopass.fdr0.05.merge.bed,hyperloglog,B,21,NA,8,40,0.3622097969055176,1.0
fIntestine_Sm-DS16559.hotspot.twopass.fdr0.05.merge.bed,fBrain-DS16302.hotspot.twopass.fdr0.05.merge.bed,hyperloglog,B,21,NA,8,40,0.35128307342529297,1.0
fIntestine_Sm-DS16559.hotspot.twopass.fdr0.05.merge.bed,fHeart-DS15643.hotspot.twopass.fdr0.05.merge.bed,hyperloglog,B,21,NA,8,40,0.42218828201293945,1.0
fIntestine_Sm-DS16559.hotspot.twopass.fdr0.05.merge.bed,fHeart-DS15839.hotspot.twopass.fdr0.05.merge.bed,hyperloglog,B,21,NA,8,40,0.4042520523071289,1.0
fIntestine_Sm-DS16559.hotspot.twopass.fdr0.05.merge.bed,fHeart-DS16621.hotspot.twopass.fdr0.05.merge.bed,hyperloglog,B,21,NA,8,40,0.4180293083190918,1.0
fIntestine_Sm-DS16559.hotspot.twopass.fdr0.05.merge.bed,fIntestine_Sm-DS16559.hotspot.twopass.fdr0.05.merge.bed,hyperloglog,B,21,NA,8,40,1.0,1.0
fIntestine_Sm-DS16559.hotspot.twopass.fdr0.05.merge.bed,fIntestine_Sm-DS16712.hg19.hotspot.twopass.fdr0.05.merge.bed,hyperloglog,B,21,NA,8,40,0.5544543266296387,1.0
fIntestine_Sm-DS16559.hotspot.twopass.fdr0.05.merge.bed,fIntestine_Sm-DS16822.hotspot.twopass.fdr0.05.merge.bed,hyperloglog,B,21,NA,8,40,0.7008914947509766,1.0
fIntestine_Sm-DS16559.hotspot.twopass.fdr0.05.merge.bed,fIntestine_Sm-DS17808.hg19.hotspot.twopass.fdr0.05.merge.bed,hyperloglog,B,21,NA,8,40,0.675386905670166,1.0
fIntestine_Sm-DS16559.hotspot.twopass.fdr0.05.merge.bed,fIntestine_Sm-DS18495.hg19.hotspot.twopass.fdr0.05.merge.bed,hyperloglog,B,21,NA,8,40,0.6542062759399414,1.0
fIntestine_Sm-DS16559.hotspot.twopass.fdr0.05.merge.bed,fKidney_renal_cortex_L-DS17550.hg19.hotspot.twopass.fdr0.05.merge.bed,hyperloglog,B,21,NA,8,40,0.4561638832092285,1.0
fIntestine_Sm-DS16559.hotspot.twopass.fdr0.05.merge.bed,fLung_L-DS17154.hg19.hotspot.twopass.fdr0.05.merge.bed,hyperloglog,B,21,NA,8,40,0.4545559883117676,1.0
fIntestine_Sm-DS16559.hotspot.twopass.fdr0.05.merge.bed,fLung_L-DS18421.hg19.hotspot.twopass.fdr0.05.merge.bed,hyperloglog,B,21,NA,8,40,0.46724510192871094,1.0
fIntestine_Sm-DS16559.hotspot.twopass.fdr0.05.merge.bed,fLung_R-DS15632.hotspot.twopass.fdr0.05.merge.bed,hyperloglog,B,21,NA,8,40,0.45435619354248047,1.0
fIntestine_Sm-DS16559.hotspot.twopass.fdr0.05.merge.bed,fMuscle_arm-DS19053.hg19.hotspot.twopass.fdr0.05.merge.bed,hyperloglog,B,21,NA,8,40,0.4268641471862793,1.0
fIntestine_Sm-DS16559.hotspot.twopass.fdr0.05.merge.bed,fMuscle_back-DS18454.hg19.hotspot.twopass.fdr0.05.merge.bed,hyperloglog,B,21,NA,8,40,0.42456960678100586,1.0
fIntestine_Sm-DS16559.hotspot.twopass.fdr0.05.merge.bed,fMuscle_leg-DS19115.hg19.hotspot.twopass.fdr0.05.merge.bed,hyperloglog,B,21,NA,8,40,0.42148542404174805,1.0
fIntestine_Sm-DS16559.hotspot.twopass.fdr0.05.merge.bed,fMuscle_leg-DS19158.hg19.hotspot.twopass.fdr0.05.merge.bed,hyperloglog,B,21,NA,8,40,0.4123411178588867,1.0
fIntestine_Sm-DS16559.hotspot.twopass.fdr0.05.merge.bed,fSkin_fibro_bicep_R-DS19745.hg19.hotspot.twopass.fdr0.05.merge.bed,hyperloglog,B,21,NA,8,40,0.32157182693481445,1.0
fIntestine_Sm-DS16559.hotspot.twopass.fdr0.05.merge.bed,fStomach-DS17659.hg19.hotspot.twopass.fdr0.05.merge.bed,hyperloglog,B,21,NA,8,40,0.47451257705688477,1.0
fIntestine_Sm-DS16712.hg19.hotspot.twopass.fdr0.05.merge.bed,fBrain-DS14718.hotspot.twopass.fdr0.05.merge.bed,hyperloglog,B,21,NA,8,40,0.35505104064941406,1.0
fIntestine_Sm-DS16712.hg19.hotspot.twopass.fdr0.05.merge.bed,fBrain-DS16302.hotspot.twopass.fdr0.05.merge.bed,hyperloglog,B,21,NA,8,40,0.32027101516723633,1.0
fIntestine_Sm-DS16712.hg19.hotspot.twopass.fdr0.05.merge.bed,fHeart-DS15643.hotspot.twopass.fdr0.05.merge.bed,hyperloglog,B,21,NA,8,40,0.3913264274597168,1.0
fIntestine_Sm-DS16712.hg19.hotspot.twopass.fdr0.05.merge.bed,fHeart-DS15839.hotspot.twopass.fdr0.05.merge.bed,hyperloglog,B,21,NA,8,40,0.3698725700378418,1.0
fIntestine_Sm-DS16712.hg19.hotspot.twopass.fdr0.05.merge.bed,fHeart-DS16621.hotspot.twopass.fdr0.05.merge.bed,hyperloglog,B,21,NA,8,40,0.35636186599731445,1.0
fIntestine_Sm-DS16712.hg19.hotspot.twopass.fdr0.05.merge.bed,fIntestine_Sm-DS16559.hotspot.twopass.fdr0.05.merge.bed,hyperloglog,B,21,NA,8,40,0.5544543266296387,1.0
fIntestine_Sm-DS16712.hg19.hotspot.twopass.fdr0.05.merge.bed,fIntestine_Sm-DS16712.hg19.hotspot.twopass.fdr0.05.merge.bed,hyperloglog,B,21,NA,8,40,1.0,1.0
fIntestine_Sm-DS16712.hg19.hotspot.twopass.fdr0.05.merge.bed,fIntestine_Sm-DS16822.hotspot.twopass.fdr0.05.merge.bed,hyperloglog,B,21,NA,8,40,0.5864481925964355,1.0
fIntestine_Sm-DS16712.hg19.hotspot.twopass.fdr0.05.merge.bed,fIntestine_Sm-DS17808.hg19.hotspot.twopass.fdr0.05.merge.bed,hyperloglog,B,21,NA,8,40,0.6218423843383789,1.0
fIntestine_Sm-DS16712.hg19.hotspot.twopass.fdr0.05.merge.bed,fIntestine_Sm-DS18495.hg19.hotspot.twopass.fdr0.05.merge.bed,hyperloglog,B,21,NA,8,40,0.5922050476074219,1.0
fIntestine_Sm-DS16712.hg19.hotspot.twopass.fdr0.05.merge.bed,fKidney_renal_cortex_L-DS17550.hg19.hotspot.twopass.fdr0.05.merge.bed,hyperloglog,B,21,NA,8,40,0.3964195251464844,1.0
fIntestine_Sm-DS16712.hg19.hotspot.twopass.fdr0.05.merge.bed,fLung_L-DS17154.hg19.hotspot.twopass.fdr0.05.merge.bed,hyperloglog,B,21,NA,8,40,0.3723926544189453,1.0
fIntestine_Sm-DS16712.hg19.hotspot.twopass.fdr0.05.merge.bed,fLung_L-DS18421.hg19.hotspot.twopass.fdr0.05.merge.bed,hyperloglog,B,21,NA,8,40,0.39472246170043945,1.0
fIntestine_Sm-DS16712.hg19.hotspot.twopass.fdr0.05.merge.bed,fLung_R-DS15632.hotspot.twopass.fdr0.05.merge.bed,hyperloglog,B,21,NA,8,40,0.4097743034362793,1.0
fIntestine_Sm-DS16712.hg19.hotspot.twopass.fdr0.05.merge.bed,fMuscle_arm-DS19053.hg19.hotspot.twopass.fdr0.05.merge.bed,hyperloglog,B,21,NA,8,40,0.3795504570007324,1.0
fIntestine_Sm-DS16712.hg19.hotspot.twopass.fdr0.05.merge.bed,fMuscle_back-DS18454.hg19.hotspot.twopass.fdr0.05.merge.bed,hyperloglog,B,21,NA,8,40,0.3787369728088379,1.0
fIntestine_Sm-DS16712.hg19.hotspot.twopass.fdr0.05.merge.bed,fMuscle_leg-DS19115.hg19.hotspot.twopass.fdr0.05.merge.bed,hyperloglog,B,21,NA,8,40,0.37912750244140625,1.0
fIntestine_Sm-DS16712.hg19.hotspot.twopass.fdr0.05.merge.bed,fMuscle_leg-DS19158.hg19.hotspot.twopass.fdr0.05.merge.bed,hyperloglog,B,21,NA,8,40,0.3401608467102051,1.0
fIntestine_Sm-DS16712.hg19.hotspot.twopass.fdr0.05.merge.bed,fSkin_fibro_bicep_R-DS19745.hg19.hotspot.twopass.fdr0.05.merge.bed,hyperloglog,B,21,NA,8,40,0.34740591049194336,1.0
fIntestine_Sm-DS16712.hg19.hotspot.twopass.fdr0.05.merge.bed,fStomach-DS17659.hg19.hotspot.twopass.fdr0.05.merge.bed,hyperloglog,B,21,NA,8,40,0.48299503326416016,1.0
fIntestine_Sm-DS16822.hotspot.twopass.fdr0.05.merge.bed,fBrain-DS14718.hotspot.twopass.fdr0.05.merge.bed,hyperloglog,B,21,NA,8,40,0.3571128845214844,1.0
fIntestine_Sm-DS16822.hotspot.twopass.fdr0.05.merge.bed,fBrain-DS16302.hotspot.twopass.fdr0.05.merge.bed,hyperloglog,B,21,NA,8,40,0.34011268615722656,1.0
fIntestine_Sm-DS16822.hotspot.twopass.fdr0.05.merge.bed,fHeart-DS15643.hotspot.twopass.fdr0.05.merge.bed,hyperloglog,B,21,NA,8,40,0.4097294807434082,1.0
fIntestine_Sm-DS16822.hotspot.twopass.fdr0.05.merge.bed,fHeart-DS15839.hotspot.twopass.fdr0.05.merge.bed,hyperloglog,B,21,NA,8,40,0.3881087303161621,1.0
fIntestine_Sm-DS16822.hotspot.twopass.fdr0.05.merge.bed,fHeart-DS16621.hotspot.twopass.fdr0.05.merge.bed,hyperloglog,B,21,NA,8,40,0.39695072174072266,1.0
fIntestine_Sm-DS16822.hotspot.twopass.fdr0.05.merge.bed,fIntestine_Sm-DS16559.hotspot.twopass.fdr0.05.merge.bed,hyperloglog,B,21,NA,8,40,0.7008914947509766,1.0
fIntestine_Sm-DS16822.hotspot.twopass.fdr0.05.merge.bed,fIntestine_Sm-DS16712.hg19.hotspot.twopass.fdr0.05.merge.bed,hyperloglog,B,21,NA,8,40,0.5864481925964355,1.0
fIntestine_Sm-DS16822.hotspot.twopass.fdr0.05.merge.bed,fIntestine_Sm-DS16822.hotspot.twopass.fdr0.05.merge.bed,hyperloglog,B,21,NA,8,40,1.0,1.0
fIntestine_Sm-DS16822.hotspot.twopass.fdr0.05.merge.bed,fIntestine_Sm-DS17808.hg19.hotspot.twopass.fdr0.05.merge.bed,hyperloglog,B,21,NA,8,40,0.6949105262756348,1.0
fIntestine_Sm-DS16822.hotspot.twopass.fdr0.05.merge.bed,fIntestine_Sm-DS18495.hg19.hotspot.twopass.fdr0.05.merge.bed,hyperloglog,B,21,NA,8,40,0.6696929931640625,1.0
fIntestine_Sm-DS16822.hotspot.twopass.fdr0.05.merge.bed,fKidney_renal_cortex_L-DS17550.hg19.hotspot.twopass.fdr0.05.merge.bed,hyperloglog,B,21,NA,8,40,0.43361330032348633,1.0
fIntestine_Sm-DS16822.hotspot.twopass.fdr0.05.merge.bed,fLung_L-DS17154.hg19.hotspot.twopass.fdr0.05.merge.bed,hyperloglog,B,21,NA,8,40,0.4262528419494629,1.0
fIntestine_Sm-DS16822.hotspot.twopass.fdr0.05.merge.bed,fLung_L-DS18421.hg19.hotspot.twopass.fdr0.05.merge.bed,hyperloglog,B,21,NA,8,40,0.4427642822265625,1.0
fIntestine_Sm-DS16822.hotspot.twopass.fdr0.05.merge.bed,fLung_R-DS15632.hotspot.twopass.fdr0.05.merge.bed,hyperloglog,B,21,NA,8,40,0.43670129776000977,1.0
fIntestine_Sm-DS16822.hotspot.twopass.fdr0.05.merge.bed,fMuscle_arm-DS19053.hg19.hotspot.twopass.fdr0.05.merge.bed,hyperloglog,B,21,NA,8,40,0.4066004753112793,1.0
fIntestine_Sm-DS16822.hotspot.twopass.fdr0.05.merge.bed,fMuscle_back-DS18454.hg19.hotspot.twopass.fdr0.05.merge.bed,hyperloglog,B,21,NA,8,40,0.40847110748291016,1.0
fIntestine_Sm-DS16822.hotspot.twopass.fdr0.05.merge.bed,fMuscle_leg-DS19115.hg19.hotspot.twopass.fdr0.05.merge.bed,hyperloglog,B,21,NA,8,40,0.4059562683105469,1.0
fIntestine_Sm-DS16822.hotspot.twopass.fdr0.05.merge.bed,fMuscle_leg-DS19158.hg19.hotspot.twopass.fdr0.05.merge.bed,hyperloglog,B,21,NA,8,40,0.3865509033203125,1.0
fIntestine_Sm-DS16822.hotspot.twopass.fdr0.05.merge.bed,fSkin_fibro_bicep_R-DS19745.hg19.hotspot.twopass.fdr0.05.merge.bed,hyperloglog,B,21,NA,8,40,0.33251333236694336,1.0
fIntestine_Sm-DS16822.hotspot.twopass.fdr0.05.merge.bed,fStomach-DS17659.hg19.hotspot.twopass.fdr0.05.merge.bed,hyperloglog,B,21,NA,8,40,0.4862027168273926,1.0
fIntestine_Sm-DS17808.hg19.hotspot.twopass.fdr0.05.merge.bed,fBrain-DS14718.hotspot.twopass.fdr0.05.merge.bed,hyperloglog,B,21,NA,8,40,0.36998558044433594,1.0
fIntestine_Sm-DS17808.hg19.hotspot.twopass.fdr0.05.merge.bed,fBrain-DS16302.hotspot.twopass.fdr0.05.merge.bed,hyperloglog,B,21,NA,8,40,0.34751272201538086,1.0
fIntestine_Sm-DS17808.hg19.hotspot.twopass.fdr0.05.merge.bed,fHeart-DS15643.hotspot.twopass.fdr0.05.merge.bed,hyperloglog,B,21,NA,8,40,0.42714500427246094,1.0
fIntestine_Sm-DS17808.hg19.hotspot.twopass.fdr0.05.merge.bed,fHeart-DS15839.hotspot.twopass.fdr0.05.merge.bed,hyperloglog,B,21,NA,8,40,0.4107394218444824,1.0
fIntestine_Sm-DS17808.hg19.hotspot.twopass.fdr0.05.merge.bed,fHeart-DS16621.hotspot.twopass.fdr0.05.merge.bed,hyperloglog,B,21,NA,8,40,0.40828561782836914,1.0
fIntestine_Sm-DS17808.hg19.hotspot.twopass.fdr0.05.merge.bed,fIntestine_Sm-DS16559.hotspot.twopass.fdr0.05.merge.bed,hyperloglog,B,21,NA,8,40,0.675386905670166,1.0
fIntestine_Sm-DS17808.hg19.hotspot.twopass.fdr0.05.merge.bed,fIntestine_Sm-DS16712.hg19.hotspot.twopass.fdr0.05.merge.bed,hyperloglog,B,21,NA,8,40,0.6218423843383789,1.0
fIntestine_Sm-DS17808.hg19.hotspot.twopass.fdr0.05.merge.bed,fIntestine_Sm-DS16822.hotspot.twopass.fdr0.05.merge.bed,hyperloglog,B,21,NA,8,40,0.6949105262756348,1.0
fIntestine_Sm-DS17808.hg19.hotspot.twopass.fdr0.05.merge.bed,fIntestine_Sm-DS17808.hg19.hotspot.twopass.fdr0.05.merge.bed,hyperloglog,B,21,NA,8,40,1.0,1.0
fIntestine_Sm-DS17808.hg19.hotspot.twopass.fdr0.05.merge.bed,fIntestine_Sm-DS18495.hg19.hotspot.twopass.fdr0.05.merge.bed,hyperloglog,B,21,NA,8,40,0.6453580856323242,1.0
fIntestine_Sm-DS17808.hg19.hotspot.twopass.fdr0.05.merge.bed,fKidney_renal_cortex_L-DS17550.hg19.hotspot.twopass.fdr0.05.merge.bed,hyperloglog,B,21,NA,8,40,0.4523749351501465,1.0
fIntestine_Sm-DS17808.hg19.hotspot.twopass.fdr0.05.merge.bed,fLung_L-DS17154.hg19.hotspot.twopass.fdr0.05.merge.bed,hyperloglog,B,21,NA,8,40,0.44237613677978516,1.0
fIntestine_Sm-DS17808.hg19.hotspot.twopass.fdr0.05.merge.bed,fLung_L-DS18421.hg19.hotspot.twopass.fdr0.05.merge.bed,hyperloglog,B,21,NA,8,40,0.45516347885131836,1.0
fIntestine_Sm-DS17808.hg19.hotspot.twopass.fdr0.05.merge.bed,fLung_R-DS15632.hotspot.twopass.fdr0.05.merge.bed,hyperloglog,B,21,NA,8,40,0.4514427185058594,1.0
fIntestine_Sm-DS17808.hg19.hotspot.twopass.fdr0.05.merge.bed,fMuscle_arm-DS19053.hg19.hotspot.twopass.fdr0.05.merge.bed,hyperloglog,B,21,NA,8,40,0.42198657989501953,1.0
fIntestine_Sm-DS17808.hg19.hotspot.twopass.fdr0.05.merge.bed,fMuscle_back-DS18454.hg19.hotspot.twopass.fdr0.05.merge.bed,hyperloglog,B,21,NA,8,40,0.4226508140563965,1.0
fIntestine_Sm-DS17808.hg19.hotspot.twopass.fdr0.05.merge.bed,fMuscle_leg-DS19115.hg19.hotspot.twopass.fdr0.05.merge.bed,hyperloglog,B,21,NA,8,40,0.4202718734741211,1.0
fIntestine_Sm-DS17808.hg19.hotspot.twopass.fdr0.05.merge.bed,fMuscle_leg-DS19158.hg19.hotspot.twopass.fdr0.05.merge.bed,hyperloglog,B,21,NA,8,40,0.39479875564575195,1.0
fIntestine_Sm-DS17808.hg19.hotspot.twopass.fdr0.05.merge.bed,fSkin_fibro_bicep_R-DS19745.hg19.hotspot.twopass.fdr0.05.merge.bed,hyperloglog,B,21,NA,8,40,0.3337898254394531,1.0
fIntestine_Sm-DS17808.hg19.hotspot.twopass.fdr0.05.merge.bed,fStomach-DS17659.hg19.hotspot.twopass.fdr0.05.merge.bed,hyperloglog,B,21,NA,8,40,0.492063045501709,1.0
fIntestine_Sm-DS18495.hg19.hotspot.twopass.fdr0.05.merge.bed,fBrain-DS14718.hotspot.twopass.fdr0.05.merge.bed,hyperloglog,B,21,NA,8,40,0.3478250503540039,1.0
fIntestine_Sm-DS18495.hg19.hotspot.twopass.fdr0.05.merge.bed,fBrain-DS16302.hotspot.twopass.fdr0.05.merge.bed,hyperloglog,B,21,NA,8,40,0.3297739028930664,1.0
fIntestine_Sm-DS18495.hg19.hotspot.twopass.fdr0.05.merge.bed,fHeart-DS15643.hotspot.twopass.fdr0.05.merge.bed,hyperloglog,B,21,NA,8,40,0.3970365524291992,1.0
fIntestine_Sm-DS18495.hg19.hotspot.twopass.fdr0.05.merge.bed,fHeart-DS15839.hotspot.twopass.fdr0.05.merge.bed,hyperloglog,B,21,NA,8,40,0.3712038993835449,1.0
fIntestine_Sm-DS18495.hg19.hotspot.twopass.fdr0.05.merge.bed,fHeart-DS16621.hotspot.twopass.fdr0.05.merge.bed,hyperloglog,B,21,NA,8,40,0.3799710273742676,1.0
fIntestine_Sm-DS18495.hg19.hotspot.twopass.fdr0.05.merge.bed,fIntestine_Sm-DS16559.hotspot.twopass.fdr0.05.merge.bed,hyperloglog,B,21,NA,8,40,0.6542062759399414,1.0
fIntestine_Sm-DS18495.hg19.hotspot.twopass.fdr0.05.merge.bed,fIntestine_Sm-DS16712.hg19.hotspot.twopass.fdr0.05.merge.bed,hyperloglog,B,21,NA,8,40,0.5922050476074219,1.0
fIntestine_Sm-DS18495.hg19.hotspot.twopass.fdr0.05.merge.bed,fIntestine_Sm-DS16822.hotspot.twopass.fdr0.05.merge.bed,hyperloglog,B,21,NA,8,40,0.6696929931640625,1.0
fIntestine_Sm-DS18495.hg19.hotspot.twopass.fdr0.05.merge.bed,fIntestine_Sm-DS17808.hg19.hotspot.twopass.fdr0.05.merge.bed,hyperloglog,B,21,NA,8,40,0.6453580856323242,1.0
fIntestine_Sm-DS18495.hg19.hotspot.twopass.fdr0.05.merge.bed,fIntestine_Sm-DS18495.hg19.hotspot.twopass.fdr0.05.merge.bed,hyperloglog,B,21,NA,8,40,1.0,1.0
fIntestine_Sm-DS18495.hg19.hotspot.twopass.fdr0.05.merge.bed,fKidney_renal_cortex_L-DS17550.hg19.hotspot.twopass.fdr0.05.merge.bed,hyperloglog,B,21,NA,8,40,0.41251373291015625,1.0
fIntestine_Sm-DS18495.hg19.hotspot.twopass.fdr0.05.merge.bed,fLung_L-DS17154.hg19.hotspot.twopass.fdr0.05.merge.bed,hyperloglog,B,21,NA,8,40,0.3997211456298828,1.0
fIntestine_Sm-DS18495.hg19.hotspot.twopass.fdr0.05.merge.bed,fLung_L-DS18421.hg19.hotspot.twopass.fdr0.05.merge.bed,hyperloglog,B,21,NA,8,40,0.41935253143310547,1.0
fIntestine_Sm-DS18495.hg19.hotspot.twopass.fdr0.05.merge.bed,fLung_R-DS15632.hotspot.twopass.fdr0.05.merge.bed,hyperloglog,B,21,NA,8,40,0.4208841323852539,1.0
fIntestine_Sm-DS18495.hg19.hotspot.twopass.fdr0.05.merge.bed,fMuscle_arm-DS19053.hg19.hotspot.twopass.fdr0.05.merge.bed,hyperloglog,B,21,NA,8,40,0.3959321975708008,1.0
fIntestine_Sm-DS18495.hg19.hotspot.twopass.fdr0.05.merge.bed,fMuscle_back-DS18454.hg19.hotspot.twopass.fdr0.05.merge.bed,hyperloglog,B,21,NA,8,40,0.39652347564697266,1.0
fIntestine_Sm-DS18495.hg19.hotspot.twopass.fdr0.05.merge.bed,fMuscle_leg-DS19115.hg19.hotspot.twopass.fdr0.05.merge.bed,hyperloglog,B,21,NA,8,40,0.39603185653686523,1.0
fIntestine_Sm-DS18495.hg19.hotspot.twopass.fdr0.05.merge.bed,fMuscle_leg-DS19158.hg19.hotspot.twopass.fdr0.05.merge.bed,hyperloglog,B,21,NA,8,40,0.3745083808898926,1.0
fIntestine_Sm-DS18495.hg19.hotspot.twopass.fdr0.05.merge.bed,fSkin_fibro_bicep_R-DS19745.hg19.hotspot.twopass.fdr0.05.merge.bed,hyperloglog,B,21,NA,8,40,0.3368253707885742,1.0
fIntestine_Sm-DS18495.hg19.hotspot.twopass.fdr0.05.merge.bed,fStomach-DS17659.hg19.hotspot.twopass.fdr0.05.merge.bed,hyperloglog,B,21,NA,8,40,0.4748263359069824,1.0
fKidney_renal_cortex_L-DS17550.hg19.hotspot.twopass.fdr0.05.merge.bed,fBrain-DS14718.hotspot.twopass.fdr0.05.merge.bed,hyperloglog,B,21,NA,8,40,0.40625953674316406,1.0
fKidney_renal_cortex_L-DS17550.hg19.hotspot.twopass.fdr0.05.merge.bed,fBrain-DS16302.hotspot.twopass.fdr0.05.merge.bed,hyperloglog,B,21,NA,8,40,0.3897862434387207,1.0
fKidney_renal_cortex_L-DS17550.hg19.hotspot.twopass.fdr0.05.merge.bed,fHeart-DS15643.hotspot.twopass.fdr0.05.merge.bed,hyperloglog,B,21,NA,8,40,0.4473233222961426,1.0
fKidney_renal_cortex_L-DS17550.hg19.hotspot.twopass.fdr0.05.merge.bed,fHeart-DS15839.hotspot.twopass.fdr0.05.merge.bed,hyperloglog,B,21,NA,8,40,0.42514801025390625,1.0
fKidney_renal_cortex_L-DS17550.hg19.hotspot.twopass.fdr0.05.merge.bed,fHeart-DS16621.hotspot.twopass.fdr0.05.merge.bed,hyperloglog,B,21,NA,8,40,0.4419112205505371,1.0
fKidney_renal_cortex_L-DS17550.hg19.hotspot.twopass.fdr0.05.merge.bed,fIntestine_Sm-DS16559.hotspot.twopass.fdr0.05.merge.bed,hyperloglog,B,21,NA,8,40,0.4561638832092285,1.0
fKidney_renal_cortex_L-DS17550.hg19.hotspot.twopass.fdr0.05.merge.bed,fIntestine_Sm-DS16712.hg19.hotspot.twopass.fdr0.05.merge.bed,hyperloglog,B,21,NA,8,40,0.3964195251464844,1.0
fKidney_renal_cortex_L-DS17550.hg19.hotspot.twopass.fdr0.05.merge.bed,fIntestine_Sm-DS16822.hotspot.twopass.fdr0.05.merge.bed,hyperloglog,B,21,NA,8,40,0.43361330032348633,1.0
fKidney_renal_cortex_L-DS17550.hg19.hotspot.twopass.fdr0.05.merge.bed,fIntestine_Sm-DS17808.hg19.hotspot.twopass.fdr0.05.merge.bed,hyperloglog,B,21,NA,8,40,0.4523749351501465,1.0
fKidney_renal_cortex_L-DS17550.hg19.hotspot.twopass.fdr0.05.merge.bed,fIntestine_Sm-DS18495.hg19.hotspot.twopass.fdr0.05.merge.bed,hyperloglog,B,21,NA,8,40,0.41251373291015625,1.0
fKidney_renal_cortex_L-DS17550.hg19.hotspot.twopass.fdr0.05.merge.bed,fKidney_renal_cortex_L-DS17550.hg19.hotspot.twopass.fdr0.05.merge.bed,hyperloglog,B,21,NA,8,40,1.0,1.0
fKidney_renal_cortex_L-DS17550.hg19.hotspot.twopass.fdr0.05.merge.bed,fLung_L-DS17154.hg19.hotspot.twopass.fdr0.05.merge.bed,hyperloglog,B,21,NA,8,40,0.5182290077209473,1.0
fKidney_renal_cortex_L-DS17550.hg19.hotspot.twopass.fdr0.05.merge.bed,fLung_L-DS18421.hg19.hotspot.twopass.fdr0.05.merge.bed,hyperloglog,B,21,NA,8,40,0.5164036750793457,1.0
fKidney_renal_cortex_L-DS17550.hg19.hotspot.twopass.fdr0.05.merge.bed,fLung_R-DS15632.hotspot.twopass.fdr0.05.merge.bed,hyperloglog,B,21,NA,8,40,0.500053882598877,1.0
fKidney_renal_cortex_L-DS17550.hg19.hotspot.twopass.fdr0.05.merge.bed,fMuscle_arm-DS19053.hg19.hotspot.twopass.fdr0.05.merge.bed,hyperloglog,B,21,NA,8,40,0.4751777648925781,1.0
fKidney_renal_cortex_L-DS17550.hg19.hotspot.twopass.fdr0.05.merge.bed,fMuscle_back-DS18454.hg19.hotspot.twopass.fdr0.05.merge.bed,hyperloglog,B,21,NA,8,40,0.46960973739624023,1.0
fKidney_renal_cortex_L-DS17550.hg19.hotspot.twopass.fdr0.05.merge.bed,fMuscle_leg-DS19115.hg19.hotspot.twopass.fdr0.05.merge.bed,hyperloglog,B,21,NA,8,40,0.46992063522338867,1.0
fKidney_renal_cortex_L-DS17550.hg19.hotspot.twopass.fdr0.05.merge.bed,fMuscle_leg-DS19158.hg19.hotspot.twopass.fdr0.05.merge.bed,hyperloglog,B,21,NA,8,40,0.46257925033569336,1.0
fKidney_renal_cortex_L-DS17550.hg19.hotspot.twopass.fdr0.05.merge.bed,fSkin_fibro_bicep_R-DS19745.hg19.hotspot.twopass.fdr0.05.merge.bed,hyperloglog,B,21,NA,8,40,0.31999778747558594,1.0
fKidney_renal_cortex_L-DS17550.hg19.hotspot.twopass.fdr0.05.merge.bed,fStomach-DS17659.hg19.hotspot.twopass.fdr0.05.merge.bed,hyperloglog,B,21,NA,8,40,0.44225072860717773,1.0
fLung_L-DS17154.hg19.hotspot.twopass.fdr0.05.merge.bed,fBrain-DS14718.hotspot.twopass.fdr0.05.merge.bed,hyperloglog,B,21,NA,8,40,0.3956899642944336,1.0
fLung_L-DS17154.hg19.hotspot.twopass.fdr0.05.merge.bed,fBrain-DS16302.hotspot.twopass.fdr0.05.merge.bed,hyperloglog,B,21,NA,8,40,0.407010555267334,1.0
fLung_L-DS17154.hg19.hotspot.twopass.fdr0.05.merge.bed,fHeart-DS15643.hotspot.twopass.fdr0.05.merge.bed,hyperloglog,B,21,NA,8,40,0.45888805389404297,1.0
fLung_L-DS17154.hg19.hotspot.twopass.fdr0.05.merge.bed,fHeart-DS15839.hotspot.twopass.fdr0.05.merge.bed,hyperloglog,B,21,NA,8,40,0.43369054794311523,1.0
fLung_L-DS17154.hg19.hotspot.twopass.fdr0.05.merge.bed,fHeart-DS16621.hotspot.twopass.fdr0.05.merge.bed,hyperloglog,B,21,NA,8,40,0.46209716796875,1.0
fLung_L-DS17154.hg19.hotspot.twopass.fdr0.05.merge.bed,fIntestine_Sm-DS16559.hotspot.twopass.fdr0.05.merge.bed,hyperloglog,B,21,NA,8,40,0.4545559883117676,1.0
fLung_L-DS17154.hg19.hotspot.twopass.fdr0.05.merge.bed,fIntestine_Sm-DS16712.hg19.hotspot.twopass.fdr0.05.merge.bed,hyperloglog,B,21,NA,8,40,0.3723926544189453,1.0
fLung_L-DS17154.hg19.hotspot.twopass.fdr0.05.merge.bed,fIntestine_Sm-DS16822.hotspot.twopass.fdr0.05.merge.bed,hyperloglog,B,21,NA,8,40,0.4262528419494629,1.0
fLung_L-DS17154.hg19.hotspot.twopass.fdr0.05.merge.bed,fIntestine_Sm-DS17808.hg19.hotspot.twopass.fdr0.05.merge.bed,hyperloglog,B,21,NA,8,40,0.44237613677978516,1.0
fLung_L-DS17154.hg19.hotspot.twopass.fdr0.05.merge.bed,fIntestine_Sm-DS18495.hg19.hotspot.twopass.fdr0.05.merge.bed,hyperloglog,B,21,NA,8,40,0.3997211456298828,1.0
fLung_L-DS17154.hg19.hotspot.twopass.fdr0.05.merge.bed,fKidney_renal_cortex_L-DS17550.hg19.hotspot.twopass.fdr0.05.merge.bed,hyperloglog,B,21,NA,8,40,0.5182290077209473,1.0
fLung_L-DS17154.hg19.hotspot.twopass.fdr0.05.merge.bed,fLung_L-DS17154.hg19.hotspot.twopass.fdr0.05.merge.bed,hyperloglog,B,21,NA,8,40,1.0,1.0
fLung_L-DS17154.hg19.hotspot.twopass.fdr0.05.merge.bed,fLung_L-DS18421.hg19.hotspot.twopass.fdr0.05.merge.bed,hyperloglog,B,21,NA,8,40,0.7164812088012695,1.0
fLung_L-DS17154.hg19.hotspot.twopass.fdr0.05.merge.bed,fLung_R-DS15632.hotspot.twopass.fdr0.05.merge.bed,hyperloglog,B,21,NA,8,40,0.6851592063903809,1.0
fLung_L-DS17154.hg19.hotspot.twopass.fdr0.05.merge.bed,fMuscle_arm-DS19053.hg19.hotspot.twopass.fdr0.05.merge.bed,hyperloglog,B,21,NA,8,40,0.5077695846557617,1.0
fLung_L-DS17154.hg19.hotspot.twopass.fdr0.05.merge.bed,fMuscle_back-DS18454.hg19.hotspot.twopass.fdr0.05.merge.bed,hyperloglog,B,21,NA,8,40,0.49644041061401367,1.0
fLung_L-DS17154.hg19.hotspot.twopass.fdr0.05.merge.bed,fMuscle_leg-DS19115.hg19.hotspot.twopass.fdr0.05.merge.bed,hyperloglog,B,21,NA,8,40,0.4994525909423828,1.0
fLung_L-DS17154.hg19.hotspot.twopass.fdr0.05.merge.bed,fMuscle_leg-DS19158.hg19.hotspot.twopass.fdr0.05.merge.bed,hyperloglog,B,21,NA,8,40,0.5071625709533691,1.0
fLung_L-DS17154.hg19.hotspot.twopass.fdr0.05.merge.bed,fSkin_fibro_bicep_R-DS19745.hg19.hotspot.twopass.fdr0.05.merge.bed,hyperloglog,B,21,NA,8,40,0.31464195251464844,1.0
fLung_L-DS17154.hg19.hotspot.twopass.fdr0.05.merge.bed,fStomach-DS17659.hg19.hotspot.twopass.fdr0.05.merge.bed,hyperloglog,B,21,NA,8,40,0.44901514053344727,1.0
fLung_L-DS18421.hg19.hotspot.twopass.fdr0.05.merge.bed,fBrain-DS14718.hotspot.twopass.fdr0.05.merge.bed,hyperloglog,B,21,NA,8,40,0.40008544921875,1.0
fLung_L-DS18421.hg19.hotspot.twopass.fdr0.05.merge.bed,fBrain-DS16302.hotspot.twopass.fdr0.05.merge.bed,hyperloglog,B,21,NA,8,40,0.40207815170288086,1.0
fLung_L-DS18421.hg19.hotspot.twopass.fdr0.05.merge.bed,fHeart-DS15643.hotspot.twopass.fdr0.05.merge.bed,hyperloglog,B,21,NA,8,40,0.46344804763793945,1.0
fLung_L-DS18421.hg19.hotspot.twopass.fdr0.05.merge.bed,fHeart-DS15839.hotspot.twopass.fdr0.05.merge.bed,hyperloglog,B,21,NA,8,40,0.4318690299987793,1.0
fLung_L-DS18421.hg19.hotspot.twopass.fdr0.05.merge.bed,fHeart-DS16621.hotspot.twopass.fdr0.05.merge.bed,hyperloglog,B,21,NA,8,40,0.46045780181884766,1.0
fLung_L-DS18421.hg19.hotspot.twopass.fdr0.05.merge.bed,fIntestine_Sm-DS16559.hotspot.twopass.fdr0.05.merge.bed,hyperloglog,B,21,NA,8,40,0.46724510192871094,1.0
fLung_L-DS18421.hg19.hotspot.twopass.fdr0.05.merge.bed,fIntestine_Sm-DS16712.hg19.hotspot.twopass.fdr0.05.merge.bed,hyperloglog,B,21,NA,8,40,0.39472246170043945,1.0
fLung_L-DS18421.hg19.hotspot.twopass.fdr0.05.merge.bed,fIntestine_Sm-DS16822.hotspot.twopass.fdr0.05.merge.bed,hyperloglog,B,21,NA,8,40,0.4427642822265625,1.0
fLung_L-DS18421.hg19.hotspot.twopass.fdr0.05.merge.bed,fIntestine_Sm-DS17808.hg19.hotspot.twopass.fdr0.05.merge.bed,hyperloglog,B,21,NA,8,40,0.45516347885131836,1.0
fLung_L-DS18421.hg19.hotspot.twopass.fdr0.05.merge.bed,fIntestine_Sm-DS18495.hg19.hotspot.twopass.fdr0.05.merge.bed,hyperloglog,B,21,NA,8,40,0.41935253143310547,1.0
fLung_L-DS18421.hg19.hotspot.twopass.fdr0.05.merge.bed,fKidney_renal_cortex_L-DS17550.hg19.hotspot.twopass.fdr0.05.merge.bed,hyperloglog,B,21,NA,8,40,0.5164036750793457,1.0
fLung_L-DS18421.hg19.hotspot.twopass.fdr0.05.merge.bed,fLung_L-DS17154.hg19.hotspot.twopass.fdr0.05.merge.bed,hyperloglog,B,21,NA,8,40,0.7164812088012695,1.0
fLung_L-DS18421.hg19.hotspot.twopass.fdr0.05.merge.bed,fLung_L-DS18421.hg19.hotspot.twopass.fdr0.05.merge.bed,hyperloglog,B,21,NA,8,40,1.0,1.0
fLung_L-DS18421.hg19.hotspot.twopass.fdr0.05.merge.bed,fLung_R-DS15632.hotspot.twopass.fdr0.05.merge.bed,hyperloglog,B,21,NA,8,40,0.6861710548400879,1.0
fLung_L-DS18421.hg19.hotspot.twopass.fdr0.05.merge.bed,fMuscle_arm-DS19053.hg19.hotspot.twopass.fdr0.05.merge.bed,hyperloglog,B,21,NA,8,40,0.5008516311645508,1.0
fLung_L-DS18421.hg19.hotspot.twopass.fdr0.05.merge.bed,fMuscle_back-DS18454.hg19.hotspot.twopass.fdr0.05.merge.bed,hyperloglog,B,21,NA,8,40,0.49407482147216797,1.0
fLung_L-DS18421.hg19.hotspot.twopass.fdr0.05.merge.bed,fMuscle_leg-DS19115.hg19.hotspot.twopass.fdr0.05.merge.bed,hyperloglog,B,21,NA,8,40,0.4965367317199707,1.0
fLung_L-DS18421.hg19.hotspot.twopass.fdr0.05.merge.bed,fMuscle_leg-DS19158.hg19.hotspot.twopass.fdr0.05.merge.bed,hyperloglog,B,21,NA,8,40,0.49286794662475586,1.0
fLung_L-DS18421.hg19.hotspot.twopass.fdr0.05.merge.bed,fSkin_fibro_bicep_R-DS19745.hg19.hotspot.twopass.fdr0.05.merge.bed,hyperloglog,B,21,NA,8,40,0.32868099212646484,1.0
fLung_L-DS18421.hg19.hotspot.twopass.fdr0.05.merge.bed,fStomach-DS17659.hg19.hotspot.twopass.fdr0.05.merge.bed,hyperloglog,B,21,NA,8,40,0.47663116455078125,1.0
fLung_R-DS15632.hotspot.twopass.fdr0.05.merge.bed,fBrain-DS14718.hotspot.twopass.fdr0.05.merge.bed,hyperloglog,B,21,NA,8,40,0.40976858139038086,1.0
fLung_R-DS15632.hotspot.twopass.fdr0.05.merge.bed,fBrain-DS16302.hotspot.twopass.fdr0.05.merge.bed,hyperloglog,B,21,NA,8,40,0.4087333679199219,1.0
fLung_R-DS15632.hotspot.twopass.fdr0.05.merge.bed,fHeart-DS15643.hotspot.twopass.fdr0.05.merge.bed,hyperloglog,B,21,NA,8,40,0.4687209129333496,1.0
fLung_R-DS15632.hotspot.twopass.fdr0.05.merge.bed,fHeart-DS15839.hotspot.twopass.fdr0.05.merge.bed,hyperloglog,B,21,NA,8,40,0.4273838996887207,1.0
fLung_R-DS15632.hotspot.twopass.fdr0.05.merge.bed,fHeart-DS16621.hotspot.twopass.fdr0.05.merge.bed,hyperloglog,B,21,NA,8,40,0.45137500762939453,1.0
fLung_R-DS15632.hotspot.twopass.fdr0.05.merge.bed,fIntestine_Sm-DS16559.hotspot.twopass.fdr0.05.merge.bed,hyperloglog,B,21,NA,8,40,0.45435619354248047,1.0
fLung_R-DS15632.hotspot.twopass.fdr0.05.merge.bed,fIntestine_Sm-DS16712.hg19.hotspot.twopass.fdr0.05.merge.bed,hyperloglog,B,21,NA,8,40,0.4097743034362793,1.0
fLung_R-DS15632.hotspot.twopass.fdr0.05.merge.bed,fIntestine_Sm-DS16822.hotspot.twopass.fdr0.05.merge.bed,hyperloglog,B,21,NA,8,40,0.43670129776000977,1.0
fLung_R-DS15632.hotspot.twopass.fdr0.05.merge.bed,fIntestine_Sm-DS17808.hg19.hotspot.twopass.fdr0.05.merge.bed,hyperloglog,B,21,NA,8,40,0.4514427185058594,1.0
fLung_R-DS15632.hotspot.twopass.fdr0.05.merge.bed,fIntestine_Sm-DS18495.hg19.hotspot.twopass.fdr0.05.merge.bed,hyperloglog,B,21,NA,8,40,0.4208841323852539,1.0
fLung_R-DS15632.hotspot.twopass.fdr0.05.merge.bed,fKidney_renal_cortex_L-DS17550.hg19.hotspot.twopass.fdr0.05.merge.bed,hyperloglog,B,21,NA,8,40,0.500053882598877,1.0
fLung_R-DS15632.hotspot.twopass.fdr0.05.merge.bed,fLung_L-DS17154.hg19.hotspot.twopass.fdr0.05.merge.bed,hyperloglog,B,21,NA,8,40,0.6851592063903809,1.0
fLung_R-DS15632.hotspot.twopass.fdr0.05.merge.bed,fLung_L-DS18421.hg19.hotspot.twopass.fdr0.05.merge.bed,hyperloglog,B,21,NA,8,40,0.6861710548400879,1.0
fLung_R-DS15632.hotspot.twopass.fdr0.05.merge.bed,fLung_R-DS15632.hotspot.twopass.fdr0.05.merge.bed,hyperloglog,B,21,NA,8,40,1.0,1.0
fLung_R-DS15632.hotspot.twopass.fdr0.05.merge.bed,fMuscle_arm-DS19053.hg19.hotspot.twopass.fdr0.05.merge.bed,hyperloglog,B,21,NA,8,40,0.5129270553588867,1.0
fLung_R-DS15632.hotspot.twopass.fdr0.05.merge.bed,fMuscle_back-DS18454.hg19.hotspot.twopass.fdr0.05.merge.bed,hyperloglog,B,21,NA,8,40,0.502326488494873,1.0
fLung_R-DS15632.hotspot.twopass.fdr0.05.merge.bed,fMuscle_leg-DS19115.hg19.hotspot.twopass.fdr0.05.merge.bed,hyperloglog,B,21,NA,8,40,0.509850025177002,1.0
fLung_R-DS15632.hotspot.twopass.fdr0.05.merge.bed,fMuscle_leg-DS19158.hg19.hotspot.twopass.fdr0.05.merge.bed,hyperloglog,B,21,NA,8,40,0.49449682235717773,1.0
fLung_R-DS15632.hotspot.twopass.fdr0.05.merge.bed,fSkin_fibro_bicep_R-DS19745.hg19.hotspot.twopass.fdr0.05.merge.bed,hyperloglog,B,21,NA,8,40,0.34504222869873047,1.0
fLung_R-DS15632.hotspot.twopass.fdr0.05.merge.bed,fStomach-DS17659.hg19.hotspot.twopass.fdr0.05.merge.bed,hyperloglog,B,21,NA,8,40,0.4875059127807617,1.0
fMuscle_arm-DS19053.hg19.hotspot.twopass.fdr0.05.merge.bed,fBrain-DS14718.hotspot.twopass.fdr0.05.merge.bed,hyperloglog,B,21,NA,8,40,0.4116172790527344,1.0
fMuscle_arm-DS19053.hg19.hotspot.twopass.fdr0.05.merge.bed,fBrain-DS16302.hotspot.twopass.fdr0.05.merge.bed,hyperloglog,B,21,NA,8,40,0.40249204635620117,1.0
fMuscle_arm-DS19053.hg19.hotspot.twopass.fdr0.05.merge.bed,fHeart-DS15643.hotspot.twopass.fdr0.05.merge.bed,hyperloglog,B,21,NA,8,40,0.46397924423217773,1.0
fMuscle_arm-DS19053.hg19.hotspot.twopass.fdr0.05.merge.bed,fHeart-DS15839.hotspot.twopass.fdr0.05.merge.bed,hyperloglog,B,21,NA,8,40,0.4212651252746582,1.0
fMuscle_arm-DS19053.hg19.hotspot.twopass.fdr0.05.merge.bed,fHeart-DS16621.hotspot.twopass.fdr0.05.merge.bed,hyperloglog,B,21,NA,8,40,0.44825172424316406,1.0
fMuscle_arm-DS19053.hg19.hotspot.twopass.fdr0.05.merge.bed,fIntestine_Sm-DS16559.hotspot.twopass.fdr0.05.merge.bed,hyperloglog,B,21,NA,8,40,0.4268641471862793,1.0
fMuscle_arm-DS19053.hg19.hotspot.twopass.fdr0.05.merge.bed,fIntestine_Sm-DS16712.hg19.hotspot.twopass.fdr0.05.merge.bed,hyperloglog,B,21,NA,8,40,0.3795504570007324,1.0
fMuscle_arm-DS19053.hg19.hotspot.twopass.fdr0.05.merge.bed,fIntestine_Sm-DS16822.hotspot.twopass.fdr0.05.merge.bed,hyperloglog,B,21,NA,8,40,0.4066004753112793,1.0
fMuscle_arm-DS19053.hg19.hotspot.twopass.fdr0.05.merge.bed,fIntestine_Sm-DS17808.hg19.hotspot.twopass.fdr0.05.merge.bed,hyperloglog,B,21,NA,8,40,0.42198657989501953,1.0
fMuscle_arm-DS19053.hg19.hotspot.twopass.fdr0.05.merge.bed,fIntestine_Sm-DS18495.hg19.hotspot.twopass.fdr0.05.merge.bed,hyperloglog,B,21,NA,8,40,0.3959321975708008,1.0
fMuscle_arm-DS19053.hg19.hotspot.twopass.fdr0.05.merge.bed,fKidney_renal_cortex_L-DS17550.hg19.hotspot.twopass.fdr0.05.merge.bed,hyperloglog,B,21,NA,8,40,0.4751777648925781,1.0
fMuscle_arm-DS19053.hg19.hotspot.twopass.fdr0.05.merge.bed,fLung_L-DS17154.hg19.hotspot.twopass.fdr0.05.merge.bed,hyperloglog,B,21,NA,8,40,0.5077695846557617,1.0
fMuscle_arm-DS19053.hg19.hotspot.twopass.fdr0.05.merge.bed,fLung_L-DS18421.hg19.hotspot.twopass.fdr0.05.merge.bed,hyperloglog,B,21,NA,8,40,0.5008516311645508,1.0
fMuscle_arm-DS19053.hg19.hotspot.twopass.fdr0.05.merge.bed,fLung_R-DS15632.hotspot.twopass.fdr0.05.merge.bed,hyperloglog,B,21,NA,8,40,0.5129270553588867,1.0
fMuscle_arm-DS19053.hg19.hotspot.twopass.fdr0.05.merge.bed,fMuscle_arm-DS19053.hg19.hotspot.twopass.fdr0.05.merge.bed,hyperloglog,B,21,NA,8,40,1.0,1.0
fMuscle_arm-DS19053.hg19.hotspot.twopass.fdr0.05.merge.bed,fMuscle_back-DS18454.hg19.hotspot.twopass.fdr0.05.merge.bed,hyperloglog,B,21,NA,8,40,0.6876859664916992,1.0
fMuscle_arm-DS19053.hg19.hotspot.twopass.fdr0.05.merge.bed,fMuscle_leg-DS19115.hg19.hotspot.twopass.fdr0.05.merge.bed,hyperloglog,B,21,NA,8,40,0.6959109306335449,1.0
fMuscle_arm-DS19053.hg19.hotspot.twopass.fdr0.05.merge.bed,fMuscle_leg-DS19158.hg19.hotspot.twopass.fdr0.05.merge.bed,hyperloglog,B,21,NA,8,40,0.6714401245117188,1.0
fMuscle_arm-DS19053.hg19.hotspot.twopass.fdr0.05.merge.bed,fSkin_fibro_bicep_R-DS19745.hg19.hotspot.twopass.fdr0.05.merge.bed,hyperloglog,B,21,NA,8,40,0.35744142532348633,1.0
fMuscle_arm-DS19053.hg19.hotspot.twopass.fdr0.05.merge.bed,fStomach-DS17659.hg19.hotspot.twopass.fdr0.05.merge.bed,hyperloglog,B,21,NA,8,40,0.4562520980834961,1.0
fMuscle_back-DS18454.hg19.hotspot.twopass.fdr0.05.merge.bed,fBrain-DS14718.hotspot.twopass.fdr0.05.merge.bed,hyperloglog,B,21,NA,8,40,0.4127521514892578,1.0
fMuscle_back-DS18454.hg19.hotspot.twopass.fdr0.05.merge.bed,fBrain-DS16302.hotspot.twopass.fdr0.05.merge.bed,hyperloglog,B,21,NA,8,40,0.3957056999206543,1.0
fMuscle_back-DS18454.hg19.hotspot.twopass.fdr0.05.merge.bed,fHeart-DS15643.hotspot.twopass.fdr0.05.merge.bed,hyperloglog,B,21,NA,8,40,0.46845006942749023,1.0
fMuscle_back-DS18454.hg19.hotspot.twopass.fdr0.05.merge.bed,fHeart-DS15839.hotspot.twopass.fdr0.05.merge.bed,hyperloglog,B,21,NA,8,40,0.42174673080444336,1.0
fMuscle_back-DS18454.hg19.hotspot.twopass.fdr0.05.merge.bed,fHeart-DS16621.hotspot.twopass.fdr0.05.merge.bed,hyperloglog,B,21,NA,8,40,0.45165252685546875,1.0
fMuscle_back-DS18454.hg19.hotspot.twopass.fdr0.05.merge.bed,fIntestine_Sm-DS16559.hotspot.twopass.fdr0.05.merge.bed,hyperloglog,B,21,NA,8,40,0.42456960678100586,1.0
fMuscle_back-DS18454.hg19.hotspot.twopass.fdr0.05.merge.bed,fIntestine_Sm-DS16712.hg19.hotspot.twopass.fdr0.05.merge.bed,hyperloglog,B,21,NA,8,40,0.3787369728088379,1.0
fMuscle_back-DS18454.hg19.hotspot.twopass.fdr0.05.merge.bed,fIntestine_Sm-DS16822.hotspot.twopass.fdr0.05.merge.bed,hyperloglog,B,21,NA,8,40,0.40847110748291016,1.0
fMuscle_back-DS18454.hg19.hotspot.twopass.fdr0.05.merge.bed,fIntestine_Sm-DS17808.hg19.hotspot.twopass.fdr0.05.merge.bed,hyperloglog,B,21,NA,8,40,0.4226508140563965,1.0
fMuscle_back-DS18454.hg19.hotspot.twopass.fdr0.05.merge.bed,fIntestine_Sm-DS18495.hg19.hotspot.twopass.fdr0.05.merge.bed,hyperloglog,B,21,NA,8,40,0.39652347564697266,1.0
fMuscle_back-DS18454.hg19.hotspot.twopass.fdr0.05.merge.bed,fKidney_renal_cortex_L-DS17550.hg19.hotspot.twopass.fdr0.05.merge.bed,hyperloglog,B,21,NA,8,40,0.46960973739624023,1.0
fMuscle_back-DS18454.hg19.hotspot.twopass.fdr0.05.merge.bed,fLung_L-DS17154.hg19.hotspot.twopass.fdr0.05.merge.bed,hyperloglog,B,21,NA,8,40,0.49644041061401367,1.0
fMuscle_back-DS18454.hg19.hotspot.twopass.fdr0.05.merge.bed,fLung_L-DS18421.hg19.hotspot.twopass.fdr0.05.merge.bed,hyperloglog,B,21,NA,8,40,0.49407482147216797,1.0
fMuscle_back-DS18454.hg19.hotspot.twopass.fdr0.05.merge.bed,fLung_R-DS15632.hotspot.twopass.fdr0.05.merge.bed,hyperloglog,B,21,NA,8,40,0.502326488494873,1.0
fMuscle_back-DS18454.hg19.hotspot.twopass.fdr0.05.merge.bed,fMuscle_arm-DS19053.hg19.hotspot.twopass.fdr0.05.merge.bed,hyperloglog,B,21,NA,8,40,0.6876859664916992,1.0
fMuscle_back-DS18454.hg19.hotspot.twopass.fdr0.05.merge.bed,fMuscle_back-DS18454.hg19.hotspot.twopass.fdr0.05.merge.bed,hyperloglog,B,21,NA,8,40,1.0,1.0
fMuscle_back-DS18454.hg19.hotspot.twopass.fdr0.05.merge.bed,fMuscle_leg-DS19115.hg19.hotspot.twopass.fdr0.05.merge.bed,hyperloglog,B,21,NA,8,40,0.7005157470703125,1.0
fMuscle_back-DS18454.hg19.hotspot.twopass.fdr0.05.merge.bed,fMuscle_leg-DS19158.hg19.hotspot.twopass.fdr0.05.merge.bed,hyperloglog,B,21,NA,8,40,0.6576757431030273,1.0
fMuscle_back-DS18454.hg19.hotspot.twopass.fdr0.05.merge.bed,fSkin_fibro_bicep_R-DS19745.hg19.hotspot.twopass.fdr0.05.merge.bed,hyperloglog,B,21,NA,8,40,0.3643364906311035,1.0
fMuscle_back-DS18454.hg19.hotspot.twopass.fdr0.05.merge.bed,fStomach-DS17659.hg19.hotspot.twopass.fdr0.05.merge.bed,hyperloglog,B,21,NA,8,40,0.45955562591552734,1.0
fMuscle_leg-DS19115.hg19.hotspot.twopass.fdr0.05.merge.bed,fBrain-DS14718.hotspot.twopass.fdr0.05.merge.bed,hyperloglog,B,21,NA,8,40,0.41474199295043945,1.0
fMuscle_leg-DS19115.hg19.hotspot.twopass.fdr0.05.merge.bed,fBrain-DS16302.hotspot.twopass.fdr0.05.merge.bed,hyperloglog,B,21,NA,8,40,0.39969491958618164,1.0
fMuscle_leg-DS19115.hg19.hotspot.twopass.fdr0.05.merge.bed,fHeart-DS15643.hotspot.twopass.fdr0.05.merge.bed,hyperloglog,B,21,NA,8,40,0.46384143829345703,1.0
fMuscle_leg-DS19115.hg19.hotspot.twopass.fdr0.05.merge.bed,fHeart-DS15839.hotspot.twopass.fdr0.05.merge.bed,hyperloglog,B,21,NA,8,40,0.41456079483032227,1.0
fMuscle_leg-DS19115.hg19.hotspot.twopass.fdr0.05.merge.bed,fHeart-DS16621.hotspot.twopass.fdr0.05.merge.bed,hyperloglog,B,21,NA,8,40,0.44461536407470703,1.0
fMuscle_leg-DS19115.hg19.hotspot.twopass.fdr0.05.merge.bed,fIntestine_Sm-DS16559.hotspot.twopass.fdr0.05.merge.bed,hyperloglog,B,21,NA,8,40,0.42148542404174805,1.0
fMuscle_leg-DS19115.hg19.hotspot.twopass.fdr0.05.merge.bed,fIntestine_Sm-DS16712.hg19.hotspot.twopass.fdr0.05.merge.bed,hyperloglog,B,21,NA,8,40,0.37912750244140625,1.0
fMuscle_leg-DS19115.hg19.hotspot.twopass.fdr0.05.merge.bed,fIntestine_Sm-DS16822.hotspot.twopass.fdr0.05.merge.bed,hyperloglog,B,21,NA,8,40,0.4059562683105469,1.0
fMuscle_leg-DS19115.hg19.hotspot.twopass.fdr0.05.merge.bed,fIntestine_Sm-DS17808.hg19.hotspot.twopass.fdr0.05.merge.bed,hyperloglog,B,21,NA,8,40,0.4202718734741211,1.0
fMuscle_leg-DS19115.hg19.hotspot.twopass.fdr0.05.merge.bed,fIntestine_Sm-DS18495.hg19.hotspot.twopass.fdr0.05.merge.bed,hyperloglog,B,21,NA,8,40,0.39603185653686523,1.0
fMuscle_leg-DS19115.hg19.hotspot.twopass.fdr0.05.merge.bed,fKidney_renal_cortex_L-DS17550.hg19.hotspot.twopass.fdr0.05.merge.bed,hyperloglog,B,21,NA,8,40,0.46992063522338867,1.0
fMuscle_leg-DS19115.hg19.hotspot.twopass.fdr0.05.merge.bed,fLung_L-DS17154.hg19.hotspot.twopass.fdr0.05.merge.bed,hyperloglog,B,21,NA,8,40,0.4994525909423828,1.0
fMuscle_leg-DS19115.hg19.hotspot.twopass.fdr0.05.merge.bed,fLung_L-DS18421.hg19.hotspot.twopass.fdr0.05.merge.bed,hyperloglog,B,21,NA,8,40,0.4965367317199707,1.0
fMuscle_leg-DS19115.hg19.hotspot.twopass.fdr0.05.merge.bed,fLung_R-DS15632.hotspot.twopass.fdr0.05.merge.bed,hyperloglog,B,21,NA,8,40,0.509850025177002,1.0
fMuscle_leg-DS19115.hg19.hotspot.twopass.fdr0.05.merge.bed,fMuscle_arm-DS19053.hg19.hotspot.twopass.fdr0.05.merge.bed,hyperloglog,B,21,NA,8,40,0.6959109306335449,1.0
fMuscle_leg-DS19115.hg19.hotspot.twopass.fdr0.05.merge.bed,fMuscle_back-DS18454.hg19.hotspot.twopass.fdr0.05.merge.bed,hyperloglog,B,21,NA,8,40,0.7005157470703125,1.0
fMuscle_leg-DS19115.hg19.hotspot.twopass.fdr0.05.merge.bed,fMuscle_leg-DS19115.hg19.hotspot.twopass.fdr0.05.merge.bed,hyperloglog,B,21,NA,8,40,1.0,1.0
fMuscle_leg-DS19115.hg19.hotspot.twopass.fdr0.05.merge.bed,fMuscle_leg-DS19158.hg19.hotspot.twopass.fdr0.05.merge.bed,hyperloglog,B,21,NA,8,40,0.6793427467346191,1.0
fMuscle_leg-DS19115.hg19.hotspot.twopass.fdr0.05.merge.bed,fSkin_fibro_bicep_R-DS19745.hg19.hotspot.twopass.fdr0.05.merge.bed,hyperloglog,B,21,NA,8,40,0.3616623878479004,1.0
fMuscle_leg-DS19115.hg19.hotspot.twopass.fdr0.05.merge.bed,fStomach-DS17659.hg19.hotspot.twopass.fdr0.05.merge.bed,hyperloglog,B,21,NA,8,40,0.46341562271118164,1.0
fMuscle_leg-DS19158.hg19.hotspot.twopass.fdr0.05.merge.bed,fBrain-DS14718.hotspot.twopass.fdr0.05.merge.bed,hyperloglog,B,21,NA,8,40,0.38870811462402344,1.0
fMuscle_leg-DS19158.hg19.hotspot.twopass.fdr0.05.merge.bed,fBrain-DS16302.hotspot.twopass.fdr0.05.merge.bed,hyperloglog,B,21,NA,8,40,0.39461803436279297,1.0
fMuscle_leg-DS19158.hg19.hotspot.twopass.fdr0.05.merge.bed,fHeart-DS15643.hotspot.twopass.fdr0.05.merge.bed,hyperloglog,B,21,NA,8,40,0.4382033348083496,1.0
fMuscle_leg-DS19158.hg19.hotspot.twopass.fdr0.05.merge.bed,fHeart-DS15839.hotspot.twopass.fdr0.05.merge.bed,hyperloglog,B,21,NA,8,40,0.399869441986084,1.0
fMuscle_leg-DS19158.hg19.hotspot.twopass.fdr0.05.merge.bed,fHeart-DS16621.hotspot.twopass.fdr0.05.merge.bed,hyperloglog,B,21,NA,8,40,0.43729639053344727,1.0
fMuscle_leg-DS19158.hg19.hotspot.twopass.fdr0.05.merge.bed,fIntestine_Sm-DS16559.hotspot.twopass.fdr0.05.merge.bed,hyperloglog,B,21,NA,8,40,0.4123411178588867,1.0
fMuscle_leg-DS19158.hg19.hotspot.twopass.fdr0.05.merge.bed,fIntestine_Sm-DS16712.hg19.hotspot.twopass.fdr0.05.merge.bed,hyperloglog,B,21,NA,8,40,0.3401608467102051,1.0
fMuscle_leg-DS19158.hg19.hotspot.twopass.fdr0.05.merge.bed,fIntestine_Sm-DS16822.hotspot.twopass.fdr0.05.merge.bed,hyperloglog,B,21,NA,8,40,0.3865509033203125,1.0
fMuscle_leg-DS19158.hg19.hotspot.twopass.fdr0.05.merge.bed,fIntestine_Sm-DS17808.hg19.hotspot.twopass.fdr0.05.merge.bed,hyperloglog,B,21,NA,8,40,0.39479875564575195,1.0
fMuscle_leg-DS19158.hg19.hotspot.twopass.fdr0.05.merge.bed,fIntestine_Sm-DS18495.hg19.hotspot.twopass.fdr0.05.merge.bed,hyperloglog,B,21,NA,8,40,0.3745083808898926,1.0
fMuscle_leg-DS19158.hg19.hotspot.twopass.fdr0.05.merge.bed,fKidney_renal_cortex_L-DS17550.hg19.hotspot.twopass.fdr0.05.merge.bed,hyperloglog,B,21,NA,8,40,0.46257925033569336,1.0
fMuscle_leg-DS19158.hg19.hotspot.twopass.fdr0.05.merge.bed,fLung_L-DS17154.hg19.hotspot.twopass.fdr0.05.merge.bed,hyperloglog,B,21,NA,8,40,0.5071625709533691,1.0
fMuscle_leg-DS19158.hg19.hotspot.twopass.fdr0.05.merge.bed,fLung_L-DS18421.hg19.hotspot.twopass.fdr0.05.merge.bed,hyperloglog,B,21,NA,8,40,0.49286794662475586,1.0
fMuscle_leg-DS19158.hg19.hotspot.twopass.fdr0.05.merge.bed,fLung_R-DS15632.hotspot.twopass.fdr0.05.merge.bed,hyperloglog,B,21,NA,8,40,0.49449682235717773,1.0
fMuscle_leg-DS19158.hg19.hotspot.twopass.fdr0.05.merge.bed,fMuscle_arm-DS19053.hg19.hotspot.twopass.fdr0.05.merge.bed,hyperloglog,B,21,NA,8,40,0.6714401245117188,1.0
fMuscle_leg-DS19158.hg19.hotspot.twopass.fdr0.05.merge.bed,fMuscle_back-DS18454.hg19.hotspot.twopass.fdr0.05.merge.bed,hyperloglog,B,21,NA,8,40,0.6576757431030273,1.0
fMuscle_leg-DS19158.hg19.hotspot.twopass.fdr0.05.merge.bed,fMuscle_leg-DS19115.hg19.hotspot.twopass.fdr0.05.merge.bed,hyperloglog,B,21,NA,8,40,0.6793427467346191,1.0
fMuscle_leg-DS19158.hg19.hotspot.twopass.fdr0.05.merge.bed,fMuscle_leg-DS19158.hg19.hotspot.twopass.fdr0.05.merge.bed,hyperloglog,B,21,NA,8,40,1.0,1.0
fMuscle_leg-DS19158.hg19.hotspot.twopass.fdr0.05.merge.bed,fSkin_fibro_bicep_R-DS19745.hg19.hotspot.twopass.fdr0.05.merge.bed,hyperloglog,B,21,NA,8,40,0.3289923667907715,1.0
fMuscle_leg-DS19158.hg19.hotspot.twopass.fdr0.05.merge.bed,fStomach-DS17659.hg19.hotspot.twopass.fdr0.05.merge.bed,hyperloglog,B,21,NA,8,40,0.4180908203125,1.0
fSkin_fibro_bicep_R-DS19745.hg19.hotspot.twopass.fdr0.05.merge.bed,fBrain-DS14718.hotspot.twopass.fdr0.05.merge.bed,hyperloglog,B,21,NA,8,40,0.3107900619506836,1.0
fSkin_fibro_bicep_R-DS19745.hg19.hotspot.twopass.fdr0.05.merge.bed,fBrain-DS16302.hotspot.twopass.fdr0.05.merge.bed,hyperloglog,B,21,NA,8,40,0.2826824188232422,1.0
fSkin_fibro_bicep_R-DS19745.hg19.hotspot.twopass.fdr0.05.merge.bed,fHeart-DS15643.hotspot.twopass.fdr0.05.merge.bed,hyperloglog,B,21,NA,8,40,0.33262014389038086,1.0
fSkin_fibro_bicep_R-DS19745.hg19.hotspot.twopass.fdr0.05.merge.bed,fHeart-DS15839.hotspot.twopass.fdr0.05.merge.bed,hyperloglog,B,21,NA,8,40,0.3013467788696289,1.0
fSkin_fibro_bicep_R-DS19745.hg19.hotspot.twopass.fdr0.05.merge.bed,fHeart-DS16621.hotspot.twopass.fdr0.05.merge.bed,hyperloglog,B,21,NA,8,40,0.30876922607421875,1.0
fSkin_fibro_bicep_R-DS19745.hg19.hotspot.twopass.fdr0.05.merge.bed,fIntestine_Sm-DS16559.hotspot.twopass.fdr0.05.merge.bed,hyperloglog,B,21,NA,8,40,0.32157182693481445,1.0
fSkin_fibro_bicep_R-DS19745.hg19.hotspot.twopass.fdr0.05.merge.bed,fIntestine_Sm-DS16712.hg19.hotspot.twopass.fdr0.05.merge.bed,hyperloglog,B,21,NA,8,40,0.34740591049194336,1.0
fSkin_fibro_bicep_R-DS19745.hg19.hotspot.twopass.fdr0.05.merge.bed,fIntestine_Sm-DS16822.hotspot.twopass.fdr0.05.merge.bed,hyperloglog,B,21,NA,8,40,0.33251333236694336,1.0
fSkin_fibro_bicep_R-DS19745.hg19.hotspot.twopass.fdr0.05.merge.bed,fIntestine_Sm-DS17808.hg19.hotspot.twopass.fdr0.05.merge.bed,hyperloglog,B,21,NA,8,40,0.3337898254394531,1.0
fSkin_fibro_bicep_R-DS19745.hg19.hotspot.twopass.fdr0.05.merge.bed,fIntestine_Sm-DS18495.hg19.hotspot.twopass.fdr0.05.merge.bed,hyperloglog,B,21,NA,8,40,0.3368253707885742,1.0
fSkin_fibro_bicep_R-DS19745.hg19.hotspot.twopass.fdr0.05.merge.bed,fKidney_renal_cortex_L-DS17550.hg19.hotspot.twopass.fdr0.05.merge.bed,hyperloglog,B,21,NA,8,40,0.31999778747558594,1.0
fSkin_fibro_bicep_R-DS19745.hg19.hotspot.twopass.fdr0.05.merge.bed,fLung_L-DS17154.hg19.hotspot.twopass.fdr0.05.merge.bed,hyperloglog,B,21,NA,8,40,0.31464195251464844,1.0
fSkin_fibro_bicep_R-DS19745.hg19.hotspot.twopass.fdr0.05.merge.bed,fLung_L-DS18421.hg19.hotspot.twopass.fdr0.05.merge.bed,hyperloglog,B,21,NA,8,40,0.32868099212646484,1.0
fSkin_fibro_bicep_R-DS19745.hg19.hotspot.twopass.fdr0.05.merge.bed,fLung_R-DS15632.hotspot.twopass.fdr0.05.merge.bed,hyperloglog,B,21,NA,8,40,0.34504222869873047,1.0
fSkin_fibro_bicep_R-DS19745.hg19.hotspot.twopass.fdr0.05.merge.bed,fMuscle_arm-DS19053.hg19.hotspot.twopass.fdr0.05.merge.bed,hyperloglog,B,21,NA,8,40,0.35744142532348633,1.0
fSkin_fibro_bicep_R-DS19745.hg19.hotspot.twopass.fdr0.05.merge.bed,fMuscle_back-DS18454.hg19.hotspot.twopass.fdr0.05.merge.bed,hyperloglog,B,21,NA,8,40,0.3643364906311035,1.0
fSkin_fibro_bicep_R-DS19745.hg19.hotspot.twopass.fdr0.05.merge.bed,fMuscle_leg-DS19115.hg19.hotspot.twopass.fdr0.05.merge.bed,hyperloglog,B,21,NA,8,40,0.3616623878479004,1.0
fSkin_fibro_bicep_R-DS19745.hg19.hotspot.twopass.fdr0.05.merge.bed,fMuscle_leg-DS19158.hg19.hotspot.twopass.fdr0.05.merge.bed,hyperloglog,B,21,NA,8,40,0.3289923667907715,1.0
fSkin_fibro_bicep_R-DS19745.hg19.hotspot.twopass.fdr0.05.merge.bed,fSkin_fibro_bicep_R-DS19745.hg19.hotspot.twopass.fdr0.05.merge.bed,hyperloglog,B,21,NA,8,40,1.0,1.0
fSkin_fibro_bicep_R-DS19745.hg19.hotspot.twopass.fdr0.05.merge.bed,fStomach-DS17659.hg19.hotspot.twopass.fdr0.05.merge.bed,hyperloglog,B,21,NA,8,40,0.3832664489746094,1.0
fStomach-DS17659.hg19.hotspot.twopass.fdr0.05.merge.bed,fBrain-DS14718.hotspot.twopass.fdr0.05.merge.bed,hyperloglog,B,21,NA,8,40,0.39667224884033203,1.0
fStomach-DS17659.hg19.hotspot.twopass.fdr0.05.merge.bed,fBrain-DS16302.hotspot.twopass.fdr0.05.merge.bed,hyperloglog,B,21,NA,8,40,0.359189510345459,1.0
fStomach-DS17659.hg19.hotspot.twopass.fdr0.05.merge.bed,fHeart-DS15643.hotspot.twopass.fdr0.05.merge.bed,hyperloglog,B,21,NA,8,40,0.4348411560058594,1.0
fStomach-DS17659.hg19.hotspot.twopass.fdr0.05.merge.bed,fHeart-DS15839.hotspot.twopass.fdr0.05.merge.bed,hyperloglog,B,21,NA,8,40,0.3897061347961426,1.0
fStomach-DS17659.hg19.hotspot.twopass.fdr0.05.merge.bed,fHeart-DS16621.hotspot.twopass.fdr0.05.merge.bed,hyperloglog,B,21,NA,8,40,0.40006113052368164,1.0
fStomach-DS17659.hg19.hotspot.twopass.fdr0.05.merge.bed,fIntestine_Sm-DS16559.hotspot.twopass.fdr0.05.merge.bed,hyperloglog,B,21,NA,8,40,0.47451257705688477,1.0
fStomach-DS17659.hg19.hotspot.twopass.fdr0.05.merge.bed,fIntestine_Sm-DS16712.hg19.hotspot.twopass.fdr0.05.merge.bed,hyperloglog,B,21,NA,8,40,0.48299503326416016,1.0
fStomach-DS17659.hg19.hotspot.twopass.fdr0.05.merge.bed,fIntestine_Sm-DS16822.hotspot.twopass.fdr0.05.merge.bed,hyperloglog,B,21,NA,8,40,0.4862027168273926,1.0
fStomach-DS17659.hg19.hotspot.twopass.fdr0.05.merge.bed,fIntestine_Sm-DS17808.hg19.hotspot.twopass.fdr0.05.merge.bed,hyperloglog,B,21,NA,8,40,0.492063045501709,1.0
fStomach-DS17659.hg19.hotspot.twopass.fdr0.05.merge.bed,fIntestine_Sm-DS18495.hg19.hotspot.twopass.fdr0.05.merge.bed,hyperloglog,B,21,NA,8,40,0.4748263359069824,1.0
fStomach-DS17659.hg19.hotspot.twopass.fdr0.05.merge.bed,fKidney_renal_cortex_L-DS17550.hg19.hotspot.twopass.fdr0.05.merge.bed,hyperloglog,B,21,NA,8,40,0.44225072860717773,1.0
fStomach-DS17659.hg19.hotspot.twopass.fdr0.05.merge.bed,fLung_L-DS17154.hg19.hotspot.twopass.fdr0.05.merge.bed,hyperloglog,B,21,NA,8,40,0.44901514053344727,1.0
fStomach-DS17659.hg19.hotspot.twopass.fdr0.05.merge.bed,fLung_L-DS18421.hg19.hotspot.twopass.fdr0.05.merge.bed,hyperloglog,B,21,NA,8,40,0.47663116455078125,1.0
fStomach-DS17659.hg19.hotspot.twopass.fdr0.05.merge.bed,fLung_R-DS15632.hotspot.twopass.fdr0.05.merge.bed,hyperloglog,B,21,NA,8,40,0.4875059127807617,1.0
fStomach-DS17659.hg19.hotspot.twopass.fdr0.05.merge.bed,fMuscle_arm-DS19053.hg19.hotspot.twopass.fdr0.05.merge.bed,hyperloglog,B,21,NA,8,40,0.4562520980834961,1.0
fStomach-DS17659.hg19.hotspot.twopass.fdr0.05.merge.bed,fMuscle_back-DS18454.hg19.hotspot.twopass.fdr0.05.merge.bed,hyperloglog,B,21,NA,8,40,0.45955562591552734,1.0
fStomach-DS17659.hg19.hotspot.twopass.fdr0.05.merge.bed,fMuscle_leg-DS19115.hg19.hotspot.twopass.fdr0.05.merge.bed,hyperloglog,B,21,NA,8,40,0.46341562271118164,1.0
fStomach-DS17659.hg19.hotspot.twopass.fdr0.05.merge.bed,fMuscle_leg-DS19158.hg19.hotspot.twopass.fdr0.05.merge.bed,hyperloglog,B,21,NA,8,40,0.4180908203125,1.0
fStomach-DS17659.hg19.hotspot.twopass.fdr0.05.merge.bed,fSkin_fibro_bicep_R-DS19745.hg19.hotspot.twopass.fdr0.05.merge.bed,hyperloglog,B,21,NA,8,40,0.3832664489746094,1.0
fStomach-DS17659.hg19.hotspot.twopass.fdr0.05.merge.bed,fStomach-DS17659.hg19.hotspot.twopass.fdr0.05.merge.bed,hyperloglog,B,21,NA,8,40,1.0,1.0
